split,path,class_name,label
train,dataset\Hyperspectral_normal_images\Hyperspectral_kidney_normal_4755.jpg,Normal,0
train,dataset\Hyperspectral_tumor_images\Hyperspectral_kidney_tumor_0589.jpg,Tumor,1
train,dataset\Hyperspectral_normal_images\Hyperspectral_kidney_normal_2066.jpg,Normal,0
train,dataset\Hyperspectral_normal_images\Hyperspectral_kidney_normal_0909.jpg,Normal,0
train,dataset\Hyperspectral_tumor_images\Hyperspectral_kidney_tumor_3055.jpg,Tumor,1
train,dataset\Hyperspectral_tumor_images\Hyperspectral_kidney_tumor_0051.jpg,Tumor,1
train,dataset\Hyperspectral_tumor_images\Hyperspectral_kidney_tumor_2982.jpg,Tumor,1
train,dataset\Hyperspectral_tumor_images\Hyperspectral_kidney_tumor_3432.jpg,Tumor,1
train,dataset\Hyperspectral_tumor_images\Hyperspectral_kidney_tumor_1192.jpg,Tumor,1
train,dataset\Hyperspectral_normal_images\Hyperspectral_kidney_normal_1639.jpg,Normal,0
train,dataset\Hyperspectral_normal_images\Hyperspectral_kidney_normal_2010.jpg,Normal,0
train,dataset\Hyperspectral_normal_images\Hyperspectral_kidney_normal_0401.jpg,Normal,0
train,dataset\Hyperspectral_normal_images\Hyperspectral_kidney_normal_2630.jpg,Normal,0
train,dataset\Hyperspectral_tumor_images\Hyperspectral_kidney_tumor_0577.jpg,Tumor,1
train,dataset\Hyperspectral_normal_images\Hyperspectral_kidney_normal_3514.jpg,Normal,0
train,dataset\Hyperspectral_tumor_images\Hyperspectral_kidney_tumor_1644.jpg,Tumor,1
train,dataset\Hyperspectral_normal_images\Hyperspectral_kidney_normal_2219.jpg,Normal,0
train,dataset\Hyperspectral_tumor_images\Hyperspectral_kidney_tumor_3666.jpg,Tumor,1
train,dataset\Hyperspectral_normal_images\Hyperspectral_kidney_normal_0810.jpg,Normal,0
train,dataset\Hyperspectral_tumor_images\Hyperspectral_kidney_tumor_4196.jpg,Tumor,1
train,dataset\Hyperspectral_tumor_images\Hyperspectral_kidney_tumor_0473.jpg,Tumor,1
train,dataset\Hyperspectral_tumor_images\Hyperspectral_kidney_tumor_2732.jpg,Tumor,1
train,dataset\Hyperspectral_tumor_images\Hyperspectral_kidney_tumor_0315.jpg,Tumor,1
train,dataset\Hyperspectral_normal_images\Hyperspectral_kidney_normal_4787.jpg,Normal,0
train,dataset\Hyperspectral_tumor_images\Hyperspectral_kidney_tumor_0802.jpg,Tumor,1
train,dataset\Hyperspectral_tumor_images\Hyperspectral_kidney_tumor_4059.jpg,Tumor,1
train,dataset\Hyperspectral_tumor_images\Hyperspectral_kidney_tumor_4409.jpg,Tumor,1
train,dataset\Hyperspectral_normal_images\Hyperspectral_kidney_normal_1898.jpg,Normal,0
train,dataset\Hyperspectral_tumor_images\Hyperspectral_kidney_tumor_0611.jpg,Tumor,1
train,dataset\Hyperspectral_normal_images\Hyperspectral_kidney_normal_0547.jpg,Normal,0
train,dataset\Hyperspectral_tumor_images\Hyperspectral_kidney_tumor_4587.jpg,Tumor,1
train,dataset\Hyperspectral_tumor_images\Hyperspectral_kidney_tumor_1573.jpg,Tumor,1
train,dataset\Hyperspectral_tumor_images\Hyperspectral_kidney_tumor_4789.jpg,Tumor,1
train,dataset\Hyperspectral_tumor_images\Hyperspectral_kidney_tumor_0370.jpg,Tumor,1
train,dataset\Hyperspectral_normal_images\Hyperspectral_kidney_normal_1569.jpg,Normal,0
train,dataset\Hyperspectral_tumor_images\Hyperspectral_kidney_tumor_4898.jpg,Tumor,1
train,dataset\Hyperspectral_tumor_images\Hyperspectral_kidney_tumor_4719.jpg,Tumor,1
train,dataset\Hyperspectral_tumor_images\Hyperspectral_kidney_tumor_3387.jpg,Tumor,1
train,dataset\Hyperspectral_normal_images\Hyperspectral_kidney_normal_4849.jpg,Normal,0
train,dataset\Hyperspectral_normal_images\Hyperspectral_kidney_normal_2443.jpg,Normal,0
train,dataset\Hyperspectral_tumor_images\Hyperspectral_kidney_tumor_3886.jpg,Tumor,1
train,dataset\Hyperspectral_tumor_images\Hyperspectral_kidney_tumor_4617.jpg,Tumor,1
train,dataset\Hyperspectral_tumor_images\Hyperspectral_kidney_tumor_4138.jpg,Tumor,1
train,dataset\Hyperspectral_tumor_images\Hyperspectral_kidney_tumor_1712.jpg,Tumor,1
train,dataset\Hyperspectral_normal_images\Hyperspectral_kidney_normal_3318.jpg,Normal,0
train,dataset\Hyperspectral_tumor_images\Hyperspectral_kidney_tumor_0378.jpg,Tumor,1
train,dataset\Hyperspectral_normal_images\Hyperspectral_kidney_normal_3541.jpg,Normal,0
train,dataset\Hyperspectral_normal_images\Hyperspectral_kidney_normal_0530.jpg,Normal,0
train,dataset\Hyperspectral_tumor_images\Hyperspectral_kidney_tumor_0851.jpg,Tumor,1
train,dataset\Hyperspectral_normal_images\Hyperspectral_kidney_normal_1636.jpg,Normal,0
train,dataset\Hyperspectral_tumor_images\Hyperspectral_kidney_tumor_4492.jpg,Tumor,1
train,dataset\Hyperspectral_tumor_images\Hyperspectral_kidney_tumor_0115.jpg,Tumor,1
train,dataset\Hyperspectral_tumor_images\Hyperspectral_kidney_tumor_1909.jpg,Tumor,1
train,dataset\Hyperspectral_tumor_images\Hyperspectral_kidney_tumor_0769.jpg,Tumor,1
train,dataset\Hyperspectral_normal_images\Hyperspectral_kidney_normal_0405.jpg,Normal,0
train,dataset\Hyperspectral_normal_images\Hyperspectral_kidney_normal_4297.jpg,Normal,0
train,dataset\Hyperspectral_normal_images\Hyperspectral_kidney_normal_4292.jpg,Normal,0
train,dataset\Hyperspectral_tumor_images\Hyperspectral_kidney_tumor_4386.jpg,Tumor,1
train,dataset\Hyperspectral_tumor_images\Hyperspectral_kidney_tumor_0414.jpg,Tumor,1
train,dataset\Hyperspectral_tumor_images\Hyperspectral_kidney_tumor_0008.jpg,Tumor,1
train,dataset\Hyperspectral_tumor_images\Hyperspectral_kidney_tumor_1188.jpg,Tumor,1
train,dataset\Hyperspectral_normal_images\Hyperspectral_kidney_normal_4086.jpg,Normal,0
train,dataset\Hyperspectral_normal_images\Hyperspectral_kidney_normal_3034.jpg,Normal,0
train,dataset\Hyperspectral_normal_images\Hyperspectral_kidney_normal_4695.jpg,Normal,0
train,dataset\Hyperspectral_normal_images\Hyperspectral_kidney_normal_2120.jpg,Normal,0
train,dataset\Hyperspectral_normal_images\Hyperspectral_kidney_normal_0252.jpg,Normal,0
train,dataset\Hyperspectral_tumor_images\Hyperspectral_kidney_tumor_2521.jpg,Tumor,1
train,dataset\Hyperspectral_normal_images\Hyperspectral_kidney_normal_4885.jpg,Normal,0
train,dataset\Hyperspectral_tumor_images\Hyperspectral_kidney_tumor_3770.jpg,Tumor,1
train,dataset\Hyperspectral_normal_images\Hyperspectral_kidney_normal_0062.jpg,Normal,0
train,dataset\Hyperspectral_normal_images\Hyperspectral_kidney_normal_4062.jpg,Normal,0
train,dataset\Hyperspectral_tumor_images\Hyperspectral_kidney_tumor_2790.jpg,Tumor,1
train,dataset\Hyperspectral_normal_images\Hyperspectral_kidney_normal_4672.jpg,Normal,0
train,dataset\Hyperspectral_normal_images\Hyperspectral_kidney_normal_3994.jpg,Normal,0
train,dataset\Hyperspectral_normal_images\Hyperspectral_kidney_normal_4088.jpg,Normal,0
train,dataset\Hyperspectral_tumor_images\Hyperspectral_kidney_tumor_1106.jpg,Tumor,1
train,dataset\Hyperspectral_tumor_images\Hyperspectral_kidney_tumor_0558.jpg,Tumor,1
train,dataset\Hyperspectral_tumor_images\Hyperspectral_kidney_tumor_0197.jpg,Tumor,1
train,dataset\Hyperspectral_normal_images\Hyperspectral_kidney_normal_2621.jpg,Normal,0
train,dataset\Hyperspectral_normal_images\Hyperspectral_kidney_normal_0650.jpg,Normal,0
train,dataset\Hyperspectral_normal_images\Hyperspectral_kidney_normal_3061.jpg,Normal,0
train,dataset\Hyperspectral_tumor_images\Hyperspectral_kidney_tumor_2080.jpg,Tumor,1
train,dataset\Hyperspectral_normal_images\Hyperspectral_kidney_normal_2955.jpg,Normal,0
train,dataset\Hyperspectral_tumor_images\Hyperspectral_kidney_tumor_3897.jpg,Tumor,1
train,dataset\Hyperspectral_tumor_images\Hyperspectral_kidney_tumor_2850.jpg,Tumor,1
train,dataset\Hyperspectral_tumor_images\Hyperspectral_kidney_tumor_1846.jpg,Tumor,1
train,dataset\Hyperspectral_tumor_images\Hyperspectral_kidney_tumor_0300.jpg,Tumor,1
train,dataset\Hyperspectral_normal_images\Hyperspectral_kidney_normal_2885.jpg,Normal,0
train,dataset\Hyperspectral_tumor_images\Hyperspectral_kidney_tumor_4045.jpg,Tumor,1
train,dataset\Hyperspectral_normal_images\Hyperspectral_kidney_normal_2684.jpg,Normal,0
train,dataset\Hyperspectral_tumor_images\Hyperspectral_kidney_tumor_4775.jpg,Tumor,1
train,dataset\Hyperspectral_normal_images\Hyperspectral_kidney_normal_4895.jpg,Normal,0
train,dataset\Hyperspectral_normal_images\Hyperspectral_kidney_normal_2083.jpg,Normal,0
train,dataset\Hyperspectral_tumor_images\Hyperspectral_kidney_tumor_1246.jpg,Tumor,1
train,dataset\Hyperspectral_normal_images\Hyperspectral_kidney_normal_4749.jpg,Normal,0
train,dataset\Hyperspectral_tumor_images\Hyperspectral_kidney_tumor_3159.jpg,Tumor,1
train,dataset\Hyperspectral_tumor_images\Hyperspectral_kidney_tumor_0070.jpg,Tumor,1
train,dataset\Hyperspectral_tumor_images\Hyperspectral_kidney_tumor_1134.jpg,Tumor,1
train,dataset\Hyperspectral_normal_images\Hyperspectral_kidney_normal_2369.jpg,Normal,0
train,dataset\Hyperspectral_normal_images\Hyperspectral_kidney_normal_3863.jpg,Normal,0
train,dataset\Hyperspectral_tumor_images\Hyperspectral_kidney_tumor_1571.jpg,Tumor,1
train,dataset\Hyperspectral_normal_images\Hyperspectral_kidney_normal_0130.jpg,Normal,0
train,dataset\Hyperspectral_normal_images\Hyperspectral_kidney_normal_4606.jpg,Normal,0
train,dataset\Hyperspectral_normal_images\Hyperspectral_kidney_normal_2233.jpg,Normal,0
train,dataset\Hyperspectral_tumor_images\Hyperspectral_kidney_tumor_0663.jpg,Tumor,1
train,dataset\Hyperspectral_tumor_images\Hyperspectral_kidney_tumor_1948.jpg,Tumor,1
train,dataset\Hyperspectral_tumor_images\Hyperspectral_kidney_tumor_0353.jpg,Tumor,1
train,dataset\Hyperspectral_tumor_images\Hyperspectral_kidney_tumor_3972.jpg,Tumor,1
train,dataset\Hyperspectral_tumor_images\Hyperspectral_kidney_tumor_1233.jpg,Tumor,1
train,dataset\Hyperspectral_tumor_images\Hyperspectral_kidney_tumor_2196.jpg,Tumor,1
train,dataset\Hyperspectral_normal_images\Hyperspectral_kidney_normal_2235.jpg,Normal,0
train,dataset\Hyperspectral_tumor_images\Hyperspectral_kidney_tumor_0396.jpg,Tumor,1
train,dataset\Hyperspectral_normal_images\Hyperspectral_kidney_normal_1393.jpg,Normal,0
train,dataset\Hyperspectral_tumor_images\Hyperspectral_kidney_tumor_3021.jpg,Tumor,1
train,dataset\Hyperspectral_normal_images\Hyperspectral_kidney_normal_3800.jpg,Normal,0
train,dataset\Hyperspectral_tumor_images\Hyperspectral_kidney_tumor_3499.jpg,Tumor,1
train,dataset\Hyperspectral_normal_images\Hyperspectral_kidney_normal_1268.jpg,Normal,0
train,dataset\Hyperspectral_normal_images\Hyperspectral_kidney_normal_1482.jpg,Normal,0
train,dataset\Hyperspectral_normal_images\Hyperspectral_kidney_normal_2109.jpg,Normal,0
train,dataset\Hyperspectral_normal_images\Hyperspectral_kidney_normal_3098.jpg,Normal,0
train,dataset\Hyperspectral_normal_images\Hyperspectral_kidney_normal_4830.jpg,Normal,0
train,dataset\Hyperspectral_normal_images\Hyperspectral_kidney_normal_0904.jpg,Normal,0
train,dataset\Hyperspectral_normal_images\Hyperspectral_kidney_normal_4938.jpg,Normal,0
train,dataset\Hyperspectral_tumor_images\Hyperspectral_kidney_tumor_4329.jpg,Tumor,1
train,dataset\Hyperspectral_normal_images\Hyperspectral_kidney_normal_0741.jpg,Normal,0
train,dataset\Hyperspectral_normal_images\Hyperspectral_kidney_normal_2157.jpg,Normal,0
train,dataset\Hyperspectral_tumor_images\Hyperspectral_kidney_tumor_0830.jpg,Tumor,1
train,dataset\Hyperspectral_tumor_images\Hyperspectral_kidney_tumor_3735.jpg,Tumor,1
train,dataset\Hyperspectral_normal_images\Hyperspectral_kidney_normal_4359.jpg,Normal,0
train,dataset\Hyperspectral_tumor_images\Hyperspectral_kidney_tumor_2797.jpg,Tumor,1
train,dataset\Hyperspectral_normal_images\Hyperspectral_kidney_normal_1309.jpg,Normal,0
train,dataset\Hyperspectral_normal_images\Hyperspectral_kidney_normal_0729.jpg,Normal,0
train,dataset\Hyperspectral_normal_images\Hyperspectral_kidney_normal_4575.jpg,Normal,0
train,dataset\Hyperspectral_tumor_images\Hyperspectral_kidney_tumor_4306.jpg,Tumor,1
train,dataset\Hyperspectral_normal_images\Hyperspectral_kidney_normal_2537.jpg,Normal,0
train,dataset\Hyperspectral_tumor_images\Hyperspectral_kidney_tumor_4800.jpg,Tumor,1
train,dataset\Hyperspectral_normal_images\Hyperspectral_kidney_normal_1958.jpg,Normal,0
train,dataset\Hyperspectral_tumor_images\Hyperspectral_kidney_tumor_4495.jpg,Tumor,1
train,dataset\Hyperspectral_normal_images\Hyperspectral_kidney_normal_0676.jpg,Normal,0
train,dataset\Hyperspectral_normal_images\Hyperspectral_kidney_normal_4449.jpg,Normal,0
train,dataset\Hyperspectral_normal_images\Hyperspectral_kidney_normal_3818.jpg,Normal,0
train,dataset\Hyperspectral_tumor_images\Hyperspectral_kidney_tumor_0209.jpg,Tumor,1
train,dataset\Hyperspectral_normal_images\Hyperspectral_kidney_normal_4455.jpg,Normal,0
train,dataset\Hyperspectral_normal_images\Hyperspectral_kidney_normal_1713.jpg,Normal,0
train,dataset\Hyperspectral_tumor_images\Hyperspectral_kidney_tumor_4870.jpg,Tumor,1
train,dataset\Hyperspectral_normal_images\Hyperspectral_kidney_normal_3654.jpg,Normal,0
train,dataset\Hyperspectral_tumor_images\Hyperspectral_kidney_tumor_2768.jpg,Tumor,1
train,dataset\Hyperspectral_tumor_images\Hyperspectral_kidney_tumor_0707.jpg,Tumor,1
train,dataset\Hyperspectral_normal_images\Hyperspectral_kidney_normal_2211.jpg,Normal,0
train,dataset\Hyperspectral_tumor_images\Hyperspectral_kidney_tumor_2920.jpg,Tumor,1
train,dataset\Hyperspectral_tumor_images\Hyperspectral_kidney_tumor_2693.jpg,Tumor,1
train,dataset\Hyperspectral_normal_images\Hyperspectral_kidney_normal_4075.jpg,Normal,0
train,dataset\Hyperspectral_normal_images\Hyperspectral_kidney_normal_2379.jpg,Normal,0
train,dataset\Hyperspectral_tumor_images\Hyperspectral_kidney_tumor_3797.jpg,Tumor,1
train,dataset\Hyperspectral_normal_images\Hyperspectral_kidney_normal_4354.jpg,Normal,0
train,dataset\Hyperspectral_normal_images\Hyperspectral_kidney_normal_4270.jpg,Normal,0
train,dataset\Hyperspectral_tumor_images\Hyperspectral_kidney_tumor_4303.jpg,Tumor,1
train,dataset\Hyperspectral_normal_images\Hyperspectral_kidney_normal_3542.jpg,Normal,0
train,dataset\Hyperspectral_normal_images\Hyperspectral_kidney_normal_1297.jpg,Normal,0
train,dataset\Hyperspectral_tumor_images\Hyperspectral_kidney_tumor_4016.jpg,Tumor,1
train,dataset\Hyperspectral_normal_images\Hyperspectral_kidney_normal_1881.jpg,Normal,0
train,dataset\Hyperspectral_tumor_images\Hyperspectral_kidney_tumor_1900.jpg,Tumor,1
train,dataset\Hyperspectral_tumor_images\Hyperspectral_kidney_tumor_0403.jpg,Tumor,1
train,dataset\Hyperspectral_tumor_images\Hyperspectral_kidney_tumor_0612.jpg,Tumor,1
train,dataset\Hyperspectral_tumor_images\Hyperspectral_kidney_tumor_1007.jpg,Tumor,1
train,dataset\Hyperspectral_tumor_images\Hyperspectral_kidney_tumor_2642.jpg,Tumor,1
train,dataset\Hyperspectral_normal_images\Hyperspectral_kidney_normal_0191.jpg,Normal,0
train,dataset\Hyperspectral_tumor_images\Hyperspectral_kidney_tumor_3440.jpg,Tumor,1
train,dataset\Hyperspectral_tumor_images\Hyperspectral_kidney_tumor_3129.jpg,Tumor,1
train,dataset\Hyperspectral_normal_images\Hyperspectral_kidney_normal_4961.jpg,Normal,0
train,dataset\Hyperspectral_tumor_images\Hyperspectral_kidney_tumor_0588.jpg,Tumor,1
train,dataset\Hyperspectral_tumor_images\Hyperspectral_kidney_tumor_3526.jpg,Tumor,1
train,dataset\Hyperspectral_normal_images\Hyperspectral_kidney_normal_1732.jpg,Normal,0
train,dataset\Hyperspectral_tumor_images\Hyperspectral_kidney_tumor_3018.jpg,Tumor,1
train,dataset\Hyperspectral_normal_images\Hyperspectral_kidney_normal_3724.jpg,Normal,0
train,dataset\Hyperspectral_tumor_images\Hyperspectral_kidney_tumor_1894.jpg,Tumor,1
train,dataset\Hyperspectral_normal_images\Hyperspectral_kidney_normal_3668.jpg,Normal,0
train,dataset\Hyperspectral_normal_images\Hyperspectral_kidney_normal_3643.jpg,Normal,0
train,dataset\Hyperspectral_normal_images\Hyperspectral_kidney_normal_0852.jpg,Normal,0
train,dataset\Hyperspectral_tumor_images\Hyperspectral_kidney_tumor_1362.jpg,Tumor,1
train,dataset\Hyperspectral_normal_images\Hyperspectral_kidney_normal_4435.jpg,Normal,0
train,dataset\Hyperspectral_normal_images\Hyperspectral_kidney_normal_4822.jpg,Normal,0
train,dataset\Hyperspectral_normal_images\Hyperspectral_kidney_normal_1405.jpg,Normal,0
train,dataset\Hyperspectral_tumor_images\Hyperspectral_kidney_tumor_0839.jpg,Tumor,1
train,dataset\Hyperspectral_tumor_images\Hyperspectral_kidney_tumor_4374.jpg,Tumor,1
train,dataset\Hyperspectral_tumor_images\Hyperspectral_kidney_tumor_3460.jpg,Tumor,1
train,dataset\Hyperspectral_normal_images\Hyperspectral_kidney_normal_1091.jpg,Normal,0
train,dataset\Hyperspectral_normal_images\Hyperspectral_kidney_normal_0767.jpg,Normal,0
train,dataset\Hyperspectral_tumor_images\Hyperspectral_kidney_tumor_1591.jpg,Tumor,1
train,dataset\Hyperspectral_normal_images\Hyperspectral_kidney_normal_2661.jpg,Normal,0
train,dataset\Hyperspectral_tumor_images\Hyperspectral_kidney_tumor_3596.jpg,Tumor,1
train,dataset\Hyperspectral_tumor_images\Hyperspectral_kidney_tumor_2831.jpg,Tumor,1
train,dataset\Hyperspectral_tumor_images\Hyperspectral_kidney_tumor_0037.jpg,Tumor,1
train,dataset\Hyperspectral_normal_images\Hyperspectral_kidney_normal_2639.jpg,Normal,0
train,dataset\Hyperspectral_normal_images\Hyperspectral_kidney_normal_1129.jpg,Normal,0
train,dataset\Hyperspectral_normal_images\Hyperspectral_kidney_normal_0134.jpg,Normal,0
train,dataset\Hyperspectral_normal_images\Hyperspectral_kidney_normal_0961.jpg,Normal,0
train,dataset\Hyperspectral_tumor_images\Hyperspectral_kidney_tumor_3674.jpg,Tumor,1
train,dataset\Hyperspectral_normal_images\Hyperspectral_kidney_normal_4231.jpg,Normal,0
train,dataset\Hyperspectral_tumor_images\Hyperspectral_kidney_tumor_0262.jpg,Tumor,1
train,dataset\Hyperspectral_tumor_images\Hyperspectral_kidney_tumor_1760.jpg,Tumor,1
train,dataset\Hyperspectral_normal_images\Hyperspectral_kidney_normal_0762.jpg,Normal,0
train,dataset\Hyperspectral_normal_images\Hyperspectral_kidney_normal_2485.jpg,Normal,0
train,dataset\Hyperspectral_tumor_images\Hyperspectral_kidney_tumor_4145.jpg,Tumor,1
train,dataset\Hyperspectral_normal_images\Hyperspectral_kidney_normal_1158.jpg,Normal,0
train,dataset\Hyperspectral_normal_images\Hyperspectral_kidney_normal_3229.jpg,Normal,0
train,dataset\Hyperspectral_normal_images\Hyperspectral_kidney_normal_2221.jpg,Normal,0
train,dataset\Hyperspectral_tumor_images\Hyperspectral_kidney_tumor_2398.jpg,Tumor,1
train,dataset\Hyperspectral_normal_images\Hyperspectral_kidney_normal_2328.jpg,Normal,0
train,dataset\Hyperspectral_tumor_images\Hyperspectral_kidney_tumor_3940.jpg,Tumor,1
train,dataset\Hyperspectral_tumor_images\Hyperspectral_kidney_tumor_4344.jpg,Tumor,1
train,dataset\Hyperspectral_tumor_images\Hyperspectral_kidney_tumor_4055.jpg,Tumor,1
train,dataset\Hyperspectral_tumor_images\Hyperspectral_kidney_tumor_4524.jpg,Tumor,1
train,dataset\Hyperspectral_tumor_images\Hyperspectral_kidney_tumor_1904.jpg,Tumor,1
train,dataset\Hyperspectral_normal_images\Hyperspectral_kidney_normal_4272.jpg,Normal,0
train,dataset\Hyperspectral_tumor_images\Hyperspectral_kidney_tumor_2522.jpg,Tumor,1
train,dataset\Hyperspectral_tumor_images\Hyperspectral_kidney_tumor_3738.jpg,Tumor,1
train,dataset\Hyperspectral_tumor_images\Hyperspectral_kidney_tumor_3786.jpg,Tumor,1
train,dataset\Hyperspectral_tumor_images\Hyperspectral_kidney_tumor_1739.jpg,Tumor,1
train,dataset\Hyperspectral_tumor_images\Hyperspectral_kidney_tumor_1856.jpg,Tumor,1
train,dataset\Hyperspectral_normal_images\Hyperspectral_kidney_normal_0832.jpg,Normal,0
train,dataset\Hyperspectral_normal_images\Hyperspectral_kidney_normal_0048.jpg,Normal,0
train,dataset\Hyperspectral_normal_images\Hyperspectral_kidney_normal_1830.jpg,Normal,0
train,dataset\Hyperspectral_tumor_images\Hyperspectral_kidney_tumor_1936.jpg,Tumor,1
train,dataset\Hyperspectral_tumor_images\Hyperspectral_kidney_tumor_1906.jpg,Tumor,1
train,dataset\Hyperspectral_tumor_images\Hyperspectral_kidney_tumor_2565.jpg,Tumor,1
train,dataset\Hyperspectral_normal_images\Hyperspectral_kidney_normal_3545.jpg,Normal,0
train,dataset\Hyperspectral_normal_images\Hyperspectral_kidney_normal_2519.jpg,Normal,0
train,dataset\Hyperspectral_normal_images\Hyperspectral_kidney_normal_1550.jpg,Normal,0
train,dataset\Hyperspectral_normal_images\Hyperspectral_kidney_normal_0532.jpg,Normal,0
train,dataset\Hyperspectral_normal_images\Hyperspectral_kidney_normal_4580.jpg,Normal,0
train,dataset\Hyperspectral_normal_images\Hyperspectral_kidney_normal_0712.jpg,Normal,0
train,dataset\Hyperspectral_normal_images\Hyperspectral_kidney_normal_0996.jpg,Normal,0
train,dataset\Hyperspectral_normal_images\Hyperspectral_kidney_normal_1276.jpg,Normal,0
train,dataset\Hyperspectral_tumor_images\Hyperspectral_kidney_tumor_1773.jpg,Tumor,1
train,dataset\Hyperspectral_tumor_images\Hyperspectral_kidney_tumor_0510.jpg,Tumor,1
train,dataset\Hyperspectral_tumor_images\Hyperspectral_kidney_tumor_0204.jpg,Tumor,1
train,dataset\Hyperspectral_normal_images\Hyperspectral_kidney_normal_3292.jpg,Normal,0
train,dataset\Hyperspectral_normal_images\Hyperspectral_kidney_normal_4751.jpg,Normal,0
train,dataset\Hyperspectral_normal_images\Hyperspectral_kidney_normal_3857.jpg,Normal,0
train,dataset\Hyperspectral_normal_images\Hyperspectral_kidney_normal_2253.jpg,Normal,0
train,dataset\Hyperspectral_tumor_images\Hyperspectral_kidney_tumor_3806.jpg,Tumor,1
train,dataset\Hyperspectral_normal_images\Hyperspectral_kidney_normal_4488.jpg,Normal,0
train,dataset\Hyperspectral_normal_images\Hyperspectral_kidney_normal_2685.jpg,Normal,0
train,dataset\Hyperspectral_tumor_images\Hyperspectral_kidney_tumor_4699.jpg,Tumor,1
train,dataset\Hyperspectral_tumor_images\Hyperspectral_kidney_tumor_0569.jpg,Tumor,1
train,dataset\Hyperspectral_normal_images\Hyperspectral_kidney_normal_1448.jpg,Normal,0
train,dataset\Hyperspectral_tumor_images\Hyperspectral_kidney_tumor_3115.jpg,Tumor,1
train,dataset\Hyperspectral_tumor_images\Hyperspectral_kidney_tumor_2549.jpg,Tumor,1
train,dataset\Hyperspectral_tumor_images\Hyperspectral_kidney_tumor_4143.jpg,Tumor,1
train,dataset\Hyperspectral_normal_images\Hyperspectral_kidney_normal_2900.jpg,Normal,0
train,dataset\Hyperspectral_tumor_images\Hyperspectral_kidney_tumor_4494.jpg,Tumor,1
train,dataset\Hyperspectral_normal_images\Hyperspectral_kidney_normal_2397.jpg,Normal,0
train,dataset\Hyperspectral_normal_images\Hyperspectral_kidney_normal_2548.jpg,Normal,0
train,dataset\Hyperspectral_normal_images\Hyperspectral_kidney_normal_1839.jpg,Normal,0
train,dataset\Hyperspectral_tumor_images\Hyperspectral_kidney_tumor_0307.jpg,Tumor,1
train,dataset\Hyperspectral_tumor_images\Hyperspectral_kidney_tumor_3075.jpg,Tumor,1
train,dataset\Hyperspectral_normal_images\Hyperspectral_kidney_normal_1172.jpg,Normal,0
train,dataset\Hyperspectral_tumor_images\Hyperspectral_kidney_tumor_4529.jpg,Tumor,1
train,dataset\Hyperspectral_tumor_images\Hyperspectral_kidney_tumor_4147.jpg,Tumor,1
train,dataset\Hyperspectral_tumor_images\Hyperspectral_kidney_tumor_3091.jpg,Tumor,1
train,dataset\Hyperspectral_normal_images\Hyperspectral_kidney_normal_3015.jpg,Normal,0
train,dataset\Hyperspectral_normal_images\Hyperspectral_kidney_normal_1477.jpg,Normal,0
train,dataset\Hyperspectral_tumor_images\Hyperspectral_kidney_tumor_0531.jpg,Tumor,1
train,dataset\Hyperspectral_normal_images\Hyperspectral_kidney_normal_2063.jpg,Normal,0
train,dataset\Hyperspectral_tumor_images\Hyperspectral_kidney_tumor_4528.jpg,Tumor,1
train,dataset\Hyperspectral_tumor_images\Hyperspectral_kidney_tumor_2421.jpg,Tumor,1
train,dataset\Hyperspectral_normal_images\Hyperspectral_kidney_normal_3858.jpg,Normal,0
train,dataset\Hyperspectral_tumor_images\Hyperspectral_kidney_tumor_2052.jpg,Tumor,1
train,dataset\Hyperspectral_tumor_images\Hyperspectral_kidney_tumor_2650.jpg,Tumor,1
train,dataset\Hyperspectral_normal_images\Hyperspectral_kidney_normal_3306.jpg,Normal,0
train,dataset\Hyperspectral_normal_images\Hyperspectral_kidney_normal_4220.jpg,Normal,0
train,dataset\Hyperspectral_tumor_images\Hyperspectral_kidney_tumor_4490.jpg,Tumor,1
train,dataset\Hyperspectral_normal_images\Hyperspectral_kidney_normal_0243.jpg,Normal,0
train,dataset\Hyperspectral_normal_images\Hyperspectral_kidney_normal_1651.jpg,Normal,0
train,dataset\Hyperspectral_normal_images\Hyperspectral_kidney_normal_2310.jpg,Normal,0
train,dataset\Hyperspectral_normal_images\Hyperspectral_kidney_normal_1538.jpg,Normal,0
train,dataset\Hyperspectral_tumor_images\Hyperspectral_kidney_tumor_2530.jpg,Tumor,1
train,dataset\Hyperspectral_tumor_images\Hyperspectral_kidney_tumor_4131.jpg,Tumor,1
train,dataset\Hyperspectral_normal_images\Hyperspectral_kidney_normal_4493.jpg,Normal,0
train,dataset\Hyperspectral_normal_images\Hyperspectral_kidney_normal_2595.jpg,Normal,0
train,dataset\Hyperspectral_normal_images\Hyperspectral_kidney_normal_2784.jpg,Normal,0
train,dataset\Hyperspectral_tumor_images\Hyperspectral_kidney_tumor_3703.jpg,Tumor,1
train,dataset\Hyperspectral_tumor_images\Hyperspectral_kidney_tumor_1344.jpg,Tumor,1
train,dataset\Hyperspectral_normal_images\Hyperspectral_kidney_normal_3099.jpg,Normal,0
train,dataset\Hyperspectral_normal_images\Hyperspectral_kidney_normal_2878.jpg,Normal,0
train,dataset\Hyperspectral_normal_images\Hyperspectral_kidney_normal_2807.jpg,Normal,0
train,dataset\Hyperspectral_normal_images\Hyperspectral_kidney_normal_2268.jpg,Normal,0
train,dataset\Hyperspectral_tumor_images\Hyperspectral_kidney_tumor_4362.jpg,Tumor,1
train,dataset\Hyperspectral_tumor_images\Hyperspectral_kidney_tumor_2833.jpg,Tumor,1
train,dataset\Hyperspectral_normal_images\Hyperspectral_kidney_normal_4149.jpg,Normal,0
train,dataset\Hyperspectral_tumor_images\Hyperspectral_kidney_tumor_0082.jpg,Tumor,1
train,dataset\Hyperspectral_tumor_images\Hyperspectral_kidney_tumor_3851.jpg,Tumor,1
train,dataset\Hyperspectral_normal_images\Hyperspectral_kidney_normal_0906.jpg,Normal,0
train,dataset\Hyperspectral_normal_images\Hyperspectral_kidney_normal_2528.jpg,Normal,0
train,dataset\Hyperspectral_tumor_images\Hyperspectral_kidney_tumor_3017.jpg,Tumor,1
train,dataset\Hyperspectral_tumor_images\Hyperspectral_kidney_tumor_4566.jpg,Tumor,1
train,dataset\Hyperspectral_normal_images\Hyperspectral_kidney_normal_3870.jpg,Normal,0
train,dataset\Hyperspectral_normal_images\Hyperspectral_kidney_normal_0140.jpg,Normal,0
train,dataset\Hyperspectral_normal_images\Hyperspectral_kidney_normal_2545.jpg,Normal,0
train,dataset\Hyperspectral_normal_images\Hyperspectral_kidney_normal_4371.jpg,Normal,0
train,dataset\Hyperspectral_tumor_images\Hyperspectral_kidney_tumor_3134.jpg,Tumor,1
train,dataset\Hyperspectral_tumor_images\Hyperspectral_kidney_tumor_3630.jpg,Tumor,1
train,dataset\Hyperspectral_normal_images\Hyperspectral_kidney_normal_4085.jpg,Normal,0
train,dataset\Hyperspectral_normal_images\Hyperspectral_kidney_normal_2736.jpg,Normal,0
train,dataset\Hyperspectral_tumor_images\Hyperspectral_kidney_tumor_4750.jpg,Tumor,1
train,dataset\Hyperspectral_tumor_images\Hyperspectral_kidney_tumor_3639.jpg,Tumor,1
train,dataset\Hyperspectral_tumor_images\Hyperspectral_kidney_tumor_3096.jpg,Tumor,1
train,dataset\Hyperspectral_tumor_images\Hyperspectral_kidney_tumor_3812.jpg,Tumor,1
train,dataset\Hyperspectral_normal_images\Hyperspectral_kidney_normal_4642.jpg,Normal,0
train,dataset\Hyperspectral_tumor_images\Hyperspectral_kidney_tumor_4230.jpg,Tumor,1
train,dataset\Hyperspectral_normal_images\Hyperspectral_kidney_normal_4712.jpg,Normal,0
train,dataset\Hyperspectral_tumor_images\Hyperspectral_kidney_tumor_2571.jpg,Tumor,1
train,dataset\Hyperspectral_normal_images\Hyperspectral_kidney_normal_1542.jpg,Normal,0
train,dataset\Hyperspectral_tumor_images\Hyperspectral_kidney_tumor_3276.jpg,Tumor,1
train,dataset\Hyperspectral_normal_images\Hyperspectral_kidney_normal_0413.jpg,Normal,0
train,dataset\Hyperspectral_tumor_images\Hyperspectral_kidney_tumor_2070.jpg,Tumor,1
train,dataset\Hyperspectral_normal_images\Hyperspectral_kidney_normal_4091.jpg,Normal,0
train,dataset\Hyperspectral_tumor_images\Hyperspectral_kidney_tumor_1058.jpg,Tumor,1
train,dataset\Hyperspectral_tumor_images\Hyperspectral_kidney_tumor_4428.jpg,Tumor,1
train,dataset\Hyperspectral_tumor_images\Hyperspectral_kidney_tumor_2087.jpg,Tumor,1
train,dataset\Hyperspectral_tumor_images\Hyperspectral_kidney_tumor_2423.jpg,Tumor,1
train,dataset\Hyperspectral_normal_images\Hyperspectral_kidney_normal_0700.jpg,Normal,0
train,dataset\Hyperspectral_tumor_images\Hyperspectral_kidney_tumor_1057.jpg,Tumor,1
train,dataset\Hyperspectral_tumor_images\Hyperspectral_kidney_tumor_0527.jpg,Tumor,1
train,dataset\Hyperspectral_tumor_images\Hyperspectral_kidney_tumor_0144.jpg,Tumor,1
train,dataset\Hyperspectral_normal_images\Hyperspectral_kidney_normal_4017.jpg,Normal,0
train,dataset\Hyperspectral_tumor_images\Hyperspectral_kidney_tumor_2077.jpg,Tumor,1
train,dataset\Hyperspectral_tumor_images\Hyperspectral_kidney_tumor_1449.jpg,Tumor,1
train,dataset\Hyperspectral_normal_images\Hyperspectral_kidney_normal_0708.jpg,Normal,0
train,dataset\Hyperspectral_tumor_images\Hyperspectral_kidney_tumor_2531.jpg,Tumor,1
train,dataset\Hyperspectral_normal_images\Hyperspectral_kidney_normal_2149.jpg,Normal,0
train,dataset\Hyperspectral_tumor_images\Hyperspectral_kidney_tumor_1756.jpg,Tumor,1
train,dataset\Hyperspectral_tumor_images\Hyperspectral_kidney_tumor_3518.jpg,Tumor,1
train,dataset\Hyperspectral_tumor_images\Hyperspectral_kidney_tumor_4195.jpg,Tumor,1
train,dataset\Hyperspectral_tumor_images\Hyperspectral_kidney_tumor_3623.jpg,Tumor,1
train,dataset\Hyperspectral_tumor_images\Hyperspectral_kidney_tumor_0560.jpg,Tumor,1
train,dataset\Hyperspectral_tumor_images\Hyperspectral_kidney_tumor_1272.jpg,Tumor,1
train,dataset\Hyperspectral_tumor_images\Hyperspectral_kidney_tumor_3709.jpg,Tumor,1
train,dataset\Hyperspectral_normal_images\Hyperspectral_kidney_normal_1828.jpg,Normal,0
train,dataset\Hyperspectral_normal_images\Hyperspectral_kidney_normal_4423.jpg,Normal,0
train,dataset\Hyperspectral_tumor_images\Hyperspectral_kidney_tumor_2780.jpg,Tumor,1
train,dataset\Hyperspectral_normal_images\Hyperspectral_kidney_normal_3602.jpg,Normal,0
train,dataset\Hyperspectral_normal_images\Hyperspectral_kidney_normal_4076.jpg,Normal,0
train,dataset\Hyperspectral_tumor_images\Hyperspectral_kidney_tumor_2925.jpg,Tumor,1
train,dataset\Hyperspectral_tumor_images\Hyperspectral_kidney_tumor_2150.jpg,Tumor,1
train,dataset\Hyperspectral_normal_images\Hyperspectral_kidney_normal_1398.jpg,Normal,0
train,dataset\Hyperspectral_tumor_images\Hyperspectral_kidney_tumor_0109.jpg,Tumor,1
train,dataset\Hyperspectral_normal_images\Hyperspectral_kidney_normal_0887.jpg,Normal,0
train,dataset\Hyperspectral_tumor_images\Hyperspectral_kidney_tumor_1933.jpg,Tumor,1
train,dataset\Hyperspectral_normal_images\Hyperspectral_kidney_normal_0297.jpg,Normal,0
train,dataset\Hyperspectral_tumor_images\Hyperspectral_kidney_tumor_4421.jpg,Tumor,1
train,dataset\Hyperspectral_tumor_images\Hyperspectral_kidney_tumor_1390.jpg,Tumor,1
train,dataset\Hyperspectral_normal_images\Hyperspectral_kidney_normal_1110.jpg,Normal,0
train,dataset\Hyperspectral_tumor_images\Hyperspectral_kidney_tumor_0188.jpg,Tumor,1
train,dataset\Hyperspectral_normal_images\Hyperspectral_kidney_normal_1365.jpg,Normal,0
train,dataset\Hyperspectral_normal_images\Hyperspectral_kidney_normal_2237.jpg,Normal,0
train,dataset\Hyperspectral_tumor_images\Hyperspectral_kidney_tumor_4506.jpg,Tumor,1
train,dataset\Hyperspectral_tumor_images\Hyperspectral_kidney_tumor_2395.jpg,Tumor,1
train,dataset\Hyperspectral_tumor_images\Hyperspectral_kidney_tumor_1394.jpg,Tumor,1
train,dataset\Hyperspectral_normal_images\Hyperspectral_kidney_normal_3913.jpg,Normal,0
train,dataset\Hyperspectral_normal_images\Hyperspectral_kidney_normal_3921.jpg,Normal,0
train,dataset\Hyperspectral_tumor_images\Hyperspectral_kidney_tumor_1777.jpg,Tumor,1
train,dataset\Hyperspectral_tumor_images\Hyperspectral_kidney_tumor_0505.jpg,Tumor,1
train,dataset\Hyperspectral_normal_images\Hyperspectral_kidney_normal_1610.jpg,Normal,0
train,dataset\Hyperspectral_normal_images\Hyperspectral_kidney_normal_2947.jpg,Normal,0
train,dataset\Hyperspectral_normal_images\Hyperspectral_kidney_normal_1481.jpg,Normal,0
train,dataset\Hyperspectral_normal_images\Hyperspectral_kidney_normal_3997.jpg,Normal,0
train,dataset\Hyperspectral_normal_images\Hyperspectral_kidney_normal_1057.jpg,Normal,0
train,dataset\Hyperspectral_tumor_images\Hyperspectral_kidney_tumor_0148.jpg,Tumor,1
train,dataset\Hyperspectral_tumor_images\Hyperspectral_kidney_tumor_3885.jpg,Tumor,1
train,dataset\Hyperspectral_tumor_images\Hyperspectral_kidney_tumor_2500.jpg,Tumor,1
train,dataset\Hyperspectral_normal_images\Hyperspectral_kidney_normal_0924.jpg,Normal,0
train,dataset\Hyperspectral_normal_images\Hyperspectral_kidney_normal_0799.jpg,Normal,0
train,dataset\Hyperspectral_tumor_images\Hyperspectral_kidney_tumor_3160.jpg,Tumor,1
train,dataset\Hyperspectral_normal_images\Hyperspectral_kidney_normal_4495.jpg,Normal,0
train,dataset\Hyperspectral_normal_images\Hyperspectral_kidney_normal_4727.jpg,Normal,0
train,dataset\Hyperspectral_normal_images\Hyperspectral_kidney_normal_3625.jpg,Normal,0
train,dataset\Hyperspectral_tumor_images\Hyperspectral_kidney_tumor_1203.jpg,Tumor,1
train,dataset\Hyperspectral_tumor_images\Hyperspectral_kidney_tumor_0988.jpg,Tumor,1
train,dataset\Hyperspectral_tumor_images\Hyperspectral_kidney_tumor_0616.jpg,Tumor,1
train,dataset\Hyperspectral_tumor_images\Hyperspectral_kidney_tumor_4907.jpg,Tumor,1
train,dataset\Hyperspectral_normal_images\Hyperspectral_kidney_normal_2142.jpg,Normal,0
train,dataset\Hyperspectral_tumor_images\Hyperspectral_kidney_tumor_1825.jpg,Tumor,1
train,dataset\Hyperspectral_normal_images\Hyperspectral_kidney_normal_3282.jpg,Normal,0
train,dataset\Hyperspectral_normal_images\Hyperspectral_kidney_normal_0769.jpg,Normal,0
train,dataset\Hyperspectral_normal_images\Hyperspectral_kidney_normal_1257.jpg,Normal,0
train,dataset\Hyperspectral_tumor_images\Hyperspectral_kidney_tumor_2819.jpg,Tumor,1
train,dataset\Hyperspectral_tumor_images\Hyperspectral_kidney_tumor_2547.jpg,Tumor,1
train,dataset\Hyperspectral_tumor_images\Hyperspectral_kidney_tumor_1912.jpg,Tumor,1
train,dataset\Hyperspectral_tumor_images\Hyperspectral_kidney_tumor_3349.jpg,Tumor,1
train,dataset\Hyperspectral_tumor_images\Hyperspectral_kidney_tumor_1781.jpg,Tumor,1
train,dataset\Hyperspectral_normal_images\Hyperspectral_kidney_normal_0074.jpg,Normal,0
train,dataset\Hyperspectral_normal_images\Hyperspectral_kidney_normal_0734.jpg,Normal,0
train,dataset\Hyperspectral_tumor_images\Hyperspectral_kidney_tumor_1252.jpg,Tumor,1
train,dataset\Hyperspectral_normal_images\Hyperspectral_kidney_normal_3040.jpg,Normal,0
train,dataset\Hyperspectral_normal_images\Hyperspectral_kidney_normal_1912.jpg,Normal,0
train,dataset\Hyperspectral_tumor_images\Hyperspectral_kidney_tumor_2810.jpg,Tumor,1
train,dataset\Hyperspectral_normal_images\Hyperspectral_kidney_normal_3592.jpg,Normal,0
train,dataset\Hyperspectral_tumor_images\Hyperspectral_kidney_tumor_3612.jpg,Tumor,1
train,dataset\Hyperspectral_tumor_images\Hyperspectral_kidney_tumor_4858.jpg,Tumor,1
train,dataset\Hyperspectral_normal_images\Hyperspectral_kidney_normal_3509.jpg,Normal,0
train,dataset\Hyperspectral_tumor_images\Hyperspectral_kidney_tumor_4150.jpg,Tumor,1
train,dataset\Hyperspectral_normal_images\Hyperspectral_kidney_normal_4054.jpg,Normal,0
train,dataset\Hyperspectral_normal_images\Hyperspectral_kidney_normal_3119.jpg,Normal,0
train,dataset\Hyperspectral_tumor_images\Hyperspectral_kidney_tumor_1556.jpg,Tumor,1
train,dataset\Hyperspectral_normal_images\Hyperspectral_kidney_normal_2978.jpg,Normal,0
train,dataset\Hyperspectral_normal_images\Hyperspectral_kidney_normal_4546.jpg,Normal,0
train,dataset\Hyperspectral_tumor_images\Hyperspectral_kidney_tumor_1405.jpg,Tumor,1
train,dataset\Hyperspectral_normal_images\Hyperspectral_kidney_normal_4078.jpg,Normal,0
train,dataset\Hyperspectral_tumor_images\Hyperspectral_kidney_tumor_1453.jpg,Tumor,1
train,dataset\Hyperspectral_normal_images\Hyperspectral_kidney_normal_0037.jpg,Normal,0
train,dataset\Hyperspectral_tumor_images\Hyperspectral_kidney_tumor_4461.jpg,Tumor,1
train,dataset\Hyperspectral_normal_images\Hyperspectral_kidney_normal_0285.jpg,Normal,0
train,dataset\Hyperspectral_tumor_images\Hyperspectral_kidney_tumor_0205.jpg,Tumor,1
train,dataset\Hyperspectral_normal_images\Hyperspectral_kidney_normal_1492.jpg,Normal,0
train,dataset\Hyperspectral_normal_images\Hyperspectral_kidney_normal_4569.jpg,Normal,0
train,dataset\Hyperspectral_tumor_images\Hyperspectral_kidney_tumor_0911.jpg,Tumor,1
train,dataset\Hyperspectral_tumor_images\Hyperspectral_kidney_tumor_3934.jpg,Tumor,1
train,dataset\Hyperspectral_tumor_images\Hyperspectral_kidney_tumor_3211.jpg,Tumor,1
train,dataset\Hyperspectral_normal_images\Hyperspectral_kidney_normal_1890.jpg,Normal,0
train,dataset\Hyperspectral_normal_images\Hyperspectral_kidney_normal_1152.jpg,Normal,0
train,dataset\Hyperspectral_tumor_images\Hyperspectral_kidney_tumor_4282.jpg,Tumor,1
train,dataset\Hyperspectral_normal_images\Hyperspectral_kidney_normal_4592.jpg,Normal,0
train,dataset\Hyperspectral_normal_images\Hyperspectral_kidney_normal_3923.jpg,Normal,0
train,dataset\Hyperspectral_tumor_images\Hyperspectral_kidney_tumor_1365.jpg,Tumor,1
train,dataset\Hyperspectral_tumor_images\Hyperspectral_kidney_tumor_4910.jpg,Tumor,1
train,dataset\Hyperspectral_tumor_images\Hyperspectral_kidney_tumor_0973.jpg,Tumor,1
train,dataset\Hyperspectral_normal_images\Hyperspectral_kidney_normal_3993.jpg,Normal,0
train,dataset\Hyperspectral_tumor_images\Hyperspectral_kidney_tumor_4965.jpg,Tumor,1
train,dataset\Hyperspectral_tumor_images\Hyperspectral_kidney_tumor_1411.jpg,Tumor,1
train,dataset\Hyperspectral_tumor_images\Hyperspectral_kidney_tumor_4156.jpg,Tumor,1
train,dataset\Hyperspectral_tumor_images\Hyperspectral_kidney_tumor_3561.jpg,Tumor,1
train,dataset\Hyperspectral_normal_images\Hyperspectral_kidney_normal_4372.jpg,Normal,0
train,dataset\Hyperspectral_tumor_images\Hyperspectral_kidney_tumor_1761.jpg,Tumor,1
train,dataset\Hyperspectral_normal_images\Hyperspectral_kidney_normal_3315.jpg,Normal,0
train,dataset\Hyperspectral_normal_images\Hyperspectral_kidney_normal_3254.jpg,Normal,0
train,dataset\Hyperspectral_tumor_images\Hyperspectral_kidney_tumor_1994.jpg,Tumor,1
train,dataset\Hyperspectral_tumor_images\Hyperspectral_kidney_tumor_2125.jpg,Tumor,1
train,dataset\Hyperspectral_normal_images\Hyperspectral_kidney_normal_0923.jpg,Normal,0
train,dataset\Hyperspectral_normal_images\Hyperspectral_kidney_normal_2290.jpg,Normal,0
train,dataset\Hyperspectral_tumor_images\Hyperspectral_kidney_tumor_0389.jpg,Tumor,1
train,dataset\Hyperspectral_tumor_images\Hyperspectral_kidney_tumor_1446.jpg,Tumor,1
train,dataset\Hyperspectral_normal_images\Hyperspectral_kidney_normal_0677.jpg,Normal,0
train,dataset\Hyperspectral_tumor_images\Hyperspectral_kidney_tumor_3128.jpg,Tumor,1
train,dataset\Hyperspectral_normal_images\Hyperspectral_kidney_normal_1782.jpg,Normal,0
train,dataset\Hyperspectral_tumor_images\Hyperspectral_kidney_tumor_0895.jpg,Tumor,1
train,dataset\Hyperspectral_tumor_images\Hyperspectral_kidney_tumor_3730.jpg,Tumor,1
train,dataset\Hyperspectral_tumor_images\Hyperspectral_kidney_tumor_4570.jpg,Tumor,1
train,dataset\Hyperspectral_tumor_images\Hyperspectral_kidney_tumor_1550.jpg,Tumor,1
train,dataset\Hyperspectral_normal_images\Hyperspectral_kidney_normal_0079.jpg,Normal,0
train,dataset\Hyperspectral_normal_images\Hyperspectral_kidney_normal_0689.jpg,Normal,0
train,dataset\Hyperspectral_tumor_images\Hyperspectral_kidney_tumor_4708.jpg,Tumor,1
train,dataset\Hyperspectral_normal_images\Hyperspectral_kidney_normal_1571.jpg,Normal,0
train,dataset\Hyperspectral_normal_images\Hyperspectral_kidney_normal_2794.jpg,Normal,0
train,dataset\Hyperspectral_tumor_images\Hyperspectral_kidney_tumor_1146.jpg,Tumor,1
train,dataset\Hyperspectral_tumor_images\Hyperspectral_kidney_tumor_2214.jpg,Tumor,1
train,dataset\Hyperspectral_tumor_images\Hyperspectral_kidney_tumor_0138.jpg,Tumor,1
train,dataset\Hyperspectral_tumor_images\Hyperspectral_kidney_tumor_1954.jpg,Tumor,1
train,dataset\Hyperspectral_tumor_images\Hyperspectral_kidney_tumor_0443.jpg,Tumor,1
train,dataset\Hyperspectral_tumor_images\Hyperspectral_kidney_tumor_0933.jpg,Tumor,1
train,dataset\Hyperspectral_normal_images\Hyperspectral_kidney_normal_3891.jpg,Normal,0
train,dataset\Hyperspectral_tumor_images\Hyperspectral_kidney_tumor_4808.jpg,Tumor,1
train,dataset\Hyperspectral_normal_images\Hyperspectral_kidney_normal_3831.jpg,Normal,0
train,dataset\Hyperspectral_tumor_images\Hyperspectral_kidney_tumor_1839.jpg,Tumor,1
train,dataset\Hyperspectral_normal_images\Hyperspectral_kidney_normal_2224.jpg,Normal,0
train,dataset\Hyperspectral_tumor_images\Hyperspectral_kidney_tumor_1441.jpg,Tumor,1
train,dataset\Hyperspectral_tumor_images\Hyperspectral_kidney_tumor_2295.jpg,Tumor,1
train,dataset\Hyperspectral_normal_images\Hyperspectral_kidney_normal_4375.jpg,Normal,0
train,dataset\Hyperspectral_normal_images\Hyperspectral_kidney_normal_3043.jpg,Normal,0
train,dataset\Hyperspectral_tumor_images\Hyperspectral_kidney_tumor_0484.jpg,Tumor,1
train,dataset\Hyperspectral_tumor_images\Hyperspectral_kidney_tumor_3798.jpg,Tumor,1
train,dataset\Hyperspectral_normal_images\Hyperspectral_kidney_normal_0403.jpg,Normal,0
train,dataset\Hyperspectral_normal_images\Hyperspectral_kidney_normal_3244.jpg,Normal,0
train,dataset\Hyperspectral_normal_images\Hyperspectral_kidney_normal_3528.jpg,Normal,0
train,dataset\Hyperspectral_tumor_images\Hyperspectral_kidney_tumor_4487.jpg,Tumor,1
train,dataset\Hyperspectral_normal_images\Hyperspectral_kidney_normal_3579.jpg,Normal,0
train,dataset\Hyperspectral_normal_images\Hyperspectral_kidney_normal_0321.jpg,Normal,0
train,dataset\Hyperspectral_normal_images\Hyperspectral_kidney_normal_1608.jpg,Normal,0
train,dataset\Hyperspectral_normal_images\Hyperspectral_kidney_normal_1600.jpg,Normal,0
train,dataset\Hyperspectral_tumor_images\Hyperspectral_kidney_tumor_4440.jpg,Tumor,1
train,dataset\Hyperspectral_normal_images\Hyperspectral_kidney_normal_3615.jpg,Normal,0
train,dataset\Hyperspectral_normal_images\Hyperspectral_kidney_normal_4901.jpg,Normal,0
train,dataset\Hyperspectral_normal_images\Hyperspectral_kidney_normal_1821.jpg,Normal,0
train,dataset\Hyperspectral_normal_images\Hyperspectral_kidney_normal_2093.jpg,Normal,0
train,dataset\Hyperspectral_tumor_images\Hyperspectral_kidney_tumor_2634.jpg,Tumor,1
train,dataset\Hyperspectral_tumor_images\Hyperspectral_kidney_tumor_3549.jpg,Tumor,1
train,dataset\Hyperspectral_tumor_images\Hyperspectral_kidney_tumor_4393.jpg,Tumor,1
train,dataset\Hyperspectral_tumor_images\Hyperspectral_kidney_tumor_2282.jpg,Tumor,1
train,dataset\Hyperspectral_tumor_images\Hyperspectral_kidney_tumor_2163.jpg,Tumor,1
train,dataset\Hyperspectral_tumor_images\Hyperspectral_kidney_tumor_3279.jpg,Tumor,1
train,dataset\Hyperspectral_normal_images\Hyperspectral_kidney_normal_2286.jpg,Normal,0
train,dataset\Hyperspectral_normal_images\Hyperspectral_kidney_normal_2573.jpg,Normal,0
train,dataset\Hyperspectral_normal_images\Hyperspectral_kidney_normal_1894.jpg,Normal,0
train,dataset\Hyperspectral_tumor_images\Hyperspectral_kidney_tumor_1935.jpg,Tumor,1
train,dataset\Hyperspectral_tumor_images\Hyperspectral_kidney_tumor_3999.jpg,Tumor,1
train,dataset\Hyperspectral_tumor_images\Hyperspectral_kidney_tumor_0827.jpg,Tumor,1
train,dataset\Hyperspectral_tumor_images\Hyperspectral_kidney_tumor_2641.jpg,Tumor,1
train,dataset\Hyperspectral_normal_images\Hyperspectral_kidney_normal_2346.jpg,Normal,0
train,dataset\Hyperspectral_tumor_images\Hyperspectral_kidney_tumor_4607.jpg,Tumor,1
train,dataset\Hyperspectral_tumor_images\Hyperspectral_kidney_tumor_1901.jpg,Tumor,1
train,dataset\Hyperspectral_normal_images\Hyperspectral_kidney_normal_2611.jpg,Normal,0
train,dataset\Hyperspectral_normal_images\Hyperspectral_kidney_normal_4110.jpg,Normal,0
train,dataset\Hyperspectral_normal_images\Hyperspectral_kidney_normal_0878.jpg,Normal,0
train,dataset\Hyperspectral_normal_images\Hyperspectral_kidney_normal_4282.jpg,Normal,0
train,dataset\Hyperspectral_tumor_images\Hyperspectral_kidney_tumor_0539.jpg,Tumor,1
train,dataset\Hyperspectral_tumor_images\Hyperspectral_kidney_tumor_4628.jpg,Tumor,1
train,dataset\Hyperspectral_normal_images\Hyperspectral_kidney_normal_4859.jpg,Normal,0
train,dataset\Hyperspectral_normal_images\Hyperspectral_kidney_normal_1042.jpg,Normal,0
train,dataset\Hyperspectral_tumor_images\Hyperspectral_kidney_tumor_3834.jpg,Tumor,1
train,dataset\Hyperspectral_normal_images\Hyperspectral_kidney_normal_1862.jpg,Normal,0
train,dataset\Hyperspectral_tumor_images\Hyperspectral_kidney_tumor_0308.jpg,Tumor,1
train,dataset\Hyperspectral_tumor_images\Hyperspectral_kidney_tumor_4107.jpg,Tumor,1
train,dataset\Hyperspectral_normal_images\Hyperspectral_kidney_normal_4363.jpg,Normal,0
train,dataset\Hyperspectral_normal_images\Hyperspectral_kidney_normal_4344.jpg,Normal,0
train,dataset\Hyperspectral_tumor_images\Hyperspectral_kidney_tumor_4725.jpg,Tumor,1
train,dataset\Hyperspectral_tumor_images\Hyperspectral_kidney_tumor_4063.jpg,Tumor,1
train,dataset\Hyperspectral_normal_images\Hyperspectral_kidney_normal_3017.jpg,Normal,0
train,dataset\Hyperspectral_tumor_images\Hyperspectral_kidney_tumor_4739.jpg,Tumor,1
train,dataset\Hyperspectral_normal_images\Hyperspectral_kidney_normal_4281.jpg,Normal,0
train,dataset\Hyperspectral_normal_images\Hyperspectral_kidney_normal_1306.jpg,Normal,0
train,dataset\Hyperspectral_normal_images\Hyperspectral_kidney_normal_3984.jpg,Normal,0
train,dataset\Hyperspectral_tumor_images\Hyperspectral_kidney_tumor_1458.jpg,Tumor,1
train,dataset\Hyperspectral_normal_images\Hyperspectral_kidney_normal_1355.jpg,Normal,0
train,dataset\Hyperspectral_normal_images\Hyperspectral_kidney_normal_2305.jpg,Normal,0
train,dataset\Hyperspectral_tumor_images\Hyperspectral_kidney_tumor_4396.jpg,Tumor,1
train,dataset\Hyperspectral_tumor_images\Hyperspectral_kidney_tumor_2575.jpg,Tumor,1
train,dataset\Hyperspectral_normal_images\Hyperspectral_kidney_normal_1730.jpg,Normal,0
train,dataset\Hyperspectral_normal_images\Hyperspectral_kidney_normal_3256.jpg,Normal,0
train,dataset\Hyperspectral_normal_images\Hyperspectral_kidney_normal_2844.jpg,Normal,0
train,dataset\Hyperspectral_normal_images\Hyperspectral_kidney_normal_2529.jpg,Normal,0
train,dataset\Hyperspectral_tumor_images\Hyperspectral_kidney_tumor_4967.jpg,Tumor,1
train,dataset\Hyperspectral_tumor_images\Hyperspectral_kidney_tumor_4912.jpg,Tumor,1
train,dataset\Hyperspectral_normal_images\Hyperspectral_kidney_normal_2938.jpg,Normal,0
train,dataset\Hyperspectral_tumor_images\Hyperspectral_kidney_tumor_4493.jpg,Tumor,1
train,dataset\Hyperspectral_tumor_images\Hyperspectral_kidney_tumor_3755.jpg,Tumor,1
train,dataset\Hyperspectral_tumor_images\Hyperspectral_kidney_tumor_0718.jpg,Tumor,1
train,dataset\Hyperspectral_tumor_images\Hyperspectral_kidney_tumor_1925.jpg,Tumor,1
train,dataset\Hyperspectral_normal_images\Hyperspectral_kidney_normal_2599.jpg,Normal,0
train,dataset\Hyperspectral_normal_images\Hyperspectral_kidney_normal_3881.jpg,Normal,0
train,dataset\Hyperspectral_normal_images\Hyperspectral_kidney_normal_4571.jpg,Normal,0
train,dataset\Hyperspectral_normal_images\Hyperspectral_kidney_normal_3741.jpg,Normal,0
train,dataset\Hyperspectral_normal_images\Hyperspectral_kidney_normal_2672.jpg,Normal,0
train,dataset\Hyperspectral_tumor_images\Hyperspectral_kidney_tumor_2543.jpg,Tumor,1
train,dataset\Hyperspectral_tumor_images\Hyperspectral_kidney_tumor_0282.jpg,Tumor,1
train,dataset\Hyperspectral_normal_images\Hyperspectral_kidney_normal_1541.jpg,Normal,0
train,dataset\Hyperspectral_normal_images\Hyperspectral_kidney_normal_4814.jpg,Normal,0
train,dataset\Hyperspectral_tumor_images\Hyperspectral_kidney_tumor_1283.jpg,Tumor,1
train,dataset\Hyperspectral_tumor_images\Hyperspectral_kidney_tumor_0228.jpg,Tumor,1
train,dataset\Hyperspectral_normal_images\Hyperspectral_kidney_normal_0833.jpg,Normal,0
train,dataset\Hyperspectral_tumor_images\Hyperspectral_kidney_tumor_3817.jpg,Tumor,1
train,dataset\Hyperspectral_normal_images\Hyperspectral_kidney_normal_4327.jpg,Normal,0
train,dataset\Hyperspectral_normal_images\Hyperspectral_kidney_normal_0942.jpg,Normal,0
train,dataset\Hyperspectral_tumor_images\Hyperspectral_kidney_tumor_3598.jpg,Tumor,1
train,dataset\Hyperspectral_tumor_images\Hyperspectral_kidney_tumor_0704.jpg,Tumor,1
train,dataset\Hyperspectral_normal_images\Hyperspectral_kidney_normal_4222.jpg,Normal,0
train,dataset\Hyperspectral_tumor_images\Hyperspectral_kidney_tumor_1961.jpg,Tumor,1
train,dataset\Hyperspectral_tumor_images\Hyperspectral_kidney_tumor_4263.jpg,Tumor,1
train,dataset\Hyperspectral_normal_images\Hyperspectral_kidney_normal_1340.jpg,Normal,0
train,dataset\Hyperspectral_tumor_images\Hyperspectral_kidney_tumor_4908.jpg,Tumor,1
train,dataset\Hyperspectral_tumor_images\Hyperspectral_kidney_tumor_0688.jpg,Tumor,1
train,dataset\Hyperspectral_tumor_images\Hyperspectral_kidney_tumor_2107.jpg,Tumor,1
train,dataset\Hyperspectral_normal_images\Hyperspectral_kidney_normal_4698.jpg,Normal,0
train,dataset\Hyperspectral_normal_images\Hyperspectral_kidney_normal_3082.jpg,Normal,0
train,dataset\Hyperspectral_tumor_images\Hyperspectral_kidney_tumor_4856.jpg,Tumor,1
train,dataset\Hyperspectral_tumor_images\Hyperspectral_kidney_tumor_1772.jpg,Tumor,1
train,dataset\Hyperspectral_tumor_images\Hyperspectral_kidney_tumor_3970.jpg,Tumor,1
train,dataset\Hyperspectral_tumor_images\Hyperspectral_kidney_tumor_0633.jpg,Tumor,1
train,dataset\Hyperspectral_normal_images\Hyperspectral_kidney_normal_3218.jpg,Normal,0
train,dataset\Hyperspectral_normal_images\Hyperspectral_kidney_normal_3334.jpg,Normal,0
train,dataset\Hyperspectral_tumor_images\Hyperspectral_kidney_tumor_2628.jpg,Tumor,1
train,dataset\Hyperspectral_normal_images\Hyperspectral_kidney_normal_3736.jpg,Normal,0
train,dataset\Hyperspectral_normal_images\Hyperspectral_kidney_normal_4597.jpg,Normal,0
train,dataset\Hyperspectral_normal_images\Hyperspectral_kidney_normal_1496.jpg,Normal,0
train,dataset\Hyperspectral_tumor_images\Hyperspectral_kidney_tumor_1423.jpg,Tumor,1
train,dataset\Hyperspectral_tumor_images\Hyperspectral_kidney_tumor_3979.jpg,Tumor,1
train,dataset\Hyperspectral_normal_images\Hyperspectral_kidney_normal_4304.jpg,Normal,0
train,dataset\Hyperspectral_normal_images\Hyperspectral_kidney_normal_4894.jpg,Normal,0
train,dataset\Hyperspectral_normal_images\Hyperspectral_kidney_normal_4068.jpg,Normal,0
train,dataset\Hyperspectral_normal_images\Hyperspectral_kidney_normal_4030.jpg,Normal,0
train,dataset\Hyperspectral_normal_images\Hyperspectral_kidney_normal_2769.jpg,Normal,0
train,dataset\Hyperspectral_normal_images\Hyperspectral_kidney_normal_3301.jpg,Normal,0
train,dataset\Hyperspectral_tumor_images\Hyperspectral_kidney_tumor_1028.jpg,Tumor,1
train,dataset\Hyperspectral_tumor_images\Hyperspectral_kidney_tumor_0325.jpg,Tumor,1
train,dataset\Hyperspectral_tumor_images\Hyperspectral_kidney_tumor_4094.jpg,Tumor,1
train,dataset\Hyperspectral_tumor_images\Hyperspectral_kidney_tumor_3996.jpg,Tumor,1
train,dataset\Hyperspectral_tumor_images\Hyperspectral_kidney_tumor_2762.jpg,Tumor,1
train,dataset\Hyperspectral_tumor_images\Hyperspectral_kidney_tumor_0524.jpg,Tumor,1
train,dataset\Hyperspectral_normal_images\Hyperspectral_kidney_normal_4572.jpg,Normal,0
train,dataset\Hyperspectral_normal_images\Hyperspectral_kidney_normal_0359.jpg,Normal,0
train,dataset\Hyperspectral_tumor_images\Hyperspectral_kidney_tumor_2136.jpg,Tumor,1
train,dataset\Hyperspectral_normal_images\Hyperspectral_kidney_normal_0345.jpg,Normal,0
train,dataset\Hyperspectral_normal_images\Hyperspectral_kidney_normal_4153.jpg,Normal,0
train,dataset\Hyperspectral_tumor_images\Hyperspectral_kidney_tumor_2039.jpg,Tumor,1
train,dataset\Hyperspectral_tumor_images\Hyperspectral_kidney_tumor_1862.jpg,Tumor,1
train,dataset\Hyperspectral_tumor_images\Hyperspectral_kidney_tumor_3903.jpg,Tumor,1
train,dataset\Hyperspectral_tumor_images\Hyperspectral_kidney_tumor_1178.jpg,Tumor,1
train,dataset\Hyperspectral_normal_images\Hyperspectral_kidney_normal_0460.jpg,Normal,0
train,dataset\Hyperspectral_tumor_images\Hyperspectral_kidney_tumor_3530.jpg,Tumor,1
train,dataset\Hyperspectral_tumor_images\Hyperspectral_kidney_tumor_2473.jpg,Tumor,1
train,dataset\Hyperspectral_tumor_images\Hyperspectral_kidney_tumor_3667.jpg,Tumor,1
train,dataset\Hyperspectral_normal_images\Hyperspectral_kidney_normal_2088.jpg,Normal,0
train,dataset\Hyperspectral_tumor_images\Hyperspectral_kidney_tumor_0452.jpg,Tumor,1
train,dataset\Hyperspectral_tumor_images\Hyperspectral_kidney_tumor_1942.jpg,Tumor,1
train,dataset\Hyperspectral_tumor_images\Hyperspectral_kidney_tumor_2528.jpg,Tumor,1
train,dataset\Hyperspectral_normal_images\Hyperspectral_kidney_normal_4081.jpg,Normal,0
train,dataset\Hyperspectral_normal_images\Hyperspectral_kidney_normal_2983.jpg,Normal,0
train,dataset\Hyperspectral_tumor_images\Hyperspectral_kidney_tumor_4876.jpg,Tumor,1
train,dataset\Hyperspectral_normal_images\Hyperspectral_kidney_normal_4639.jpg,Normal,0
train,dataset\Hyperspectral_normal_images\Hyperspectral_kidney_normal_4802.jpg,Normal,0
train,dataset\Hyperspectral_tumor_images\Hyperspectral_kidney_tumor_4121.jpg,Tumor,1
train,dataset\Hyperspectral_tumor_images\Hyperspectral_kidney_tumor_4468.jpg,Tumor,1
train,dataset\Hyperspectral_tumor_images\Hyperspectral_kidney_tumor_2602.jpg,Tumor,1
train,dataset\Hyperspectral_tumor_images\Hyperspectral_kidney_tumor_2488.jpg,Tumor,1
train,dataset\Hyperspectral_normal_images\Hyperspectral_kidney_normal_1312.jpg,Normal,0
train,dataset\Hyperspectral_normal_images\Hyperspectral_kidney_normal_4898.jpg,Normal,0
train,dataset\Hyperspectral_normal_images\Hyperspectral_kidney_normal_1108.jpg,Normal,0
train,dataset\Hyperspectral_tumor_images\Hyperspectral_kidney_tumor_3402.jpg,Tumor,1
train,dataset\Hyperspectral_normal_images\Hyperspectral_kidney_normal_1228.jpg,Normal,0
train,dataset\Hyperspectral_tumor_images\Hyperspectral_kidney_tumor_1380.jpg,Tumor,1
train,dataset\Hyperspectral_tumor_images\Hyperspectral_kidney_tumor_1236.jpg,Tumor,1
train,dataset\Hyperspectral_normal_images\Hyperspectral_kidney_normal_3341.jpg,Normal,0
train,dataset\Hyperspectral_normal_images\Hyperspectral_kidney_normal_1611.jpg,Normal,0
train,dataset\Hyperspectral_tumor_images\Hyperspectral_kidney_tumor_3975.jpg,Tumor,1
train,dataset\Hyperspectral_normal_images\Hyperspectral_kidney_normal_2051.jpg,Normal,0
train,dataset\Hyperspectral_normal_images\Hyperspectral_kidney_normal_0788.jpg,Normal,0
train,dataset\Hyperspectral_normal_images\Hyperspectral_kidney_normal_4063.jpg,Normal,0
train,dataset\Hyperspectral_tumor_images\Hyperspectral_kidney_tumor_3425.jpg,Tumor,1
train,dataset\Hyperspectral_tumor_images\Hyperspectral_kidney_tumor_1719.jpg,Tumor,1
train,dataset\Hyperspectral_normal_images\Hyperspectral_kidney_normal_0993.jpg,Normal,0
train,dataset\Hyperspectral_normal_images\Hyperspectral_kidney_normal_3255.jpg,Normal,0
train,dataset\Hyperspectral_tumor_images\Hyperspectral_kidney_tumor_2545.jpg,Tumor,1
train,dataset\Hyperspectral_tumor_images\Hyperspectral_kidney_tumor_4069.jpg,Tumor,1
train,dataset\Hyperspectral_normal_images\Hyperspectral_kidney_normal_3322.jpg,Normal,0
train,dataset\Hyperspectral_normal_images\Hyperspectral_kidney_normal_0217.jpg,Normal,0
train,dataset\Hyperspectral_normal_images\Hyperspectral_kidney_normal_1378.jpg,Normal,0
train,dataset\Hyperspectral_tumor_images\Hyperspectral_kidney_tumor_0866.jpg,Tumor,1
train,dataset\Hyperspectral_normal_images\Hyperspectral_kidney_normal_1745.jpg,Normal,0
train,dataset\Hyperspectral_normal_images\Hyperspectral_kidney_normal_2562.jpg,Normal,0
train,dataset\Hyperspectral_tumor_images\Hyperspectral_kidney_tumor_3954.jpg,Tumor,1
train,dataset\Hyperspectral_tumor_images\Hyperspectral_kidney_tumor_0795.jpg,Tumor,1
train,dataset\Hyperspectral_tumor_images\Hyperspectral_kidney_tumor_1489.jpg,Tumor,1
train,dataset\Hyperspectral_tumor_images\Hyperspectral_kidney_tumor_3415.jpg,Tumor,1
train,dataset\Hyperspectral_normal_images\Hyperspectral_kidney_normal_4692.jpg,Normal,0
train,dataset\Hyperspectral_normal_images\Hyperspectral_kidney_normal_0339.jpg,Normal,0
train,dataset\Hyperspectral_normal_images\Hyperspectral_kidney_normal_4506.jpg,Normal,0
train,dataset\Hyperspectral_normal_images\Hyperspectral_kidney_normal_4412.jpg,Normal,0
train,dataset\Hyperspectral_tumor_images\Hyperspectral_kidney_tumor_1133.jpg,Tumor,1
train,dataset\Hyperspectral_normal_images\Hyperspectral_kidney_normal_4745.jpg,Normal,0
train,dataset\Hyperspectral_tumor_images\Hyperspectral_kidney_tumor_0636.jpg,Tumor,1
train,dataset\Hyperspectral_tumor_images\Hyperspectral_kidney_tumor_4484.jpg,Tumor,1
train,dataset\Hyperspectral_normal_images\Hyperspectral_kidney_normal_0235.jpg,Normal,0
train,dataset\Hyperspectral_normal_images\Hyperspectral_kidney_normal_4474.jpg,Normal,0
train,dataset\Hyperspectral_tumor_images\Hyperspectral_kidney_tumor_2099.jpg,Tumor,1
train,dataset\Hyperspectral_tumor_images\Hyperspectral_kidney_tumor_1911.jpg,Tumor,1
train,dataset\Hyperspectral_tumor_images\Hyperspectral_kidney_tumor_3974.jpg,Tumor,1
train,dataset\Hyperspectral_normal_images\Hyperspectral_kidney_normal_0402.jpg,Normal,0
train,dataset\Hyperspectral_normal_images\Hyperspectral_kidney_normal_1716.jpg,Normal,0
train,dataset\Hyperspectral_tumor_images\Hyperspectral_kidney_tumor_1589.jpg,Tumor,1
train,dataset\Hyperspectral_tumor_images\Hyperspectral_kidney_tumor_3860.jpg,Tumor,1
train,dataset\Hyperspectral_tumor_images\Hyperspectral_kidney_tumor_1401.jpg,Tumor,1
train,dataset\Hyperspectral_tumor_images\Hyperspectral_kidney_tumor_1144.jpg,Tumor,1
train,dataset\Hyperspectral_tumor_images\Hyperspectral_kidney_tumor_3192.jpg,Tumor,1
train,dataset\Hyperspectral_tumor_images\Hyperspectral_kidney_tumor_0007.jpg,Tumor,1
train,dataset\Hyperspectral_normal_images\Hyperspectral_kidney_normal_2489.jpg,Normal,0
train,dataset\Hyperspectral_normal_images\Hyperspectral_kidney_normal_2114.jpg,Normal,0
train,dataset\Hyperspectral_tumor_images\Hyperspectral_kidney_tumor_4477.jpg,Tumor,1
train,dataset\Hyperspectral_tumor_images\Hyperspectral_kidney_tumor_1576.jpg,Tumor,1
train,dataset\Hyperspectral_tumor_images\Hyperspectral_kidney_tumor_3876.jpg,Tumor,1
train,dataset\Hyperspectral_tumor_images\Hyperspectral_kidney_tumor_0964.jpg,Tumor,1
train,dataset\Hyperspectral_normal_images\Hyperspectral_kidney_normal_3241.jpg,Normal,0
train,dataset\Hyperspectral_normal_images\Hyperspectral_kidney_normal_4127.jpg,Normal,0
train,dataset\Hyperspectral_normal_images\Hyperspectral_kidney_normal_2833.jpg,Normal,0
train,dataset\Hyperspectral_normal_images\Hyperspectral_kidney_normal_3317.jpg,Normal,0
train,dataset\Hyperspectral_tumor_images\Hyperspectral_kidney_tumor_0046.jpg,Tumor,1
train,dataset\Hyperspectral_normal_images\Hyperspectral_kidney_normal_4564.jpg,Normal,0
train,dataset\Hyperspectral_normal_images\Hyperspectral_kidney_normal_0861.jpg,Normal,0
train,dataset\Hyperspectral_tumor_images\Hyperspectral_kidney_tumor_4892.jpg,Tumor,1
train,dataset\Hyperspectral_tumor_images\Hyperspectral_kidney_tumor_4327.jpg,Tumor,1
train,dataset\Hyperspectral_tumor_images\Hyperspectral_kidney_tumor_0735.jpg,Tumor,1
train,dataset\Hyperspectral_tumor_images\Hyperspectral_kidney_tumor_1005.jpg,Tumor,1
train,dataset\Hyperspectral_normal_images\Hyperspectral_kidney_normal_4591.jpg,Normal,0
train,dataset\Hyperspectral_tumor_images\Hyperspectral_kidney_tumor_4872.jpg,Tumor,1
train,dataset\Hyperspectral_normal_images\Hyperspectral_kidney_normal_0526.jpg,Normal,0
train,dataset\Hyperspectral_tumor_images\Hyperspectral_kidney_tumor_3284.jpg,Tumor,1
train,dataset\Hyperspectral_tumor_images\Hyperspectral_kidney_tumor_4169.jpg,Tumor,1
train,dataset\Hyperspectral_normal_images\Hyperspectral_kidney_normal_1215.jpg,Normal,0
train,dataset\Hyperspectral_normal_images\Hyperspectral_kidney_normal_0545.jpg,Normal,0
train,dataset\Hyperspectral_tumor_images\Hyperspectral_kidney_tumor_1851.jpg,Tumor,1
train,dataset\Hyperspectral_normal_images\Hyperspectral_kidney_normal_2858.jpg,Normal,0
train,dataset\Hyperspectral_tumor_images\Hyperspectral_kidney_tumor_0465.jpg,Tumor,1
train,dataset\Hyperspectral_tumor_images\Hyperspectral_kidney_tumor_1910.jpg,Tumor,1
train,dataset\Hyperspectral_normal_images\Hyperspectral_kidney_normal_3939.jpg,Normal,0
train,dataset\Hyperspectral_normal_images\Hyperspectral_kidney_normal_3488.jpg,Normal,0
train,dataset\Hyperspectral_tumor_images\Hyperspectral_kidney_tumor_2171.jpg,Tumor,1
train,dataset\Hyperspectral_tumor_images\Hyperspectral_kidney_tumor_3004.jpg,Tumor,1
train,dataset\Hyperspectral_tumor_images\Hyperspectral_kidney_tumor_0719.jpg,Tumor,1
train,dataset\Hyperspectral_normal_images\Hyperspectral_kidney_normal_0007.jpg,Normal,0
train,dataset\Hyperspectral_tumor_images\Hyperspectral_kidney_tumor_2785.jpg,Tumor,1
train,dataset\Hyperspectral_tumor_images\Hyperspectral_kidney_tumor_4702.jpg,Tumor,1
train,dataset\Hyperspectral_normal_images\Hyperspectral_kidney_normal_0921.jpg,Normal,0
train,dataset\Hyperspectral_normal_images\Hyperspectral_kidney_normal_3103.jpg,Normal,0
train,dataset\Hyperspectral_normal_images\Hyperspectral_kidney_normal_3501.jpg,Normal,0
train,dataset\Hyperspectral_tumor_images\Hyperspectral_kidney_tumor_3611.jpg,Tumor,1
train,dataset\Hyperspectral_normal_images\Hyperspectral_kidney_normal_4206.jpg,Normal,0
train,dataset\Hyperspectral_tumor_images\Hyperspectral_kidney_tumor_2746.jpg,Tumor,1
train,dataset\Hyperspectral_normal_images\Hyperspectral_kidney_normal_4661.jpg,Normal,0
train,dataset\Hyperspectral_normal_images\Hyperspectral_kidney_normal_4469.jpg,Normal,0
train,dataset\Hyperspectral_tumor_images\Hyperspectral_kidney_tumor_3341.jpg,Tumor,1
train,dataset\Hyperspectral_tumor_images\Hyperspectral_kidney_tumor_2915.jpg,Tumor,1
train,dataset\Hyperspectral_normal_images\Hyperspectral_kidney_normal_1555.jpg,Normal,0
train,dataset\Hyperspectral_tumor_images\Hyperspectral_kidney_tumor_4958.jpg,Tumor,1
train,dataset\Hyperspectral_normal_images\Hyperspectral_kidney_normal_4082.jpg,Normal,0
train,dataset\Hyperspectral_normal_images\Hyperspectral_kidney_normal_1242.jpg,Normal,0
train,dataset\Hyperspectral_normal_images\Hyperspectral_kidney_normal_4241.jpg,Normal,0
train,dataset\Hyperspectral_tumor_images\Hyperspectral_kidney_tumor_4026.jpg,Tumor,1
train,dataset\Hyperspectral_tumor_images\Hyperspectral_kidney_tumor_2622.jpg,Tumor,1
train,dataset\Hyperspectral_tumor_images\Hyperspectral_kidney_tumor_3998.jpg,Tumor,1
train,dataset\Hyperspectral_normal_images\Hyperspectral_kidney_normal_1162.jpg,Normal,0
train,dataset\Hyperspectral_tumor_images\Hyperspectral_kidney_tumor_2449.jpg,Tumor,1
train,dataset\Hyperspectral_tumor_images\Hyperspectral_kidney_tumor_1991.jpg,Tumor,1
train,dataset\Hyperspectral_normal_images\Hyperspectral_kidney_normal_1777.jpg,Normal,0
train,dataset\Hyperspectral_normal_images\Hyperspectral_kidney_normal_1105.jpg,Normal,0
train,dataset\Hyperspectral_tumor_images\Hyperspectral_kidney_tumor_4356.jpg,Tumor,1
train,dataset\Hyperspectral_normal_images\Hyperspectral_kidney_normal_2576.jpg,Normal,0
train,dataset\Hyperspectral_normal_images\Hyperspectral_kidney_normal_4785.jpg,Normal,0
train,dataset\Hyperspectral_tumor_images\Hyperspectral_kidney_tumor_4186.jpg,Tumor,1
train,dataset\Hyperspectral_tumor_images\Hyperspectral_kidney_tumor_1678.jpg,Tumor,1
train,dataset\Hyperspectral_tumor_images\Hyperspectral_kidney_tumor_0599.jpg,Tumor,1
train,dataset\Hyperspectral_tumor_images\Hyperspectral_kidney_tumor_0603.jpg,Tumor,1
train,dataset\Hyperspectral_normal_images\Hyperspectral_kidney_normal_2258.jpg,Normal,0
train,dataset\Hyperspectral_normal_images\Hyperspectral_kidney_normal_1406.jpg,Normal,0
train,dataset\Hyperspectral_tumor_images\Hyperspectral_kidney_tumor_1265.jpg,Tumor,1
train,dataset\Hyperspectral_tumor_images\Hyperspectral_kidney_tumor_0449.jpg,Tumor,1
train,dataset\Hyperspectral_tumor_images\Hyperspectral_kidney_tumor_3230.jpg,Tumor,1
train,dataset\Hyperspectral_tumor_images\Hyperspectral_kidney_tumor_2606.jpg,Tumor,1
train,dataset\Hyperspectral_normal_images\Hyperspectral_kidney_normal_2483.jpg,Normal,0
train,dataset\Hyperspectral_normal_images\Hyperspectral_kidney_normal_2786.jpg,Normal,0
train,dataset\Hyperspectral_normal_images\Hyperspectral_kidney_normal_2193.jpg,Normal,0
train,dataset\Hyperspectral_tumor_images\Hyperspectral_kidney_tumor_2938.jpg,Tumor,1
train,dataset\Hyperspectral_normal_images\Hyperspectral_kidney_normal_1460.jpg,Normal,0
train,dataset\Hyperspectral_normal_images\Hyperspectral_kidney_normal_3418.jpg,Normal,0
train,dataset\Hyperspectral_tumor_images\Hyperspectral_kidney_tumor_1656.jpg,Tumor,1
train,dataset\Hyperspectral_tumor_images\Hyperspectral_kidney_tumor_1059.jpg,Tumor,1
train,dataset\Hyperspectral_tumor_images\Hyperspectral_kidney_tumor_3805.jpg,Tumor,1
train,dataset\Hyperspectral_tumor_images\Hyperspectral_kidney_tumor_1462.jpg,Tumor,1
train,dataset\Hyperspectral_normal_images\Hyperspectral_kidney_normal_3708.jpg,Normal,0
train,dataset\Hyperspectral_tumor_images\Hyperspectral_kidney_tumor_2689.jpg,Tumor,1
train,dataset\Hyperspectral_tumor_images\Hyperspectral_kidney_tumor_2985.jpg,Tumor,1
train,dataset\Hyperspectral_tumor_images\Hyperspectral_kidney_tumor_3978.jpg,Tumor,1
train,dataset\Hyperspectral_tumor_images\Hyperspectral_kidney_tumor_3286.jpg,Tumor,1
train,dataset\Hyperspectral_tumor_images\Hyperspectral_kidney_tumor_4338.jpg,Tumor,1
train,dataset\Hyperspectral_normal_images\Hyperspectral_kidney_normal_4589.jpg,Normal,0
train,dataset\Hyperspectral_tumor_images\Hyperspectral_kidney_tumor_4262.jpg,Tumor,1
train,dataset\Hyperspectral_tumor_images\Hyperspectral_kidney_tumor_0596.jpg,Tumor,1
train,dataset\Hyperspectral_normal_images\Hyperspectral_kidney_normal_3779.jpg,Normal,0
train,dataset\Hyperspectral_normal_images\Hyperspectral_kidney_normal_1071.jpg,Normal,0
train,dataset\Hyperspectral_tumor_images\Hyperspectral_kidney_tumor_4464.jpg,Tumor,1
train,dataset\Hyperspectral_tumor_images\Hyperspectral_kidney_tumor_0128.jpg,Tumor,1
train,dataset\Hyperspectral_tumor_images\Hyperspectral_kidney_tumor_3699.jpg,Tumor,1
train,dataset\Hyperspectral_normal_images\Hyperspectral_kidney_normal_0791.jpg,Normal,0
train,dataset\Hyperspectral_tumor_images\Hyperspectral_kidney_tumor_4244.jpg,Tumor,1
train,dataset\Hyperspectral_normal_images\Hyperspectral_kidney_normal_4996.jpg,Normal,0
train,dataset\Hyperspectral_normal_images\Hyperspectral_kidney_normal_3487.jpg,Normal,0
train,dataset\Hyperspectral_normal_images\Hyperspectral_kidney_normal_0482.jpg,Normal,0
train,dataset\Hyperspectral_tumor_images\Hyperspectral_kidney_tumor_3143.jpg,Tumor,1
train,dataset\Hyperspectral_tumor_images\Hyperspectral_kidney_tumor_1251.jpg,Tumor,1
train,dataset\Hyperspectral_normal_images\Hyperspectral_kidney_normal_3972.jpg,Normal,0
train,dataset\Hyperspectral_tumor_images\Hyperspectral_kidney_tumor_3132.jpg,Tumor,1
train,dataset\Hyperspectral_tumor_images\Hyperspectral_kidney_tumor_4591.jpg,Tumor,1
train,dataset\Hyperspectral_tumor_images\Hyperspectral_kidney_tumor_3201.jpg,Tumor,1
train,dataset\Hyperspectral_normal_images\Hyperspectral_kidney_normal_0725.jpg,Normal,0
train,dataset\Hyperspectral_tumor_images\Hyperspectral_kidney_tumor_4060.jpg,Tumor,1
train,dataset\Hyperspectral_tumor_images\Hyperspectral_kidney_tumor_4038.jpg,Tumor,1
train,dataset\Hyperspectral_normal_images\Hyperspectral_kidney_normal_4319.jpg,Normal,0
train,dataset\Hyperspectral_tumor_images\Hyperspectral_kidney_tumor_3826.jpg,Tumor,1
train,dataset\Hyperspectral_tumor_images\Hyperspectral_kidney_tumor_0700.jpg,Tumor,1
train,dataset\Hyperspectral_normal_images\Hyperspectral_kidney_normal_0380.jpg,Normal,0
train,dataset\Hyperspectral_normal_images\Hyperspectral_kidney_normal_3003.jpg,Normal,0
train,dataset\Hyperspectral_tumor_images\Hyperspectral_kidney_tumor_1375.jpg,Tumor,1
train,dataset\Hyperspectral_tumor_images\Hyperspectral_kidney_tumor_2758.jpg,Tumor,1
train,dataset\Hyperspectral_tumor_images\Hyperspectral_kidney_tumor_2402.jpg,Tumor,1
train,dataset\Hyperspectral_tumor_images\Hyperspectral_kidney_tumor_3740.jpg,Tumor,1
train,dataset\Hyperspectral_tumor_images\Hyperspectral_kidney_tumor_3469.jpg,Tumor,1
train,dataset\Hyperspectral_normal_images\Hyperspectral_kidney_normal_3220.jpg,Normal,0
train,dataset\Hyperspectral_tumor_images\Hyperspectral_kidney_tumor_1052.jpg,Tumor,1
train,dataset\Hyperspectral_normal_images\Hyperspectral_kidney_normal_0758.jpg,Normal,0
train,dataset\Hyperspectral_normal_images\Hyperspectral_kidney_normal_0686.jpg,Normal,0
train,dataset\Hyperspectral_normal_images\Hyperspectral_kidney_normal_1321.jpg,Normal,0
train,dataset\Hyperspectral_tumor_images\Hyperspectral_kidney_tumor_4128.jpg,Tumor,1
train,dataset\Hyperspectral_normal_images\Hyperspectral_kidney_normal_1012.jpg,Normal,0
train,dataset\Hyperspectral_normal_images\Hyperspectral_kidney_normal_2080.jpg,Normal,0
train,dataset\Hyperspectral_normal_images\Hyperspectral_kidney_normal_1590.jpg,Normal,0
train,dataset\Hyperspectral_tumor_images\Hyperspectral_kidney_tumor_1859.jpg,Tumor,1
train,dataset\Hyperspectral_normal_images\Hyperspectral_kidney_normal_1148.jpg,Normal,0
train,dataset\Hyperspectral_tumor_images\Hyperspectral_kidney_tumor_0982.jpg,Tumor,1
train,dataset\Hyperspectral_normal_images\Hyperspectral_kidney_normal_2349.jpg,Normal,0
train,dataset\Hyperspectral_normal_images\Hyperspectral_kidney_normal_4585.jpg,Normal,0
train,dataset\Hyperspectral_tumor_images\Hyperspectral_kidney_tumor_1053.jpg,Tumor,1
train,dataset\Hyperspectral_tumor_images\Hyperspectral_kidney_tumor_4435.jpg,Tumor,1
train,dataset\Hyperspectral_normal_images\Hyperspectral_kidney_normal_4183.jpg,Normal,0
train,dataset\Hyperspectral_tumor_images\Hyperspectral_kidney_tumor_3745.jpg,Tumor,1
train,dataset\Hyperspectral_tumor_images\Hyperspectral_kidney_tumor_2736.jpg,Tumor,1
train,dataset\Hyperspectral_normal_images\Hyperspectral_kidney_normal_0149.jpg,Normal,0
train,dataset\Hyperspectral_tumor_images\Hyperspectral_kidney_tumor_3572.jpg,Tumor,1
train,dataset\Hyperspectral_normal_images\Hyperspectral_kidney_normal_4716.jpg,Normal,0
train,dataset\Hyperspectral_normal_images\Hyperspectral_kidney_normal_2764.jpg,Normal,0
train,dataset\Hyperspectral_tumor_images\Hyperspectral_kidney_tumor_3263.jpg,Tumor,1
train,dataset\Hyperspectral_tumor_images\Hyperspectral_kidney_tumor_3804.jpg,Tumor,1
train,dataset\Hyperspectral_normal_images\Hyperspectral_kidney_normal_3965.jpg,Normal,0
train,dataset\Hyperspectral_normal_images\Hyperspectral_kidney_normal_3614.jpg,Normal,0
train,dataset\Hyperspectral_tumor_images\Hyperspectral_kidney_tumor_1562.jpg,Tumor,1
train,dataset\Hyperspectral_normal_images\Hyperspectral_kidney_normal_1118.jpg,Normal,0
train,dataset\Hyperspectral_tumor_images\Hyperspectral_kidney_tumor_3619.jpg,Tumor,1
train,dataset\Hyperspectral_normal_images\Hyperspectral_kidney_normal_0655.jpg,Normal,0
train,dataset\Hyperspectral_normal_images\Hyperspectral_kidney_normal_0420.jpg,Normal,0
train,dataset\Hyperspectral_normal_images\Hyperspectral_kidney_normal_1868.jpg,Normal,0
train,dataset\Hyperspectral_normal_images\Hyperspectral_kidney_normal_0694.jpg,Normal,0
train,dataset\Hyperspectral_tumor_images\Hyperspectral_kidney_tumor_2118.jpg,Tumor,1
train,dataset\Hyperspectral_normal_images\Hyperspectral_kidney_normal_0790.jpg,Normal,0
train,dataset\Hyperspectral_tumor_images\Hyperspectral_kidney_tumor_4817.jpg,Tumor,1
train,dataset\Hyperspectral_tumor_images\Hyperspectral_kidney_tumor_2751.jpg,Tumor,1
train,dataset\Hyperspectral_normal_images\Hyperspectral_kidney_normal_1066.jpg,Normal,0
train,dataset\Hyperspectral_tumor_images\Hyperspectral_kidney_tumor_2932.jpg,Tumor,1
train,dataset\Hyperspectral_normal_images\Hyperspectral_kidney_normal_4735.jpg,Normal,0
train,dataset\Hyperspectral_tumor_images\Hyperspectral_kidney_tumor_4317.jpg,Tumor,1
train,dataset\Hyperspectral_tumor_images\Hyperspectral_kidney_tumor_0284.jpg,Tumor,1
train,dataset\Hyperspectral_normal_images\Hyperspectral_kidney_normal_2601.jpg,Normal,0
train,dataset\Hyperspectral_normal_images\Hyperspectral_kidney_normal_2921.jpg,Normal,0
train,dataset\Hyperspectral_tumor_images\Hyperspectral_kidney_tumor_3488.jpg,Tumor,1
train,dataset\Hyperspectral_tumor_images\Hyperspectral_kidney_tumor_0750.jpg,Tumor,1
train,dataset\Hyperspectral_normal_images\Hyperspectral_kidney_normal_0726.jpg,Normal,0
train,dataset\Hyperspectral_tumor_images\Hyperspectral_kidney_tumor_1681.jpg,Tumor,1
train,dataset\Hyperspectral_normal_images\Hyperspectral_kidney_normal_4349.jpg,Normal,0
train,dataset\Hyperspectral_tumor_images\Hyperspectral_kidney_tumor_0699.jpg,Tumor,1
train,dataset\Hyperspectral_normal_images\Hyperspectral_kidney_normal_1325.jpg,Normal,0
train,dataset\Hyperspectral_normal_images\Hyperspectral_kidney_normal_4841.jpg,Normal,0
train,dataset\Hyperspectral_normal_images\Hyperspectral_kidney_normal_3416.jpg,Normal,0
train,dataset\Hyperspectral_tumor_images\Hyperspectral_kidney_tumor_1254.jpg,Tumor,1
train,dataset\Hyperspectral_tumor_images\Hyperspectral_kidney_tumor_2334.jpg,Tumor,1
train,dataset\Hyperspectral_normal_images\Hyperspectral_kidney_normal_1080.jpg,Normal,0
train,dataset\Hyperspectral_normal_images\Hyperspectral_kidney_normal_0091.jpg,Normal,0
train,dataset\Hyperspectral_normal_images\Hyperspectral_kidney_normal_1078.jpg,Normal,0
train,dataset\Hyperspectral_tumor_images\Hyperspectral_kidney_tumor_4006.jpg,Tumor,1
train,dataset\Hyperspectral_tumor_images\Hyperspectral_kidney_tumor_4565.jpg,Tumor,1
train,dataset\Hyperspectral_normal_images\Hyperspectral_kidney_normal_3441.jpg,Normal,0
train,dataset\Hyperspectral_tumor_images\Hyperspectral_kidney_tumor_1244.jpg,Tumor,1
train,dataset\Hyperspectral_normal_images\Hyperspectral_kidney_normal_0461.jpg,Normal,0
train,dataset\Hyperspectral_tumor_images\Hyperspectral_kidney_tumor_0858.jpg,Tumor,1
train,dataset\Hyperspectral_normal_images\Hyperspectral_kidney_normal_3311.jpg,Normal,0
train,dataset\Hyperspectral_tumor_images\Hyperspectral_kidney_tumor_1928.jpg,Tumor,1
train,dataset\Hyperspectral_tumor_images\Hyperspectral_kidney_tumor_3315.jpg,Tumor,1
train,dataset\Hyperspectral_tumor_images\Hyperspectral_kidney_tumor_2185.jpg,Tumor,1
train,dataset\Hyperspectral_tumor_images\Hyperspectral_kidney_tumor_1379.jpg,Tumor,1
train,dataset\Hyperspectral_normal_images\Hyperspectral_kidney_normal_1423.jpg,Normal,0
train,dataset\Hyperspectral_normal_images\Hyperspectral_kidney_normal_4635.jpg,Normal,0
train,dataset\Hyperspectral_tumor_images\Hyperspectral_kidney_tumor_1027.jpg,Tumor,1
train,dataset\Hyperspectral_normal_images\Hyperspectral_kidney_normal_4311.jpg,Normal,0
train,dataset\Hyperspectral_tumor_images\Hyperspectral_kidney_tumor_1074.jpg,Tumor,1
train,dataset\Hyperspectral_normal_images\Hyperspectral_kidney_normal_0867.jpg,Normal,0
train,dataset\Hyperspectral_tumor_images\Hyperspectral_kidney_tumor_1258.jpg,Tumor,1
train,dataset\Hyperspectral_normal_images\Hyperspectral_kidney_normal_3008.jpg,Normal,0
train,dataset\Hyperspectral_normal_images\Hyperspectral_kidney_normal_4957.jpg,Normal,0
train,dataset\Hyperspectral_normal_images\Hyperspectral_kidney_normal_0801.jpg,Normal,0
train,dataset\Hyperspectral_tumor_images\Hyperspectral_kidney_tumor_4705.jpg,Tumor,1
train,dataset\Hyperspectral_tumor_images\Hyperspectral_kidney_tumor_1088.jpg,Tumor,1
train,dataset\Hyperspectral_normal_images\Hyperspectral_kidney_normal_0319.jpg,Normal,0
train,dataset\Hyperspectral_tumor_images\Hyperspectral_kidney_tumor_2018.jpg,Tumor,1
train,dataset\Hyperspectral_tumor_images\Hyperspectral_kidney_tumor_3245.jpg,Tumor,1
train,dataset\Hyperspectral_tumor_images\Hyperspectral_kidney_tumor_0925.jpg,Tumor,1
train,dataset\Hyperspectral_normal_images\Hyperspectral_kidney_normal_2102.jpg,Normal,0
train,dataset\Hyperspectral_tumor_images\Hyperspectral_kidney_tumor_2550.jpg,Tumor,1
train,dataset\Hyperspectral_normal_images\Hyperspectral_kidney_normal_1467.jpg,Normal,0
train,dataset\Hyperspectral_normal_images\Hyperspectral_kidney_normal_2897.jpg,Normal,0
train,dataset\Hyperspectral_normal_images\Hyperspectral_kidney_normal_4682.jpg,Normal,0
train,dataset\Hyperspectral_tumor_images\Hyperspectral_kidney_tumor_0287.jpg,Tumor,1
train,dataset\Hyperspectral_tumor_images\Hyperspectral_kidney_tumor_2478.jpg,Tumor,1
train,dataset\Hyperspectral_normal_images\Hyperspectral_kidney_normal_2265.jpg,Normal,0
train,dataset\Hyperspectral_normal_images\Hyperspectral_kidney_normal_0305.jpg,Normal,0
train,dataset\Hyperspectral_normal_images\Hyperspectral_kidney_normal_3958.jpg,Normal,0
train,dataset\Hyperspectral_normal_images\Hyperspectral_kidney_normal_1133.jpg,Normal,0
train,dataset\Hyperspectral_normal_images\Hyperspectral_kidney_normal_4214.jpg,Normal,0
train,dataset\Hyperspectral_tumor_images\Hyperspectral_kidney_tumor_3593.jpg,Tumor,1
train,dataset\Hyperspectral_tumor_images\Hyperspectral_kidney_tumor_4321.jpg,Tumor,1
train,dataset\Hyperspectral_normal_images\Hyperspectral_kidney_normal_0625.jpg,Normal,0
train,dataset\Hyperspectral_normal_images\Hyperspectral_kidney_normal_1494.jpg,Normal,0
train,dataset\Hyperspectral_tumor_images\Hyperspectral_kidney_tumor_2407.jpg,Tumor,1
train,dataset\Hyperspectral_normal_images\Hyperspectral_kidney_normal_3023.jpg,Normal,0
train,dataset\Hyperspectral_normal_images\Hyperspectral_kidney_normal_2304.jpg,Normal,0
train,dataset\Hyperspectral_tumor_images\Hyperspectral_kidney_tumor_0255.jpg,Tumor,1
train,dataset\Hyperspectral_normal_images\Hyperspectral_kidney_normal_4638.jpg,Normal,0
train,dataset\Hyperspectral_tumor_images\Hyperspectral_kidney_tumor_3512.jpg,Tumor,1
train,dataset\Hyperspectral_tumor_images\Hyperspectral_kidney_tumor_2140.jpg,Tumor,1
train,dataset\Hyperspectral_tumor_images\Hyperspectral_kidney_tumor_3266.jpg,Tumor,1
train,dataset\Hyperspectral_normal_images\Hyperspectral_kidney_normal_0315.jpg,Normal,0
train,dataset\Hyperspectral_normal_images\Hyperspectral_kidney_normal_4834.jpg,Normal,0
train,dataset\Hyperspectral_normal_images\Hyperspectral_kidney_normal_0100.jpg,Normal,0
train,dataset\Hyperspectral_normal_images\Hyperspectral_kidney_normal_3530.jpg,Normal,0
train,dataset\Hyperspectral_tumor_images\Hyperspectral_kidney_tumor_3247.jpg,Tumor,1
train,dataset\Hyperspectral_tumor_images\Hyperspectral_kidney_tumor_4871.jpg,Tumor,1
train,dataset\Hyperspectral_normal_images\Hyperspectral_kidney_normal_0377.jpg,Normal,0
train,dataset\Hyperspectral_normal_images\Hyperspectral_kidney_normal_1251.jpg,Normal,0
train,dataset\Hyperspectral_normal_images\Hyperspectral_kidney_normal_4518.jpg,Normal,0
train,dataset\Hyperspectral_tumor_images\Hyperspectral_kidney_tumor_1443.jpg,Tumor,1
train,dataset\Hyperspectral_normal_images\Hyperspectral_kidney_normal_2670.jpg,Normal,0
train,dataset\Hyperspectral_normal_images\Hyperspectral_kidney_normal_1857.jpg,Normal,0
train,dataset\Hyperspectral_tumor_images\Hyperspectral_kidney_tumor_1629.jpg,Tumor,1
train,dataset\Hyperspectral_normal_images\Hyperspectral_kidney_normal_3897.jpg,Normal,0
train,dataset\Hyperspectral_tumor_images\Hyperspectral_kidney_tumor_2428.jpg,Tumor,1
train,dataset\Hyperspectral_normal_images\Hyperspectral_kidney_normal_4307.jpg,Normal,0
train,dataset\Hyperspectral_tumor_images\Hyperspectral_kidney_tumor_0544.jpg,Tumor,1
train,dataset\Hyperspectral_tumor_images\Hyperspectral_kidney_tumor_4084.jpg,Tumor,1
train,dataset\Hyperspectral_normal_images\Hyperspectral_kidney_normal_3673.jpg,Normal,0
train,dataset\Hyperspectral_normal_images\Hyperspectral_kidney_normal_2689.jpg,Normal,0
train,dataset\Hyperspectral_tumor_images\Hyperspectral_kidney_tumor_1429.jpg,Tumor,1
train,dataset\Hyperspectral_tumor_images\Hyperspectral_kidney_tumor_1092.jpg,Tumor,1
train,dataset\Hyperspectral_tumor_images\Hyperspectral_kidney_tumor_4534.jpg,Tumor,1
train,dataset\Hyperspectral_normal_images\Hyperspectral_kidney_normal_3010.jpg,Normal,0
train,dataset\Hyperspectral_tumor_images\Hyperspectral_kidney_tumor_1413.jpg,Tumor,1
train,dataset\Hyperspectral_tumor_images\Hyperspectral_kidney_tumor_4286.jpg,Tumor,1
train,dataset\Hyperspectral_tumor_images\Hyperspectral_kidney_tumor_1264.jpg,Tumor,1
train,dataset\Hyperspectral_tumor_images\Hyperspectral_kidney_tumor_4466.jpg,Tumor,1
train,dataset\Hyperspectral_normal_images\Hyperspectral_kidney_normal_3791.jpg,Normal,0
train,dataset\Hyperspectral_normal_images\Hyperspectral_kidney_normal_0701.jpg,Normal,0
train,dataset\Hyperspectral_normal_images\Hyperspectral_kidney_normal_1476.jpg,Normal,0
train,dataset\Hyperspectral_tumor_images\Hyperspectral_kidney_tumor_2950.jpg,Tumor,1
train,dataset\Hyperspectral_normal_images\Hyperspectral_kidney_normal_0929.jpg,Normal,0
train,dataset\Hyperspectral_normal_images\Hyperspectral_kidney_normal_2999.jpg,Normal,0
train,dataset\Hyperspectral_normal_images\Hyperspectral_kidney_normal_0117.jpg,Normal,0
train,dataset\Hyperspectral_normal_images\Hyperspectral_kidney_normal_4189.jpg,Normal,0
train,dataset\Hyperspectral_normal_images\Hyperspectral_kidney_normal_2326.jpg,Normal,0
train,dataset\Hyperspectral_tumor_images\Hyperspectral_kidney_tumor_1352.jpg,Tumor,1
train,dataset\Hyperspectral_tumor_images\Hyperspectral_kidney_tumor_3168.jpg,Tumor,1
train,dataset\Hyperspectral_normal_images\Hyperspectral_kidney_normal_0025.jpg,Normal,0
train,dataset\Hyperspectral_normal_images\Hyperspectral_kidney_normal_4064.jpg,Normal,0
train,dataset\Hyperspectral_normal_images\Hyperspectral_kidney_normal_0311.jpg,Normal,0
train,dataset\Hyperspectral_normal_images\Hyperspectral_kidney_normal_1039.jpg,Normal,0
train,dataset\Hyperspectral_tumor_images\Hyperspectral_kidney_tumor_0170.jpg,Tumor,1
train,dataset\Hyperspectral_tumor_images\Hyperspectral_kidney_tumor_2867.jpg,Tumor,1
train,dataset\Hyperspectral_normal_images\Hyperspectral_kidney_normal_1995.jpg,Normal,0
train,dataset\Hyperspectral_tumor_images\Hyperspectral_kidney_tumor_0488.jpg,Tumor,1
train,dataset\Hyperspectral_normal_images\Hyperspectral_kidney_normal_4511.jpg,Normal,0
train,dataset\Hyperspectral_normal_images\Hyperspectral_kidney_normal_4904.jpg,Normal,0
train,dataset\Hyperspectral_tumor_images\Hyperspectral_kidney_tumor_3784.jpg,Tumor,1
train,dataset\Hyperspectral_tumor_images\Hyperspectral_kidney_tumor_4784.jpg,Tumor,1
train,dataset\Hyperspectral_normal_images\Hyperspectral_kidney_normal_2700.jpg,Normal,0
train,dataset\Hyperspectral_normal_images\Hyperspectral_kidney_normal_2085.jpg,Normal,0
train,dataset\Hyperspectral_normal_images\Hyperspectral_kidney_normal_2321.jpg,Normal,0
train,dataset\Hyperspectral_tumor_images\Hyperspectral_kidney_tumor_0078.jpg,Tumor,1
train,dataset\Hyperspectral_tumor_images\Hyperspectral_kidney_tumor_0474.jpg,Tumor,1
train,dataset\Hyperspectral_normal_images\Hyperspectral_kidney_normal_0076.jpg,Normal,0
train,dataset\Hyperspectral_normal_images\Hyperspectral_kidney_normal_1231.jpg,Normal,0
train,dataset\Hyperspectral_tumor_images\Hyperspectral_kidney_tumor_0350.jpg,Tumor,1
train,dataset\Hyperspectral_normal_images\Hyperspectral_kidney_normal_1803.jpg,Normal,0
train,dataset\Hyperspectral_normal_images\Hyperspectral_kidney_normal_2222.jpg,Normal,0
train,dataset\Hyperspectral_tumor_images\Hyperspectral_kidney_tumor_2793.jpg,Tumor,1
train,dataset\Hyperspectral_tumor_images\Hyperspectral_kidney_tumor_2890.jpg,Tumor,1
train,dataset\Hyperspectral_tumor_images\Hyperspectral_kidney_tumor_0534.jpg,Tumor,1
train,dataset\Hyperspectral_tumor_images\Hyperspectral_kidney_tumor_4601.jpg,Tumor,1
train,dataset\Hyperspectral_normal_images\Hyperspectral_kidney_normal_3942.jpg,Normal,0
train,dataset\Hyperspectral_tumor_images\Hyperspectral_kidney_tumor_1271.jpg,Tumor,1
train,dataset\Hyperspectral_normal_images\Hyperspectral_kidney_normal_1909.jpg,Normal,0
train,dataset\Hyperspectral_normal_images\Hyperspectral_kidney_normal_4903.jpg,Normal,0
train,dataset\Hyperspectral_normal_images\Hyperspectral_kidney_normal_0905.jpg,Normal,0
train,dataset\Hyperspectral_normal_images\Hyperspectral_kidney_normal_2332.jpg,Normal,0
train,dataset\Hyperspectral_normal_images\Hyperspectral_kidney_normal_4823.jpg,Normal,0
train,dataset\Hyperspectral_tumor_images\Hyperspectral_kidney_tumor_3884.jpg,Tumor,1
train,dataset\Hyperspectral_tumor_images\Hyperspectral_kidney_tumor_1665.jpg,Tumor,1
train,dataset\Hyperspectral_normal_images\Hyperspectral_kidney_normal_0001.jpg,Normal,0
train,dataset\Hyperspectral_normal_images\Hyperspectral_kidney_normal_1232.jpg,Normal,0
train,dataset\Hyperspectral_normal_images\Hyperspectral_kidney_normal_0209.jpg,Normal,0
train,dataset\Hyperspectral_normal_images\Hyperspectral_kidney_normal_4816.jpg,Normal,0
train,dataset\Hyperspectral_normal_images\Hyperspectral_kidney_normal_0458.jpg,Normal,0
train,dataset\Hyperspectral_normal_images\Hyperspectral_kidney_normal_3145.jpg,Normal,0
train,dataset\Hyperspectral_tumor_images\Hyperspectral_kidney_tumor_1487.jpg,Tumor,1
train,dataset\Hyperspectral_normal_images\Hyperspectral_kidney_normal_2022.jpg,Normal,0
train,dataset\Hyperspectral_tumor_images\Hyperspectral_kidney_tumor_0856.jpg,Tumor,1
train,dataset\Hyperspectral_normal_images\Hyperspectral_kidney_normal_3066.jpg,Normal,0
train,dataset\Hyperspectral_tumor_images\Hyperspectral_kidney_tumor_4822.jpg,Tumor,1
train,dataset\Hyperspectral_tumor_images\Hyperspectral_kidney_tumor_3449.jpg,Tumor,1
train,dataset\Hyperspectral_normal_images\Hyperspectral_kidney_normal_1114.jpg,Normal,0
train,dataset\Hyperspectral_normal_images\Hyperspectral_kidney_normal_1554.jpg,Normal,0
train,dataset\Hyperspectral_tumor_images\Hyperspectral_kidney_tumor_0330.jpg,Tumor,1
train,dataset\Hyperspectral_normal_images\Hyperspectral_kidney_normal_1686.jpg,Normal,0
train,dataset\Hyperspectral_normal_images\Hyperspectral_kidney_normal_4172.jpg,Normal,0
train,dataset\Hyperspectral_normal_images\Hyperspectral_kidney_normal_3192.jpg,Normal,0
train,dataset\Hyperspectral_tumor_images\Hyperspectral_kidney_tumor_2353.jpg,Tumor,1
train,dataset\Hyperspectral_normal_images\Hyperspectral_kidney_normal_2420.jpg,Normal,0
train,dataset\Hyperspectral_tumor_images\Hyperspectral_kidney_tumor_3529.jpg,Tumor,1
train,dataset\Hyperspectral_tumor_images\Hyperspectral_kidney_tumor_1227.jpg,Tumor,1
train,dataset\Hyperspectral_normal_images\Hyperspectral_kidney_normal_2709.jpg,Normal,0
train,dataset\Hyperspectral_normal_images\Hyperspectral_kidney_normal_1104.jpg,Normal,0
train,dataset\Hyperspectral_tumor_images\Hyperspectral_kidney_tumor_0065.jpg,Tumor,1
train,dataset\Hyperspectral_normal_images\Hyperspectral_kidney_normal_4656.jpg,Normal,0
train,dataset\Hyperspectral_tumor_images\Hyperspectral_kidney_tumor_0419.jpg,Tumor,1
train,dataset\Hyperspectral_normal_images\Hyperspectral_kidney_normal_2961.jpg,Normal,0
train,dataset\Hyperspectral_tumor_images\Hyperspectral_kidney_tumor_2880.jpg,Tumor,1
train,dataset\Hyperspectral_normal_images\Hyperspectral_kidney_normal_3555.jpg,Normal,0
train,dataset\Hyperspectral_tumor_images\Hyperspectral_kidney_tumor_4662.jpg,Tumor,1
train,dataset\Hyperspectral_tumor_images\Hyperspectral_kidney_tumor_0991.jpg,Tumor,1
train,dataset\Hyperspectral_tumor_images\Hyperspectral_kidney_tumor_2376.jpg,Tumor,1
train,dataset\Hyperspectral_tumor_images\Hyperspectral_kidney_tumor_3650.jpg,Tumor,1
train,dataset\Hyperspectral_tumor_images\Hyperspectral_kidney_tumor_2093.jpg,Tumor,1
train,dataset\Hyperspectral_tumor_images\Hyperspectral_kidney_tumor_4431.jpg,Tumor,1
train,dataset\Hyperspectral_normal_images\Hyperspectral_kidney_normal_0353.jpg,Normal,0
train,dataset\Hyperspectral_normal_images\Hyperspectral_kidney_normal_3170.jpg,Normal,0
train,dataset\Hyperspectral_tumor_images\Hyperspectral_kidney_tumor_4624.jpg,Tumor,1
train,dataset\Hyperspectral_tumor_images\Hyperspectral_kidney_tumor_4554.jpg,Tumor,1
train,dataset\Hyperspectral_tumor_images\Hyperspectral_kidney_tumor_2687.jpg,Tumor,1
train,dataset\Hyperspectral_normal_images\Hyperspectral_kidney_normal_0422.jpg,Normal,0
train,dataset\Hyperspectral_tumor_images\Hyperspectral_kidney_tumor_2739.jpg,Tumor,1
train,dataset\Hyperspectral_normal_images\Hyperspectral_kidney_normal_3745.jpg,Normal,0
train,dataset\Hyperspectral_normal_images\Hyperspectral_kidney_normal_2380.jpg,Normal,0
train,dataset\Hyperspectral_normal_images\Hyperspectral_kidney_normal_1658.jpg,Normal,0
train,dataset\Hyperspectral_normal_images\Hyperspectral_kidney_normal_3983.jpg,Normal,0
train,dataset\Hyperspectral_tumor_images\Hyperspectral_kidney_tumor_0836.jpg,Tumor,1
train,dataset\Hyperspectral_normal_images\Hyperspectral_kidney_normal_4333.jpg,Normal,0
train,dataset\Hyperspectral_normal_images\Hyperspectral_kidney_normal_2952.jpg,Normal,0
train,dataset\Hyperspectral_normal_images\Hyperspectral_kidney_normal_2488.jpg,Normal,0
train,dataset\Hyperspectral_tumor_images\Hyperspectral_kidney_tumor_4070.jpg,Tumor,1
train,dataset\Hyperspectral_tumor_images\Hyperspectral_kidney_tumor_4175.jpg,Tumor,1
train,dataset\Hyperspectral_normal_images\Hyperspectral_kidney_normal_0298.jpg,Normal,0
train,dataset\Hyperspectral_tumor_images\Hyperspectral_kidney_tumor_3641.jpg,Tumor,1
train,dataset\Hyperspectral_normal_images\Hyperspectral_kidney_normal_4837.jpg,Normal,0
train,dataset\Hyperspectral_normal_images\Hyperspectral_kidney_normal_0177.jpg,Normal,0
train,dataset\Hyperspectral_normal_images\Hyperspectral_kidney_normal_1204.jpg,Normal,0
train,dataset\Hyperspectral_tumor_images\Hyperspectral_kidney_tumor_4941.jpg,Tumor,1
train,dataset\Hyperspectral_normal_images\Hyperspectral_kidney_normal_2791.jpg,Normal,0
train,dataset\Hyperspectral_tumor_images\Hyperspectral_kidney_tumor_4698.jpg,Tumor,1
train,dataset\Hyperspectral_normal_images\Hyperspectral_kidney_normal_2580.jpg,Normal,0
train,dataset\Hyperspectral_tumor_images\Hyperspectral_kidney_tumor_0782.jpg,Tumor,1
train,dataset\Hyperspectral_tumor_images\Hyperspectral_kidney_tumor_1392.jpg,Tumor,1
train,dataset\Hyperspectral_normal_images\Hyperspectral_kidney_normal_4548.jpg,Normal,0
train,dataset\Hyperspectral_tumor_images\Hyperspectral_kidney_tumor_4542.jpg,Tumor,1
train,dataset\Hyperspectral_normal_images\Hyperspectral_kidney_normal_0389.jpg,Normal,0
train,dataset\Hyperspectral_tumor_images\Hyperspectral_kidney_tumor_1369.jpg,Tumor,1
train,dataset\Hyperspectral_tumor_images\Hyperspectral_kidney_tumor_3353.jpg,Tumor,1
train,dataset\Hyperspectral_tumor_images\Hyperspectral_kidney_tumor_0083.jpg,Tumor,1
train,dataset\Hyperspectral_normal_images\Hyperspectral_kidney_normal_2197.jpg,Normal,0
train,dataset\Hyperspectral_tumor_images\Hyperspectral_kidney_tumor_3076.jpg,Tumor,1
train,dataset\Hyperspectral_tumor_images\Hyperspectral_kidney_tumor_0467.jpg,Tumor,1
train,dataset\Hyperspectral_tumor_images\Hyperspectral_kidney_tumor_2519.jpg,Tumor,1
train,dataset\Hyperspectral_normal_images\Hyperspectral_kidney_normal_2441.jpg,Normal,0
train,dataset\Hyperspectral_normal_images\Hyperspectral_kidney_normal_3525.jpg,Normal,0
train,dataset\Hyperspectral_normal_images\Hyperspectral_kidney_normal_4919.jpg,Normal,0
train,dataset\Hyperspectral_tumor_images\Hyperspectral_kidney_tumor_0450.jpg,Tumor,1
train,dataset\Hyperspectral_normal_images\Hyperspectral_kidney_normal_0394.jpg,Normal,0
train,dataset\Hyperspectral_normal_images\Hyperspectral_kidney_normal_3461.jpg,Normal,0
train,dataset\Hyperspectral_tumor_images\Hyperspectral_kidney_tumor_3818.jpg,Tumor,1
train,dataset\Hyperspectral_normal_images\Hyperspectral_kidney_normal_0895.jpg,Normal,0
train,dataset\Hyperspectral_normal_images\Hyperspectral_kidney_normal_4238.jpg,Normal,0
train,dataset\Hyperspectral_tumor_images\Hyperspectral_kidney_tumor_0478.jpg,Tumor,1
train,dataset\Hyperspectral_tumor_images\Hyperspectral_kidney_tumor_2104.jpg,Tumor,1
train,dataset\Hyperspectral_tumor_images\Hyperspectral_kidney_tumor_3404.jpg,Tumor,1
train,dataset\Hyperspectral_tumor_images\Hyperspectral_kidney_tumor_3271.jpg,Tumor,1
train,dataset\Hyperspectral_normal_images\Hyperspectral_kidney_normal_1447.jpg,Normal,0
train,dataset\Hyperspectral_normal_images\Hyperspectral_kidney_normal_3679.jpg,Normal,0
train,dataset\Hyperspectral_normal_images\Hyperspectral_kidney_normal_1421.jpg,Normal,0
train,dataset\Hyperspectral_normal_images\Hyperspectral_kidney_normal_0089.jpg,Normal,0
train,dataset\Hyperspectral_normal_images\Hyperspectral_kidney_normal_0691.jpg,Normal,0
train,dataset\Hyperspectral_normal_images\Hyperspectral_kidney_normal_2122.jpg,Normal,0
train,dataset\Hyperspectral_tumor_images\Hyperspectral_kidney_tumor_2841.jpg,Tumor,1
train,dataset\Hyperspectral_tumor_images\Hyperspectral_kidney_tumor_4769.jpg,Tumor,1
train,dataset\Hyperspectral_tumor_images\Hyperspectral_kidney_tumor_1217.jpg,Tumor,1
train,dataset\Hyperspectral_normal_images\Hyperspectral_kidney_normal_4407.jpg,Normal,0
train,dataset\Hyperspectral_normal_images\Hyperspectral_kidney_normal_1543.jpg,Normal,0
train,dataset\Hyperspectral_normal_images\Hyperspectral_kidney_normal_4104.jpg,Normal,0
train,dataset\Hyperspectral_tumor_images\Hyperspectral_kidney_tumor_1996.jpg,Tumor,1
train,dataset\Hyperspectral_normal_images\Hyperspectral_kidney_normal_3300.jpg,Normal,0
train,dataset\Hyperspectral_normal_images\Hyperspectral_kidney_normal_2041.jpg,Normal,0
train,dataset\Hyperspectral_normal_images\Hyperspectral_kidney_normal_0506.jpg,Normal,0
train,dataset\Hyperspectral_tumor_images\Hyperspectral_kidney_tumor_1621.jpg,Tumor,1
train,dataset\Hyperspectral_normal_images\Hyperspectral_kidney_normal_3077.jpg,Normal,0
train,dataset\Hyperspectral_tumor_images\Hyperspectral_kidney_tumor_0913.jpg,Tumor,1
train,dataset\Hyperspectral_normal_images\Hyperspectral_kidney_normal_0944.jpg,Normal,0
train,dataset\Hyperspectral_normal_images\Hyperspectral_kidney_normal_2373.jpg,Normal,0
train,dataset\Hyperspectral_normal_images\Hyperspectral_kidney_normal_0870.jpg,Normal,0
train,dataset\Hyperspectral_normal_images\Hyperspectral_kidney_normal_4322.jpg,Normal,0
train,dataset\Hyperspectral_tumor_images\Hyperspectral_kidney_tumor_2775.jpg,Tumor,1
train,dataset\Hyperspectral_tumor_images\Hyperspectral_kidney_tumor_3898.jpg,Tumor,1
train,dataset\Hyperspectral_normal_images\Hyperspectral_kidney_normal_0884.jpg,Normal,0
train,dataset\Hyperspectral_normal_images\Hyperspectral_kidney_normal_2059.jpg,Normal,0
train,dataset\Hyperspectral_normal_images\Hyperspectral_kidney_normal_1157.jpg,Normal,0
train,dataset\Hyperspectral_normal_images\Hyperspectral_kidney_normal_1348.jpg,Normal,0
train,dataset\Hyperspectral_tumor_images\Hyperspectral_kidney_tumor_4518.jpg,Tumor,1
train,dataset\Hyperspectral_normal_images\Hyperspectral_kidney_normal_4851.jpg,Normal,0
train,dataset\Hyperspectral_normal_images\Hyperspectral_kidney_normal_1809.jpg,Normal,0
train,dataset\Hyperspectral_tumor_images\Hyperspectral_kidney_tumor_3791.jpg,Tumor,1
train,dataset\Hyperspectral_normal_images\Hyperspectral_kidney_normal_3991.jpg,Normal,0
train,dataset\Hyperspectral_normal_images\Hyperspectral_kidney_normal_3260.jpg,Normal,0
train,dataset\Hyperspectral_tumor_images\Hyperspectral_kidney_tumor_4629.jpg,Tumor,1
train,dataset\Hyperspectral_tumor_images\Hyperspectral_kidney_tumor_0662.jpg,Tumor,1
train,dataset\Hyperspectral_tumor_images\Hyperspectral_kidney_tumor_3308.jpg,Tumor,1
train,dataset\Hyperspectral_tumor_images\Hyperspectral_kidney_tumor_4485.jpg,Tumor,1
train,dataset\Hyperspectral_normal_images\Hyperspectral_kidney_normal_4347.jpg,Normal,0
train,dataset\Hyperspectral_tumor_images\Hyperspectral_kidney_tumor_1944.jpg,Tumor,1
train,dataset\Hyperspectral_normal_images\Hyperspectral_kidney_normal_3360.jpg,Normal,0
train,dataset\Hyperspectral_tumor_images\Hyperspectral_kidney_tumor_2489.jpg,Tumor,1
train,dataset\Hyperspectral_normal_images\Hyperspectral_kidney_normal_3473.jpg,Normal,0
train,dataset\Hyperspectral_tumor_images\Hyperspectral_kidney_tumor_0364.jpg,Tumor,1
train,dataset\Hyperspectral_tumor_images\Hyperspectral_kidney_tumor_2264.jpg,Tumor,1
train,dataset\Hyperspectral_normal_images\Hyperspectral_kidney_normal_3937.jpg,Normal,0
train,dataset\Hyperspectral_tumor_images\Hyperspectral_kidney_tumor_1824.jpg,Tumor,1
train,dataset\Hyperspectral_tumor_images\Hyperspectral_kidney_tumor_0421.jpg,Tumor,1
train,dataset\Hyperspectral_tumor_images\Hyperspectral_kidney_tumor_1333.jpg,Tumor,1
train,dataset\Hyperspectral_normal_images\Hyperspectral_kidney_normal_4681.jpg,Normal,0
train,dataset\Hyperspectral_tumor_images\Hyperspectral_kidney_tumor_3837.jpg,Tumor,1
train,dataset\Hyperspectral_normal_images\Hyperspectral_kidney_normal_1844.jpg,Normal,0
train,dataset\Hyperspectral_normal_images\Hyperspectral_kidney_normal_3610.jpg,Normal,0
train,dataset\Hyperspectral_tumor_images\Hyperspectral_kidney_tumor_3583.jpg,Tumor,1
train,dataset\Hyperspectral_tumor_images\Hyperspectral_kidney_tumor_4645.jpg,Tumor,1
train,dataset\Hyperspectral_tumor_images\Hyperspectral_kidney_tumor_3066.jpg,Tumor,1
train,dataset\Hyperspectral_tumor_images\Hyperspectral_kidney_tumor_2132.jpg,Tumor,1
train,dataset\Hyperspectral_normal_images\Hyperspectral_kidney_normal_4868.jpg,Normal,0
train,dataset\Hyperspectral_tumor_images\Hyperspectral_kidney_tumor_3024.jpg,Tumor,1
train,dataset\Hyperspectral_tumor_images\Hyperspectral_kidney_tumor_4240.jpg,Tumor,1
train,dataset\Hyperspectral_tumor_images\Hyperspectral_kidney_tumor_2265.jpg,Tumor,1
train,dataset\Hyperspectral_normal_images\Hyperspectral_kidney_normal_0316.jpg,Normal,0
train,dataset\Hyperspectral_normal_images\Hyperspectral_kidney_normal_3860.jpg,Normal,0
train,dataset\Hyperspectral_tumor_images\Hyperspectral_kidney_tumor_0975.jpg,Tumor,1
train,dataset\Hyperspectral_normal_images\Hyperspectral_kidney_normal_2945.jpg,Normal,0
train,dataset\Hyperspectral_tumor_images\Hyperspectral_kidney_tumor_2202.jpg,Tumor,1
train,dataset\Hyperspectral_tumor_images\Hyperspectral_kidney_tumor_4679.jpg,Tumor,1
train,dataset\Hyperspectral_tumor_images\Hyperspectral_kidney_tumor_4899.jpg,Tumor,1
train,dataset\Hyperspectral_normal_images\Hyperspectral_kidney_normal_3149.jpg,Normal,0
train,dataset\Hyperspectral_normal_images\Hyperspectral_kidney_normal_4374.jpg,Normal,0
train,dataset\Hyperspectral_normal_images\Hyperspectral_kidney_normal_3137.jpg,Normal,0
train,dataset\Hyperspectral_normal_images\Hyperspectral_kidney_normal_1780.jpg,Normal,0
train,dataset\Hyperspectral_tumor_images\Hyperspectral_kidney_tumor_4451.jpg,Tumor,1
train,dataset\Hyperspectral_tumor_images\Hyperspectral_kidney_tumor_3458.jpg,Tumor,1
train,dataset\Hyperspectral_normal_images\Hyperspectral_kidney_normal_3354.jpg,Normal,0
train,dataset\Hyperspectral_tumor_images\Hyperspectral_kidney_tumor_3077.jpg,Tumor,1
train,dataset\Hyperspectral_tumor_images\Hyperspectral_kidney_tumor_0096.jpg,Tumor,1
train,dataset\Hyperspectral_normal_images\Hyperspectral_kidney_normal_4666.jpg,Normal,0
train,dataset\Hyperspectral_tumor_images\Hyperspectral_kidney_tumor_3602.jpg,Tumor,1
train,dataset\Hyperspectral_normal_images\Hyperspectral_kidney_normal_3998.jpg,Normal,0
train,dataset\Hyperspectral_normal_images\Hyperspectral_kidney_normal_2826.jpg,Normal,0
train,dataset\Hyperspectral_tumor_images\Hyperspectral_kidney_tumor_1842.jpg,Tumor,1
train,dataset\Hyperspectral_normal_images\Hyperspectral_kidney_normal_2680.jpg,Normal,0
train,dataset\Hyperspectral_tumor_images\Hyperspectral_kidney_tumor_4325.jpg,Tumor,1
train,dataset\Hyperspectral_tumor_images\Hyperspectral_kidney_tumor_1690.jpg,Tumor,1
train,dataset\Hyperspectral_normal_images\Hyperspectral_kidney_normal_4045.jpg,Normal,0
train,dataset\Hyperspectral_tumor_images\Hyperspectral_kidney_tumor_0236.jpg,Tumor,1
train,dataset\Hyperspectral_tumor_images\Hyperspectral_kidney_tumor_3224.jpg,Tumor,1
train,dataset\Hyperspectral_normal_images\Hyperspectral_kidney_normal_0662.jpg,Normal,0
train,dataset\Hyperspectral_tumor_images\Hyperspectral_kidney_tumor_4580.jpg,Tumor,1
train,dataset\Hyperspectral_normal_images\Hyperspectral_kidney_normal_2825.jpg,Normal,0
train,dataset\Hyperspectral_tumor_images\Hyperspectral_kidney_tumor_3270.jpg,Tumor,1
train,dataset\Hyperspectral_normal_images\Hyperspectral_kidney_normal_0060.jpg,Normal,0
train,dataset\Hyperspectral_tumor_images\Hyperspectral_kidney_tumor_3669.jpg,Tumor,1
train,dataset\Hyperspectral_normal_images\Hyperspectral_kidney_normal_2292.jpg,Normal,0
train,dataset\Hyperspectral_tumor_images\Hyperspectral_kidney_tumor_3171.jpg,Tumor,1
train,dataset\Hyperspectral_normal_images\Hyperspectral_kidney_normal_0690.jpg,Normal,0
train,dataset\Hyperspectral_tumor_images\Hyperspectral_kidney_tumor_4549.jpg,Tumor,1
train,dataset\Hyperspectral_normal_images\Hyperspectral_kidney_normal_1888.jpg,Normal,0
train,dataset\Hyperspectral_normal_images\Hyperspectral_kidney_normal_4612.jpg,Normal,0
train,dataset\Hyperspectral_tumor_images\Hyperspectral_kidney_tumor_3790.jpg,Tumor,1
train,dataset\Hyperspectral_tumor_images\Hyperspectral_kidney_tumor_2088.jpg,Tumor,1
train,dataset\Hyperspectral_normal_images\Hyperspectral_kidney_normal_1971.jpg,Normal,0
train,dataset\Hyperspectral_tumor_images\Hyperspectral_kidney_tumor_3195.jpg,Tumor,1
train,dataset\Hyperspectral_normal_images\Hyperspectral_kidney_normal_3697.jpg,Normal,0
train,dataset\Hyperspectral_tumor_images\Hyperspectral_kidney_tumor_3474.jpg,Tumor,1
train,dataset\Hyperspectral_normal_images\Hyperspectral_kidney_normal_1549.jpg,Normal,0
train,dataset\Hyperspectral_normal_images\Hyperspectral_kidney_normal_2038.jpg,Normal,0
train,dataset\Hyperspectral_tumor_images\Hyperspectral_kidney_tumor_0997.jpg,Tumor,1
train,dataset\Hyperspectral_normal_images\Hyperspectral_kidney_normal_3757.jpg,Normal,0
train,dataset\Hyperspectral_normal_images\Hyperspectral_kidney_normal_4200.jpg,Normal,0
train,dataset\Hyperspectral_tumor_images\Hyperspectral_kidney_tumor_3395.jpg,Tumor,1
train,dataset\Hyperspectral_normal_images\Hyperspectral_kidney_normal_2727.jpg,Normal,0
train,dataset\Hyperspectral_normal_images\Hyperspectral_kidney_normal_1993.jpg,Normal,0
train,dataset\Hyperspectral_tumor_images\Hyperspectral_kidney_tumor_4280.jpg,Tumor,1
train,dataset\Hyperspectral_tumor_images\Hyperspectral_kidney_tumor_4635.jpg,Tumor,1
train,dataset\Hyperspectral_normal_images\Hyperspectral_kidney_normal_3932.jpg,Normal,0
train,dataset\Hyperspectral_normal_images\Hyperspectral_kidney_normal_1652.jpg,Normal,0
train,dataset\Hyperspectral_normal_images\Hyperspectral_kidney_normal_0288.jpg,Normal,0
train,dataset\Hyperspectral_normal_images\Hyperspectral_kidney_normal_4891.jpg,Normal,0
train,dataset\Hyperspectral_tumor_images\Hyperspectral_kidney_tumor_3044.jpg,Tumor,1
train,dataset\Hyperspectral_normal_images\Hyperspectral_kidney_normal_3339.jpg,Normal,0
train,dataset\Hyperspectral_tumor_images\Hyperspectral_kidney_tumor_0220.jpg,Tumor,1
train,dataset\Hyperspectral_normal_images\Hyperspectral_kidney_normal_2078.jpg,Normal,0
train,dataset\Hyperspectral_tumor_images\Hyperspectral_kidney_tumor_1284.jpg,Tumor,1
train,dataset\Hyperspectral_tumor_images\Hyperspectral_kidney_tumor_1675.jpg,Tumor,1
train,dataset\Hyperspectral_tumor_images\Hyperspectral_kidney_tumor_3200.jpg,Tumor,1
train,dataset\Hyperspectral_normal_images\Hyperspectral_kidney_normal_4939.jpg,Normal,0
train,dataset\Hyperspectral_tumor_images\Hyperspectral_kidney_tumor_3070.jpg,Tumor,1
train,dataset\Hyperspectral_normal_images\Hyperspectral_kidney_normal_4899.jpg,Normal,0
train,dataset\Hyperspectral_tumor_images\Hyperspectral_kidney_tumor_0416.jpg,Tumor,1
train,dataset\Hyperspectral_normal_images\Hyperspectral_kidney_normal_4262.jpg,Normal,0
train,dataset\Hyperspectral_tumor_images\Hyperspectral_kidney_tumor_0033.jpg,Tumor,1
train,dataset\Hyperspectral_normal_images\Hyperspectral_kidney_normal_1767.jpg,Normal,0
train,dataset\Hyperspectral_tumor_images\Hyperspectral_kidney_tumor_4301.jpg,Tumor,1
train,dataset\Hyperspectral_tumor_images\Hyperspectral_kidney_tumor_1176.jpg,Tumor,1
train,dataset\Hyperspectral_tumor_images\Hyperspectral_kidney_tumor_3485.jpg,Tumor,1
train,dataset\Hyperspectral_normal_images\Hyperspectral_kidney_normal_3576.jpg,Normal,0
train,dataset\Hyperspectral_tumor_images\Hyperspectral_kidney_tumor_1011.jpg,Tumor,1
train,dataset\Hyperspectral_tumor_images\Hyperspectral_kidney_tumor_0318.jpg,Tumor,1
train,dataset\Hyperspectral_tumor_images\Hyperspectral_kidney_tumor_0021.jpg,Tumor,1
train,dataset\Hyperspectral_normal_images\Hyperspectral_kidney_normal_2806.jpg,Normal,0
train,dataset\Hyperspectral_tumor_images\Hyperspectral_kidney_tumor_3708.jpg,Tumor,1
train,dataset\Hyperspectral_normal_images\Hyperspectral_kidney_normal_1513.jpg,Normal,0
train,dataset\Hyperspectral_normal_images\Hyperspectral_kidney_normal_1314.jpg,Normal,0
train,dataset\Hyperspectral_tumor_images\Hyperspectral_kidney_tumor_2434.jpg,Tumor,1
train,dataset\Hyperspectral_normal_images\Hyperspectral_kidney_normal_0439.jpg,Normal,0
train,dataset\Hyperspectral_normal_images\Hyperspectral_kidney_normal_3096.jpg,Normal,0
train,dataset\Hyperspectral_tumor_images\Hyperspectral_kidney_tumor_1551.jpg,Tumor,1
train,dataset\Hyperspectral_tumor_images\Hyperspectral_kidney_tumor_4756.jpg,Tumor,1
train,dataset\Hyperspectral_normal_images\Hyperspectral_kidney_normal_0960.jpg,Normal,0
train,dataset\Hyperspectral_tumor_images\Hyperspectral_kidney_tumor_4721.jpg,Tumor,1
train,dataset\Hyperspectral_tumor_images\Hyperspectral_kidney_tumor_3363.jpg,Tumor,1
train,dataset\Hyperspectral_tumor_images\Hyperspectral_kidney_tumor_1926.jpg,Tumor,1
train,dataset\Hyperspectral_tumor_images\Hyperspectral_kidney_tumor_1821.jpg,Tumor,1
train,dataset\Hyperspectral_normal_images\Hyperspectral_kidney_normal_4186.jpg,Normal,0
train,dataset\Hyperspectral_normal_images\Hyperspectral_kidney_normal_1988.jpg,Normal,0
train,dataset\Hyperspectral_tumor_images\Hyperspectral_kidney_tumor_1938.jpg,Tumor,1
train,dataset\Hyperspectral_normal_images\Hyperspectral_kidney_normal_4552.jpg,Normal,0
train,dataset\Hyperspectral_tumor_images\Hyperspectral_kidney_tumor_4845.jpg,Tumor,1
train,dataset\Hyperspectral_tumor_images\Hyperspectral_kidney_tumor_4340.jpg,Tumor,1
train,dataset\Hyperspectral_normal_images\Hyperspectral_kidney_normal_2450.jpg,Normal,0
train,dataset\Hyperspectral_tumor_images\Hyperspectral_kidney_tumor_3664.jpg,Tumor,1
train,dataset\Hyperspectral_normal_images\Hyperspectral_kidney_normal_0802.jpg,Normal,0
train,dataset\Hyperspectral_normal_images\Hyperspectral_kidney_normal_2717.jpg,Normal,0
train,dataset\Hyperspectral_tumor_images\Hyperspectral_kidney_tumor_4100.jpg,Tumor,1
train,dataset\Hyperspectral_tumor_images\Hyperspectral_kidney_tumor_1637.jpg,Tumor,1
train,dataset\Hyperspectral_normal_images\Hyperspectral_kidney_normal_3834.jpg,Normal,0
train,dataset\Hyperspectral_normal_images\Hyperspectral_kidney_normal_2524.jpg,Normal,0
train,dataset\Hyperspectral_tumor_images\Hyperspectral_kidney_tumor_2011.jpg,Tumor,1
train,dataset\Hyperspectral_normal_images\Hyperspectral_kidney_normal_0606.jpg,Normal,0
train,dataset\Hyperspectral_tumor_images\Hyperspectral_kidney_tumor_3413.jpg,Tumor,1
train,dataset\Hyperspectral_normal_images\Hyperspectral_kidney_normal_3417.jpg,Normal,0
train,dataset\Hyperspectral_tumor_images\Hyperspectral_kidney_tumor_4816.jpg,Tumor,1
train,dataset\Hyperspectral_tumor_images\Hyperspectral_kidney_tumor_1110.jpg,Tumor,1
train,dataset\Hyperspectral_tumor_images\Hyperspectral_kidney_tumor_0978.jpg,Tumor,1
train,dataset\Hyperspectral_tumor_images\Hyperspectral_kidney_tumor_0949.jpg,Tumor,1
train,dataset\Hyperspectral_normal_images\Hyperspectral_kidney_normal_1143.jpg,Normal,0
train,dataset\Hyperspectral_normal_images\Hyperspectral_kidney_normal_4857.jpg,Normal,0
train,dataset\Hyperspectral_tumor_images\Hyperspectral_kidney_tumor_3351.jpg,Tumor,1
train,dataset\Hyperspectral_tumor_images\Hyperspectral_kidney_tumor_4311.jpg,Tumor,1
train,dataset\Hyperspectral_normal_images\Hyperspectral_kidney_normal_1587.jpg,Normal,0
train,dataset\Hyperspectral_normal_images\Hyperspectral_kidney_normal_3795.jpg,Normal,0
train,dataset\Hyperspectral_normal_images\Hyperspectral_kidney_normal_0636.jpg,Normal,0
train,dataset\Hyperspectral_tumor_images\Hyperspectral_kidney_tumor_1601.jpg,Tumor,1
train,dataset\Hyperspectral_normal_images\Hyperspectral_kidney_normal_1413.jpg,Normal,0
train,dataset\Hyperspectral_tumor_images\Hyperspectral_kidney_tumor_4515.jpg,Tumor,1
train,dataset\Hyperspectral_normal_images\Hyperspectral_kidney_normal_4913.jpg,Normal,0
train,dataset\Hyperspectral_normal_images\Hyperspectral_kidney_normal_1727.jpg,Normal,0
train,dataset\Hyperspectral_tumor_images\Hyperspectral_kidney_tumor_3144.jpg,Tumor,1
train,dataset\Hyperspectral_normal_images\Hyperspectral_kidney_normal_3630.jpg,Normal,0
train,dataset\Hyperspectral_tumor_images\Hyperspectral_kidney_tumor_0930.jpg,Tumor,1
train,dataset\Hyperspectral_normal_images\Hyperspectral_kidney_normal_1598.jpg,Normal,0
train,dataset\Hyperspectral_normal_images\Hyperspectral_kidney_normal_2986.jpg,Normal,0
train,dataset\Hyperspectral_normal_images\Hyperspectral_kidney_normal_0829.jpg,Normal,0
train,dataset\Hyperspectral_normal_images\Hyperspectral_kidney_normal_0453.jpg,Normal,0
train,dataset\Hyperspectral_normal_images\Hyperspectral_kidney_normal_4626.jpg,Normal,0
train,dataset\Hyperspectral_tumor_images\Hyperspectral_kidney_tumor_4824.jpg,Tumor,1
train,dataset\Hyperspectral_normal_images\Hyperspectral_kidney_normal_2428.jpg,Normal,0
train,dataset\Hyperspectral_tumor_images\Hyperspectral_kidney_tumor_3117.jpg,Tumor,1
train,dataset\Hyperspectral_normal_images\Hyperspectral_kidney_normal_4942.jpg,Normal,0
train,dataset\Hyperspectral_tumor_images\Hyperspectral_kidney_tumor_1634.jpg,Tumor,1
train,dataset\Hyperspectral_normal_images\Hyperspectral_kidney_normal_4934.jpg,Normal,0
train,dataset\Hyperspectral_tumor_images\Hyperspectral_kidney_tumor_2849.jpg,Tumor,1
train,dataset\Hyperspectral_tumor_images\Hyperspectral_kidney_tumor_4414.jpg,Tumor,1
train,dataset\Hyperspectral_normal_images\Hyperspectral_kidney_normal_2761.jpg,Normal,0
train,dataset\Hyperspectral_tumor_images\Hyperspectral_kidney_tumor_0790.jpg,Tumor,1
train,dataset\Hyperspectral_tumor_images\Hyperspectral_kidney_tumor_0725.jpg,Tumor,1
train,dataset\Hyperspectral_tumor_images\Hyperspectral_kidney_tumor_4419.jpg,Tumor,1
train,dataset\Hyperspectral_tumor_images\Hyperspectral_kidney_tumor_0928.jpg,Tumor,1
train,dataset\Hyperspectral_tumor_images\Hyperspectral_kidney_tumor_2714.jpg,Tumor,1
train,dataset\Hyperspectral_tumor_images\Hyperspectral_kidney_tumor_3896.jpg,Tumor,1
train,dataset\Hyperspectral_normal_images\Hyperspectral_kidney_normal_1922.jpg,Normal,0
train,dataset\Hyperspectral_tumor_images\Hyperspectral_kidney_tumor_3148.jpg,Tumor,1
train,dataset\Hyperspectral_tumor_images\Hyperspectral_kidney_tumor_0305.jpg,Tumor,1
train,dataset\Hyperspectral_normal_images\Hyperspectral_kidney_normal_0894.jpg,Normal,0
train,dataset\Hyperspectral_normal_images\Hyperspectral_kidney_normal_3452.jpg,Normal,0
train,dataset\Hyperspectral_normal_images\Hyperspectral_kidney_normal_3184.jpg,Normal,0
train,dataset\Hyperspectral_tumor_images\Hyperspectral_kidney_tumor_2844.jpg,Tumor,1
train,dataset\Hyperspectral_normal_images\Hyperspectral_kidney_normal_3132.jpg,Normal,0
train,dataset\Hyperspectral_normal_images\Hyperspectral_kidney_normal_1712.jpg,Normal,0
train,dataset\Hyperspectral_normal_images\Hyperspectral_kidney_normal_1871.jpg,Normal,0
train,dataset\Hyperspectral_tumor_images\Hyperspectral_kidney_tumor_2581.jpg,Tumor,1
train,dataset\Hyperspectral_tumor_images\Hyperspectral_kidney_tumor_4927.jpg,Tumor,1
train,dataset\Hyperspectral_tumor_images\Hyperspectral_kidney_tumor_2419.jpg,Tumor,1
train,dataset\Hyperspectral_tumor_images\Hyperspectral_kidney_tumor_2443.jpg,Tumor,1
train,dataset\Hyperspectral_tumor_images\Hyperspectral_kidney_tumor_3396.jpg,Tumor,1
train,dataset\Hyperspectral_normal_images\Hyperspectral_kidney_normal_3618.jpg,Normal,0
train,dataset\Hyperspectral_tumor_images\Hyperspectral_kidney_tumor_0246.jpg,Tumor,1
train,dataset\Hyperspectral_tumor_images\Hyperspectral_kidney_tumor_4933.jpg,Tumor,1
train,dataset\Hyperspectral_tumor_images\Hyperspectral_kidney_tumor_2153.jpg,Tumor,1
train,dataset\Hyperspectral_normal_images\Hyperspectral_kidney_normal_0312.jpg,Normal,0
train,dataset\Hyperspectral_tumor_images\Hyperspectral_kidney_tumor_1982.jpg,Tumor,1
train,dataset\Hyperspectral_normal_images\Hyperspectral_kidney_normal_4596.jpg,Normal,0
train,dataset\Hyperspectral_tumor_images\Hyperspectral_kidney_tumor_1207.jpg,Tumor,1
train,dataset\Hyperspectral_normal_images\Hyperspectral_kidney_normal_0188.jpg,Normal,0
train,dataset\Hyperspectral_normal_images\Hyperspectral_kidney_normal_2252.jpg,Normal,0
train,dataset\Hyperspectral_normal_images\Hyperspectral_kidney_normal_4691.jpg,Normal,0
train,dataset\Hyperspectral_tumor_images\Hyperspectral_kidney_tumor_1043.jpg,Tumor,1
train,dataset\Hyperspectral_normal_images\Hyperspectral_kidney_normal_4013.jpg,Normal,0
train,dataset\Hyperspectral_normal_images\Hyperspectral_kidney_normal_0614.jpg,Normal,0
train,dataset\Hyperspectral_tumor_images\Hyperspectral_kidney_tumor_1143.jpg,Tumor,1
train,dataset\Hyperspectral_normal_images\Hyperspectral_kidney_normal_0344.jpg,Normal,0
train,dataset\Hyperspectral_tumor_images\Hyperspectral_kidney_tumor_0032.jpg,Tumor,1
train,dataset\Hyperspectral_normal_images\Hyperspectral_kidney_normal_2494.jpg,Normal,0
train,dataset\Hyperspectral_tumor_images\Hyperspectral_kidney_tumor_0814.jpg,Tumor,1
train,dataset\Hyperspectral_normal_images\Hyperspectral_kidney_normal_0351.jpg,Normal,0
train,dataset\Hyperspectral_normal_images\Hyperspectral_kidney_normal_4221.jpg,Normal,0
train,dataset\Hyperspectral_tumor_images\Hyperspectral_kidney_tumor_2091.jpg,Tumor,1
train,dataset\Hyperspectral_tumor_images\Hyperspectral_kidney_tumor_3977.jpg,Tumor,1
train,dataset\Hyperspectral_normal_images\Hyperspectral_kidney_normal_0589.jpg,Normal,0
train,dataset\Hyperspectral_normal_images\Hyperspectral_kidney_normal_1090.jpg,Normal,0
train,dataset\Hyperspectral_tumor_images\Hyperspectral_kidney_tumor_3489.jpg,Tumor,1
train,dataset\Hyperspectral_tumor_images\Hyperspectral_kidney_tumor_4852.jpg,Tumor,1
train,dataset\Hyperspectral_tumor_images\Hyperspectral_kidney_tumor_4980.jpg,Tumor,1
train,dataset\Hyperspectral_tumor_images\Hyperspectral_kidney_tumor_1201.jpg,Tumor,1
train,dataset\Hyperspectral_tumor_images\Hyperspectral_kidney_tumor_4398.jpg,Tumor,1
train,dataset\Hyperspectral_tumor_images\Hyperspectral_kidney_tumor_0480.jpg,Tumor,1
train,dataset\Hyperspectral_normal_images\Hyperspectral_kidney_normal_4035.jpg,Normal,0
train,dataset\Hyperspectral_tumor_images\Hyperspectral_kidney_tumor_3920.jpg,Tumor,1
train,dataset\Hyperspectral_normal_images\Hyperspectral_kidney_normal_2757.jpg,Normal,0
train,dataset\Hyperspectral_normal_images\Hyperspectral_kidney_normal_1432.jpg,Normal,0
train,dataset\Hyperspectral_tumor_images\Hyperspectral_kidney_tumor_3556.jpg,Tumor,1
train,dataset\Hyperspectral_normal_images\Hyperspectral_kidney_normal_1643.jpg,Normal,0
train,dataset\Hyperspectral_normal_images\Hyperspectral_kidney_normal_2583.jpg,Normal,0
train,dataset\Hyperspectral_tumor_images\Hyperspectral_kidney_tumor_3371.jpg,Tumor,1
train,dataset\Hyperspectral_tumor_images\Hyperspectral_kidney_tumor_0989.jpg,Tumor,1
train,dataset\Hyperspectral_tumor_images\Hyperspectral_kidney_tumor_4780.jpg,Tumor,1
train,dataset\Hyperspectral_tumor_images\Hyperspectral_kidney_tumor_2499.jpg,Tumor,1
train,dataset\Hyperspectral_tumor_images\Hyperspectral_kidney_tumor_2529.jpg,Tumor,1
train,dataset\Hyperspectral_tumor_images\Hyperspectral_kidney_tumor_4434.jpg,Tumor,1
train,dataset\Hyperspectral_tumor_images\Hyperspectral_kidney_tumor_1680.jpg,Tumor,1
train,dataset\Hyperspectral_normal_images\Hyperspectral_kidney_normal_2829.jpg,Normal,0
train,dataset\Hyperspectral_tumor_images\Hyperspectral_kidney_tumor_4829.jpg,Tumor,1
train,dataset\Hyperspectral_normal_images\Hyperspectral_kidney_normal_1286.jpg,Normal,0
train,dataset\Hyperspectral_normal_images\Hyperspectral_kidney_normal_2152.jpg,Normal,0
train,dataset\Hyperspectral_normal_images\Hyperspectral_kidney_normal_4670.jpg,Normal,0
train,dataset\Hyperspectral_normal_images\Hyperspectral_kidney_normal_1825.jpg,Normal,0
train,dataset\Hyperspectral_normal_images\Hyperspectral_kidney_normal_2098.jpg,Normal,0
train,dataset\Hyperspectral_tumor_images\Hyperspectral_kidney_tumor_3863.jpg,Tumor,1
train,dataset\Hyperspectral_tumor_images\Hyperspectral_kidney_tumor_3519.jpg,Tumor,1
train,dataset\Hyperspectral_tumor_images\Hyperspectral_kidney_tumor_4446.jpg,Tumor,1
train,dataset\Hyperspectral_tumor_images\Hyperspectral_kidney_tumor_3189.jpg,Tumor,1
train,dataset\Hyperspectral_normal_images\Hyperspectral_kidney_normal_0546.jpg,Normal,0
train,dataset\Hyperspectral_normal_images\Hyperspectral_kidney_normal_1005.jpg,Normal,0
train,dataset\Hyperspectral_normal_images\Hyperspectral_kidney_normal_1905.jpg,Normal,0
train,dataset\Hyperspectral_tumor_images\Hyperspectral_kidney_tumor_1469.jpg,Tumor,1
train,dataset\Hyperspectral_tumor_images\Hyperspectral_kidney_tumor_4765.jpg,Tumor,1
train,dataset\Hyperspectral_tumor_images\Hyperspectral_kidney_tumor_1361.jpg,Tumor,1
train,dataset\Hyperspectral_normal_images\Hyperspectral_kidney_normal_2011.jpg,Normal,0
train,dataset\Hyperspectral_tumor_images\Hyperspectral_kidney_tumor_3676.jpg,Tumor,1
train,dataset\Hyperspectral_tumor_images\Hyperspectral_kidney_tumor_0134.jpg,Tumor,1
train,dataset\Hyperspectral_tumor_images\Hyperspectral_kidney_tumor_0036.jpg,Tumor,1
train,dataset\Hyperspectral_normal_images\Hyperspectral_kidney_normal_3196.jpg,Normal,0
train,dataset\Hyperspectral_normal_images\Hyperspectral_kidney_normal_0588.jpg,Normal,0
train,dataset\Hyperspectral_tumor_images\Hyperspectral_kidney_tumor_4833.jpg,Tumor,1
train,dataset\Hyperspectral_tumor_images\Hyperspectral_kidney_tumor_2534.jpg,Tumor,1
train,dataset\Hyperspectral_normal_images\Hyperspectral_kidney_normal_2065.jpg,Normal,0
train,dataset\Hyperspectral_normal_images\Hyperspectral_kidney_normal_3083.jpg,Normal,0
train,dataset\Hyperspectral_normal_images\Hyperspectral_kidney_normal_3607.jpg,Normal,0
train,dataset\Hyperspectral_tumor_images\Hyperspectral_kidney_tumor_3890.jpg,Tumor,1
train,dataset\Hyperspectral_tumor_images\Hyperspectral_kidney_tumor_1341.jpg,Tumor,1
train,dataset\Hyperspectral_normal_images\Hyperspectral_kidney_normal_0632.jpg,Normal,0
train,dataset\Hyperspectral_tumor_images\Hyperspectral_kidney_tumor_3457.jpg,Tumor,1
train,dataset\Hyperspectral_tumor_images\Hyperspectral_kidney_tumor_4795.jpg,Tumor,1
train,dataset\Hyperspectral_tumor_images\Hyperspectral_kidney_tumor_4813.jpg,Tumor,1
train,dataset\Hyperspectral_normal_images\Hyperspectral_kidney_normal_2434.jpg,Normal,0
train,dataset\Hyperspectral_normal_images\Hyperspectral_kidney_normal_3505.jpg,Normal,0
train,dataset\Hyperspectral_normal_images\Hyperspectral_kidney_normal_3291.jpg,Normal,0
train,dataset\Hyperspectral_tumor_images\Hyperspectral_kidney_tumor_1613.jpg,Tumor,1
train,dataset\Hyperspectral_tumor_images\Hyperspectral_kidney_tumor_2668.jpg,Tumor,1
train,dataset\Hyperspectral_normal_images\Hyperspectral_kidney_normal_3277.jpg,Normal,0
train,dataset\Hyperspectral_normal_images\Hyperspectral_kidney_normal_2581.jpg,Normal,0
train,dataset\Hyperspectral_normal_images\Hyperspectral_kidney_normal_3959.jpg,Normal,0
train,dataset\Hyperspectral_tumor_images\Hyperspectral_kidney_tumor_0556.jpg,Tumor,1
train,dataset\Hyperspectral_tumor_images\Hyperspectral_kidney_tumor_1099.jpg,Tumor,1
train,dataset\Hyperspectral_tumor_images\Hyperspectral_kidney_tumor_2492.jpg,Tumor,1
train,dataset\Hyperspectral_normal_images\Hyperspectral_kidney_normal_4436.jpg,Normal,0
train,dataset\Hyperspectral_tumor_images\Hyperspectral_kidney_tumor_0901.jpg,Tumor,1
train,dataset\Hyperspectral_tumor_images\Hyperspectral_kidney_tumor_1324.jpg,Tumor,1
train,dataset\Hyperspectral_tumor_images\Hyperspectral_kidney_tumor_4005.jpg,Tumor,1
train,dataset\Hyperspectral_normal_images\Hyperspectral_kidney_normal_1741.jpg,Normal,0
train,dataset\Hyperspectral_normal_images\Hyperspectral_kidney_normal_4491.jpg,Normal,0
train,dataset\Hyperspectral_tumor_images\Hyperspectral_kidney_tumor_3225.jpg,Tumor,1
train,dataset\Hyperspectral_normal_images\Hyperspectral_kidney_normal_1603.jpg,Normal,0
train,dataset\Hyperspectral_normal_images\Hyperspectral_kidney_normal_3014.jpg,Normal,0
train,dataset\Hyperspectral_normal_images\Hyperspectral_kidney_normal_0703.jpg,Normal,0
train,dataset\Hyperspectral_normal_images\Hyperspectral_kidney_normal_0454.jpg,Normal,0
train,dataset\Hyperspectral_normal_images\Hyperspectral_kidney_normal_2180.jpg,Normal,0
train,dataset\Hyperspectral_tumor_images\Hyperspectral_kidney_tumor_4561.jpg,Tumor,1
train,dataset\Hyperspectral_normal_images\Hyperspectral_kidney_normal_1050.jpg,Normal,0
train,dataset\Hyperspectral_normal_images\Hyperspectral_kidney_normal_4750.jpg,Normal,0
train,dataset\Hyperspectral_normal_images\Hyperspectral_kidney_normal_3684.jpg,Normal,0
train,dataset\Hyperspectral_tumor_images\Hyperspectral_kidney_tumor_3399.jpg,Tumor,1
train,dataset\Hyperspectral_normal_images\Hyperspectral_kidney_normal_4163.jpg,Normal,0
train,dataset\Hyperspectral_tumor_images\Hyperspectral_kidney_tumor_3691.jpg,Tumor,1
train,dataset\Hyperspectral_normal_images\Hyperspectral_kidney_normal_4521.jpg,Normal,0
train,dataset\Hyperspectral_tumor_images\Hyperspectral_kidney_tumor_3716.jpg,Tumor,1
train,dataset\Hyperspectral_tumor_images\Hyperspectral_kidney_tumor_1256.jpg,Tumor,1
train,dataset\Hyperspectral_normal_images\Hyperspectral_kidney_normal_2205.jpg,Normal,0
train,dataset\Hyperspectral_normal_images\Hyperspectral_kidney_normal_3716.jpg,Normal,0
train,dataset\Hyperspectral_tumor_images\Hyperspectral_kidney_tumor_2310.jpg,Tumor,1
train,dataset\Hyperspectral_tumor_images\Hyperspectral_kidney_tumor_0245.jpg,Tumor,1
train,dataset\Hyperspectral_tumor_images\Hyperspectral_kidney_tumor_3321.jpg,Tumor,1
train,dataset\Hyperspectral_normal_images\Hyperspectral_kidney_normal_2243.jpg,Normal,0
train,dataset\Hyperspectral_tumor_images\Hyperspectral_kidney_tumor_2501.jpg,Tumor,1
train,dataset\Hyperspectral_tumor_images\Hyperspectral_kidney_tumor_4619.jpg,Tumor,1
train,dataset\Hyperspectral_normal_images\Hyperspectral_kidney_normal_2971.jpg,Normal,0
train,dataset\Hyperspectral_tumor_images\Hyperspectral_kidney_tumor_2795.jpg,Tumor,1
train,dataset\Hyperspectral_tumor_images\Hyperspectral_kidney_tumor_3814.jpg,Tumor,1
train,dataset\Hyperspectral_normal_images\Hyperspectral_kidney_normal_2647.jpg,Normal,0
train,dataset\Hyperspectral_tumor_images\Hyperspectral_kidney_tumor_2623.jpg,Tumor,1
train,dataset\Hyperspectral_tumor_images\Hyperspectral_kidney_tumor_3389.jpg,Tumor,1
train,dataset\Hyperspectral_tumor_images\Hyperspectral_kidney_tumor_2370.jpg,Tumor,1
train,dataset\Hyperspectral_normal_images\Hyperspectral_kidney_normal_2894.jpg,Normal,0
train,dataset\Hyperspectral_normal_images\Hyperspectral_kidney_normal_4130.jpg,Normal,0
train,dataset\Hyperspectral_normal_images\Hyperspectral_kidney_normal_3670.jpg,Normal,0
train,dataset\Hyperspectral_tumor_images\Hyperspectral_kidney_tumor_1767.jpg,Tumor,1
train,dataset\Hyperspectral_normal_images\Hyperspectral_kidney_normal_4157.jpg,Normal,0
train,dataset\Hyperspectral_tumor_images\Hyperspectral_kidney_tumor_4768.jpg,Tumor,1
train,dataset\Hyperspectral_normal_images\Hyperspectral_kidney_normal_3819.jpg,Normal,0
train,dataset\Hyperspectral_tumor_images\Hyperspectral_kidney_tumor_2372.jpg,Tumor,1
train,dataset\Hyperspectral_tumor_images\Hyperspectral_kidney_tumor_1303.jpg,Tumor,1
train,dataset\Hyperspectral_normal_images\Hyperspectral_kidney_normal_1512.jpg,Normal,0
train,dataset\Hyperspectral_tumor_images\Hyperspectral_kidney_tumor_3646.jpg,Tumor,1
train,dataset\Hyperspectral_normal_images\Hyperspectral_kidney_normal_3572.jpg,Normal,0
train,dataset\Hyperspectral_normal_images\Hyperspectral_kidney_normal_1095.jpg,Normal,0
train,dataset\Hyperspectral_tumor_images\Hyperspectral_kidney_tumor_0713.jpg,Tumor,1
train,dataset\Hyperspectral_normal_images\Hyperspectral_kidney_normal_2864.jpg,Normal,0
train,dataset\Hyperspectral_tumor_images\Hyperspectral_kidney_tumor_4025.jpg,Tumor,1
train,dataset\Hyperspectral_tumor_images\Hyperspectral_kidney_tumor_3218.jpg,Tumor,1
train,dataset\Hyperspectral_tumor_images\Hyperspectral_kidney_tumor_4009.jpg,Tumor,1
train,dataset\Hyperspectral_tumor_images\Hyperspectral_kidney_tumor_2401.jpg,Tumor,1
train,dataset\Hyperspectral_tumor_images\Hyperspectral_kidney_tumor_2843.jpg,Tumor,1
train,dataset\Hyperspectral_tumor_images\Hyperspectral_kidney_tumor_0803.jpg,Tumor,1
train,dataset\Hyperspectral_tumor_images\Hyperspectral_kidney_tumor_2883.jpg,Tumor,1
train,dataset\Hyperspectral_normal_images\Hyperspectral_kidney_normal_2904.jpg,Normal,0
train,dataset\Hyperspectral_normal_images\Hyperspectral_kidney_normal_4906.jpg,Normal,0
train,dataset\Hyperspectral_tumor_images\Hyperspectral_kidney_tumor_2138.jpg,Tumor,1
train,dataset\Hyperspectral_tumor_images\Hyperspectral_kidney_tumor_2943.jpg,Tumor,1
train,dataset\Hyperspectral_normal_images\Hyperspectral_kidney_normal_3770.jpg,Normal,0
train,dataset\Hyperspectral_normal_images\Hyperspectral_kidney_normal_1082.jpg,Normal,0
train,dataset\Hyperspectral_tumor_images\Hyperspectral_kidney_tumor_1847.jpg,Tumor,1
train,dataset\Hyperspectral_normal_images\Hyperspectral_kidney_normal_4132.jpg,Normal,0
train,dataset\Hyperspectral_normal_images\Hyperspectral_kidney_normal_1746.jpg,Normal,0
train,dataset\Hyperspectral_normal_images\Hyperspectral_kidney_normal_0892.jpg,Normal,0
train,dataset\Hyperspectral_normal_images\Hyperspectral_kidney_normal_2339.jpg,Normal,0
train,dataset\Hyperspectral_normal_images\Hyperspectral_kidney_normal_0183.jpg,Normal,0
train,dataset\Hyperspectral_tumor_images\Hyperspectral_kidney_tumor_1715.jpg,Tumor,1
train,dataset\Hyperspectral_normal_images\Hyperspectral_kidney_normal_2043.jpg,Normal,0
train,dataset\Hyperspectral_tumor_images\Hyperspectral_kidney_tumor_2162.jpg,Tumor,1
train,dataset\Hyperspectral_tumor_images\Hyperspectral_kidney_tumor_3163.jpg,Tumor,1
train,dataset\Hyperspectral_tumor_images\Hyperspectral_kidney_tumor_0788.jpg,Tumor,1
train,dataset\Hyperspectral_normal_images\Hyperspectral_kidney_normal_2965.jpg,Normal,0
train,dataset\Hyperspectral_tumor_images\Hyperspectral_kidney_tumor_2413.jpg,Tumor,1
train,dataset\Hyperspectral_tumor_images\Hyperspectral_kidney_tumor_4256.jpg,Tumor,1
train,dataset\Hyperspectral_tumor_images\Hyperspectral_kidney_tumor_0409.jpg,Tumor,1
train,dataset\Hyperspectral_tumor_images\Hyperspectral_kidney_tumor_2122.jpg,Tumor,1
train,dataset\Hyperspectral_normal_images\Hyperspectral_kidney_normal_0755.jpg,Normal,0
train,dataset\Hyperspectral_normal_images\Hyperspectral_kidney_normal_0387.jpg,Normal,0
train,dataset\Hyperspectral_tumor_images\Hyperspectral_kidney_tumor_0113.jpg,Tumor,1
train,dataset\Hyperspectral_tumor_images\Hyperspectral_kidney_tumor_3098.jpg,Tumor,1
train,dataset\Hyperspectral_tumor_images\Hyperspectral_kidney_tumor_4696.jpg,Tumor,1
train,dataset\Hyperspectral_tumor_images\Hyperspectral_kidney_tumor_1867.jpg,Tumor,1
train,dataset\Hyperspectral_tumor_images\Hyperspectral_kidney_tumor_0745.jpg,Tumor,1
train,dataset\Hyperspectral_tumor_images\Hyperspectral_kidney_tumor_0555.jpg,Tumor,1
train,dataset\Hyperspectral_normal_images\Hyperspectral_kidney_normal_0388.jpg,Normal,0
train,dataset\Hyperspectral_tumor_images\Hyperspectral_kidney_tumor_0025.jpg,Tumor,1
train,dataset\Hyperspectral_normal_images\Hyperspectral_kidney_normal_0226.jpg,Normal,0
train,dataset\Hyperspectral_normal_images\Hyperspectral_kidney_normal_3065.jpg,Normal,0
train,dataset\Hyperspectral_tumor_images\Hyperspectral_kidney_tumor_4512.jpg,Tumor,1
train,dataset\Hyperspectral_normal_images\Hyperspectral_kidney_normal_0146.jpg,Normal,0
train,dataset\Hyperspectral_tumor_images\Hyperspectral_kidney_tumor_4469.jpg,Tumor,1
train,dataset\Hyperspectral_tumor_images\Hyperspectral_kidney_tumor_2209.jpg,Tumor,1
train,dataset\Hyperspectral_tumor_images\Hyperspectral_kidney_tumor_0520.jpg,Tumor,1
train,dataset\Hyperspectral_normal_images\Hyperspectral_kidney_normal_2541.jpg,Normal,0
train,dataset\Hyperspectral_tumor_images\Hyperspectral_kidney_tumor_0937.jpg,Tumor,1
train,dataset\Hyperspectral_tumor_images\Hyperspectral_kidney_tumor_0944.jpg,Tumor,1
train,dataset\Hyperspectral_normal_images\Hyperspectral_kidney_normal_1310.jpg,Normal,0
train,dataset\Hyperspectral_tumor_images\Hyperspectral_kidney_tumor_2609.jpg,Tumor,1
train,dataset\Hyperspectral_normal_images\Hyperspectral_kidney_normal_2086.jpg,Normal,0
train,dataset\Hyperspectral_tumor_images\Hyperspectral_kidney_tumor_3078.jpg,Tumor,1
train,dataset\Hyperspectral_normal_images\Hyperspectral_kidney_normal_2413.jpg,Normal,0
train,dataset\Hyperspectral_normal_images\Hyperspectral_kidney_normal_3215.jpg,Normal,0
train,dataset\Hyperspectral_normal_images\Hyperspectral_kidney_normal_4777.jpg,Normal,0
train,dataset\Hyperspectral_tumor_images\Hyperspectral_kidney_tumor_1660.jpg,Tumor,1
train,dataset\Hyperspectral_tumor_images\Hyperspectral_kidney_tumor_2887.jpg,Tumor,1
train,dataset\Hyperspectral_normal_images\Hyperspectral_kidney_normal_1791.jpg,Normal,0
train,dataset\Hyperspectral_normal_images\Hyperspectral_kidney_normal_3554.jpg,Normal,0
train,dataset\Hyperspectral_normal_images\Hyperspectral_kidney_normal_3748.jpg,Normal,0
train,dataset\Hyperspectral_normal_images\Hyperspectral_kidney_normal_1640.jpg,Normal,0
train,dataset\Hyperspectral_normal_images\Hyperspectral_kidney_normal_0551.jpg,Normal,0
train,dataset\Hyperspectral_tumor_images\Hyperspectral_kidney_tumor_4763.jpg,Tumor,1
train,dataset\Hyperspectral_normal_images\Hyperspectral_kidney_normal_2131.jpg,Normal,0
train,dataset\Hyperspectral_tumor_images\Hyperspectral_kidney_tumor_0265.jpg,Tumor,1
train,dataset\Hyperspectral_normal_images\Hyperspectral_kidney_normal_1917.jpg,Normal,0
train,dataset\Hyperspectral_normal_images\Hyperspectral_kidney_normal_0967.jpg,Normal,0
train,dataset\Hyperspectral_normal_images\Hyperspectral_kidney_normal_4234.jpg,Normal,0
train,dataset\Hyperspectral_normal_images\Hyperspectral_kidney_normal_2916.jpg,Normal,0
train,dataset\Hyperspectral_normal_images\Hyperspectral_kidney_normal_1671.jpg,Normal,0
train,dataset\Hyperspectral_normal_images\Hyperspectral_kidney_normal_3177.jpg,Normal,0
train,dataset\Hyperspectral_normal_images\Hyperspectral_kidney_normal_0859.jpg,Normal,0
train,dataset\Hyperspectral_tumor_images\Hyperspectral_kidney_tumor_0708.jpg,Tumor,1
train,dataset\Hyperspectral_normal_images\Hyperspectral_kidney_normal_4604.jpg,Normal,0
train,dataset\Hyperspectral_normal_images\Hyperspectral_kidney_normal_3640.jpg,Normal,0
train,dataset\Hyperspectral_tumor_images\Hyperspectral_kidney_tumor_3362.jpg,Tumor,1
train,dataset\Hyperspectral_tumor_images\Hyperspectral_kidney_tumor_0743.jpg,Tumor,1
train,dataset\Hyperspectral_normal_images\Hyperspectral_kidney_normal_2886.jpg,Normal,0
train,dataset\Hyperspectral_tumor_images\Hyperspectral_kidney_tumor_4350.jpg,Tumor,1
train,dataset\Hyperspectral_tumor_images\Hyperspectral_kidney_tumor_0690.jpg,Tumor,1
train,dataset\Hyperspectral_tumor_images\Hyperspectral_kidney_tumor_3636.jpg,Tumor,1
train,dataset\Hyperspectral_normal_images\Hyperspectral_kidney_normal_0006.jpg,Normal,0
train,dataset\Hyperspectral_tumor_images\Hyperspectral_kidney_tumor_3707.jpg,Tumor,1
train,dataset\Hyperspectral_normal_images\Hyperspectral_kidney_normal_0486.jpg,Normal,0
train,dataset\Hyperspectral_normal_images\Hyperspectral_kidney_normal_4549.jpg,Normal,0
train,dataset\Hyperspectral_normal_images\Hyperspectral_kidney_normal_3485.jpg,Normal,0
train,dataset\Hyperspectral_tumor_images\Hyperspectral_kidney_tumor_1687.jpg,Tumor,1
train,dataset\Hyperspectral_normal_images\Hyperspectral_kidney_normal_1115.jpg,Normal,0
train,dataset\Hyperspectral_normal_images\Hyperspectral_kidney_normal_4053.jpg,Normal,0
train,dataset\Hyperspectral_tumor_images\Hyperspectral_kidney_tumor_2724.jpg,Tumor,1
train,dataset\Hyperspectral_tumor_images\Hyperspectral_kidney_tumor_3928.jpg,Tumor,1
train,dataset\Hyperspectral_tumor_images\Hyperspectral_kidney_tumor_4839.jpg,Tumor,1
train,dataset\Hyperspectral_normal_images\Hyperspectral_kidney_normal_0432.jpg,Normal,0
train,dataset\Hyperspectral_tumor_images\Hyperspectral_kidney_tumor_2364.jpg,Tumor,1
train,dataset\Hyperspectral_normal_images\Hyperspectral_kidney_normal_0408.jpg,Normal,0
train,dataset\Hyperspectral_tumor_images\Hyperspectral_kidney_tumor_0902.jpg,Tumor,1
train,dataset\Hyperspectral_tumor_images\Hyperspectral_kidney_tumor_2769.jpg,Tumor,1
train,dataset\Hyperspectral_tumor_images\Hyperspectral_kidney_tumor_3839.jpg,Tumor,1
train,dataset\Hyperspectral_tumor_images\Hyperspectral_kidney_tumor_0199.jpg,Tumor,1
train,dataset\Hyperspectral_normal_images\Hyperspectral_kidney_normal_2668.jpg,Normal,0
train,dataset\Hyperspectral_tumor_images\Hyperspectral_kidney_tumor_2583.jpg,Tumor,1
train,dataset\Hyperspectral_tumor_images\Hyperspectral_kidney_tumor_0879.jpg,Tumor,1
train,dataset\Hyperspectral_tumor_images\Hyperspectral_kidney_tumor_3390.jpg,Tumor,1
train,dataset\Hyperspectral_normal_images\Hyperspectral_kidney_normal_1400.jpg,Normal,0
train,dataset\Hyperspectral_normal_images\Hyperspectral_kidney_normal_4147.jpg,Normal,0
train,dataset\Hyperspectral_normal_images\Hyperspectral_kidney_normal_0504.jpg,Normal,0
train,dataset\Hyperspectral_normal_images\Hyperspectral_kidney_normal_2606.jpg,Normal,0
train,dataset\Hyperspectral_tumor_images\Hyperspectral_kidney_tumor_1307.jpg,Tumor,1
train,dataset\Hyperspectral_tumor_images\Hyperspectral_kidney_tumor_2756.jpg,Tumor,1
train,dataset\Hyperspectral_normal_images\Hyperspectral_kidney_normal_1381.jpg,Normal,0
train,dataset\Hyperspectral_tumor_images\Hyperspectral_kidney_tumor_1744.jpg,Tumor,1
train,dataset\Hyperspectral_tumor_images\Hyperspectral_kidney_tumor_2290.jpg,Tumor,1
train,dataset\Hyperspectral_normal_images\Hyperspectral_kidney_normal_4428.jpg,Normal,0
train,dataset\Hyperspectral_tumor_images\Hyperspectral_kidney_tumor_0434.jpg,Tumor,1
train,dataset\Hyperspectral_normal_images\Hyperspectral_kidney_normal_0265.jpg,Normal,0
train,dataset\Hyperspectral_normal_images\Hyperspectral_kidney_normal_3035.jpg,Normal,0
train,dataset\Hyperspectral_normal_images\Hyperspectral_kidney_normal_0724.jpg,Normal,0
train,dataset\Hyperspectral_normal_images\Hyperspectral_kidney_normal_4126.jpg,Normal,0
train,dataset\Hyperspectral_normal_images\Hyperspectral_kidney_normal_0529.jpg,Normal,0
train,dataset\Hyperspectral_normal_images\Hyperspectral_kidney_normal_3070.jpg,Normal,0
train,dataset\Hyperspectral_normal_images\Hyperspectral_kidney_normal_1465.jpg,Normal,0
train,dataset\Hyperspectral_tumor_images\Hyperspectral_kidney_tumor_0876.jpg,Tumor,1
train,dataset\Hyperspectral_tumor_images\Hyperspectral_kidney_tumor_2675.jpg,Tumor,1
train,dataset\Hyperspectral_normal_images\Hyperspectral_kidney_normal_1979.jpg,Normal,0
train,dataset\Hyperspectral_tumor_images\Hyperspectral_kidney_tumor_0334.jpg,Tumor,1
train,dataset\Hyperspectral_tumor_images\Hyperspectral_kidney_tumor_1896.jpg,Tumor,1
train,dataset\Hyperspectral_normal_images\Hyperspectral_kidney_normal_3252.jpg,Normal,0
train,dataset\Hyperspectral_tumor_images\Hyperspectral_kidney_tumor_1184.jpg,Tumor,1
train,dataset\Hyperspectral_normal_images\Hyperspectral_kidney_normal_2929.jpg,Normal,0
train,dataset\Hyperspectral_normal_images\Hyperspectral_kidney_normal_1657.jpg,Normal,0
train,dataset\Hyperspectral_tumor_images\Hyperspectral_kidney_tumor_3331.jpg,Tumor,1
train,dataset\Hyperspectral_normal_images\Hyperspectral_kidney_normal_4641.jpg,Normal,0
train,dataset\Hyperspectral_tumor_images\Hyperspectral_kidney_tumor_3414.jpg,Tumor,1
train,dataset\Hyperspectral_tumor_images\Hyperspectral_kidney_tumor_3062.jpg,Tumor,1
train,dataset\Hyperspectral_tumor_images\Hyperspectral_kidney_tumor_0942.jpg,Tumor,1
train,dataset\Hyperspectral_normal_images\Hyperspectral_kidney_normal_1199.jpg,Normal,0
train,dataset\Hyperspectral_tumor_images\Hyperspectral_kidney_tumor_1158.jpg,Tumor,1
train,dataset\Hyperspectral_tumor_images\Hyperspectral_kidney_tumor_2229.jpg,Tumor,1
train,dataset\Hyperspectral_tumor_images\Hyperspectral_kidney_tumor_1691.jpg,Tumor,1
train,dataset\Hyperspectral_normal_images\Hyperspectral_kidney_normal_4229.jpg,Normal,0
train,dataset\Hyperspectral_tumor_images\Hyperspectral_kidney_tumor_1624.jpg,Tumor,1
train,dataset\Hyperspectral_normal_images\Hyperspectral_kidney_normal_4144.jpg,Normal,0
train,dataset\Hyperspectral_tumor_images\Hyperspectral_kidney_tumor_3574.jpg,Tumor,1
train,dataset\Hyperspectral_tumor_images\Hyperspectral_kidney_tumor_0038.jpg,Tumor,1
train,dataset\Hyperspectral_tumor_images\Hyperspectral_kidney_tumor_3138.jpg,Tumor,1
train,dataset\Hyperspectral_normal_images\Hyperspectral_kidney_normal_0325.jpg,Normal,0
train,dataset\Hyperspectral_normal_images\Hyperspectral_kidney_normal_3426.jpg,Normal,0
train,dataset\Hyperspectral_tumor_images\Hyperspectral_kidney_tumor_2201.jpg,Tumor,1
train,dataset\Hyperspectral_normal_images\Hyperspectral_kidney_normal_1160.jpg,Normal,0
train,dataset\Hyperspectral_normal_images\Hyperspectral_kidney_normal_0424.jpg,Normal,0
train,dataset\Hyperspectral_normal_images\Hyperspectral_kidney_normal_1606.jpg,Normal,0
train,dataset\Hyperspectral_normal_images\Hyperspectral_kidney_normal_2982.jpg,Normal,0
train,dataset\Hyperspectral_normal_images\Hyperspectral_kidney_normal_0603.jpg,Normal,0
train,dataset\Hyperspectral_normal_images\Hyperspectral_kidney_normal_2892.jpg,Normal,0
train,dataset\Hyperspectral_normal_images\Hyperspectral_kidney_normal_1698.jpg,Normal,0
train,dataset\Hyperspectral_normal_images\Hyperspectral_kidney_normal_3949.jpg,Normal,0
train,dataset\Hyperspectral_normal_images\Hyperspectral_kidney_normal_1699.jpg,Normal,0
train,dataset\Hyperspectral_tumor_images\Hyperspectral_kidney_tumor_1590.jpg,Tumor,1
train,dataset\Hyperspectral_tumor_images\Hyperspectral_kidney_tumor_0066.jpg,Tumor,1
train,dataset\Hyperspectral_normal_images\Hyperspectral_kidney_normal_3924.jpg,Normal,0
train,dataset\Hyperspectral_tumor_images\Hyperspectral_kidney_tumor_4612.jpg,Tumor,1
train,dataset\Hyperspectral_normal_images\Hyperspectral_kidney_normal_3364.jpg,Normal,0
train,dataset\Hyperspectral_tumor_images\Hyperspectral_kidney_tumor_4592.jpg,Tumor,1
train,dataset\Hyperspectral_tumor_images\Hyperspectral_kidney_tumor_2722.jpg,Tumor,1
train,dataset\Hyperspectral_tumor_images\Hyperspectral_kidney_tumor_2929.jpg,Tumor,1
train,dataset\Hyperspectral_normal_images\Hyperspectral_kidney_normal_0093.jpg,Normal,0
train,dataset\Hyperspectral_normal_images\Hyperspectral_kidney_normal_3519.jpg,Normal,0
train,dataset\Hyperspectral_normal_images\Hyperspectral_kidney_normal_1077.jpg,Normal,0
train,dataset\Hyperspectral_normal_images\Hyperspectral_kidney_normal_1111.jpg,Normal,0
train,dataset\Hyperspectral_normal_images\Hyperspectral_kidney_normal_0067.jpg,Normal,0
train,dataset\Hyperspectral_tumor_images\Hyperspectral_kidney_tumor_2759.jpg,Tumor,1
train,dataset\Hyperspectral_normal_images\Hyperspectral_kidney_normal_1357.jpg,Normal,0
train,dataset\Hyperspectral_tumor_images\Hyperspectral_kidney_tumor_3606.jpg,Tumor,1
train,dataset\Hyperspectral_tumor_images\Hyperspectral_kidney_tumor_4882.jpg,Tumor,1
train,dataset\Hyperspectral_tumor_images\Hyperspectral_kidney_tumor_1335.jpg,Tumor,1
train,dataset\Hyperspectral_normal_images\Hyperspectral_kidney_normal_2426.jpg,Normal,0
train,dataset\Hyperspectral_normal_images\Hyperspectral_kidney_normal_4740.jpg,Normal,0
train,dataset\Hyperspectral_normal_images\Hyperspectral_kidney_normal_3121.jpg,Normal,0
train,dataset\Hyperspectral_normal_images\Hyperspectral_kidney_normal_3734.jpg,Normal,0
train,dataset\Hyperspectral_tumor_images\Hyperspectral_kidney_tumor_2633.jpg,Tumor,1
train,dataset\Hyperspectral_tumor_images\Hyperspectral_kidney_tumor_4564.jpg,Tumor,1
train,dataset\Hyperspectral_normal_images\Hyperspectral_kidney_normal_1407.jpg,Normal,0
train,dataset\Hyperspectral_normal_images\Hyperspectral_kidney_normal_1085.jpg,Normal,0
train,dataset\Hyperspectral_normal_images\Hyperspectral_kidney_normal_0716.jpg,Normal,0
train,dataset\Hyperspectral_normal_images\Hyperspectral_kidney_normal_4632.jpg,Normal,0
train,dataset\Hyperspectral_tumor_images\Hyperspectral_kidney_tumor_1123.jpg,Tumor,1
train,dataset\Hyperspectral_normal_images\Hyperspectral_kidney_normal_2147.jpg,Normal,0
train,dataset\Hyperspectral_tumor_images\Hyperspectral_kidney_tumor_1347.jpg,Tumor,1
train,dataset\Hyperspectral_tumor_images\Hyperspectral_kidney_tumor_0424.jpg,Tumor,1
train,dataset\Hyperspectral_normal_images\Hyperspectral_kidney_normal_3268.jpg,Normal,0
train,dataset\Hyperspectral_tumor_images\Hyperspectral_kidney_tumor_4590.jpg,Tumor,1
train,dataset\Hyperspectral_tumor_images\Hyperspectral_kidney_tumor_4292.jpg,Tumor,1
train,dataset\Hyperspectral_tumor_images\Hyperspectral_kidney_tumor_0584.jpg,Tumor,1
train,dataset\Hyperspectral_normal_images\Hyperspectral_kidney_normal_0583.jpg,Normal,0
train,dataset\Hyperspectral_tumor_images\Hyperspectral_kidney_tumor_3626.jpg,Tumor,1
train,dataset\Hyperspectral_tumor_images\Hyperspectral_kidney_tumor_1647.jpg,Tumor,1
train,dataset\Hyperspectral_tumor_images\Hyperspectral_kidney_tumor_3150.jpg,Tumor,1
train,dataset\Hyperspectral_normal_images\Hyperspectral_kidney_normal_0175.jpg,Normal,0
train,dataset\Hyperspectral_normal_images\Hyperspectral_kidney_normal_4277.jpg,Normal,0
train,dataset\Hyperspectral_normal_images\Hyperspectral_kidney_normal_1145.jpg,Normal,0
train,dataset\Hyperspectral_normal_images\Hyperspectral_kidney_normal_2808.jpg,Normal,0
train,dataset\Hyperspectral_normal_images\Hyperspectral_kidney_normal_0620.jpg,Normal,0
train,dataset\Hyperspectral_normal_images\Hyperspectral_kidney_normal_3842.jpg,Normal,0
train,dataset\Hyperspectral_normal_images\Hyperspectral_kidney_normal_1530.jpg,Normal,0
train,dataset\Hyperspectral_tumor_images\Hyperspectral_kidney_tumor_1635.jpg,Tumor,1
train,dataset\Hyperspectral_tumor_images\Hyperspectral_kidney_tumor_1564.jpg,Tumor,1
train,dataset\Hyperspectral_tumor_images\Hyperspectral_kidney_tumor_0493.jpg,Tumor,1
train,dataset\Hyperspectral_tumor_images\Hyperspectral_kidney_tumor_4104.jpg,Tumor,1
train,dataset\Hyperspectral_tumor_images\Hyperspectral_kidney_tumor_4911.jpg,Tumor,1
train,dataset\Hyperspectral_normal_images\Hyperspectral_kidney_normal_3490.jpg,Normal,0
train,dataset\Hyperspectral_tumor_images\Hyperspectral_kidney_tumor_2698.jpg,Tumor,1
train,dataset\Hyperspectral_normal_images\Hyperspectral_kidney_normal_2154.jpg,Normal,0
train,dataset\Hyperspectral_normal_images\Hyperspectral_kidney_normal_0774.jpg,Normal,0
train,dataset\Hyperspectral_normal_images\Hyperspectral_kidney_normal_1138.jpg,Normal,0
train,dataset\Hyperspectral_normal_images\Hyperspectral_kidney_normal_3409.jpg,Normal,0
train,dataset\Hyperspectral_normal_images\Hyperspectral_kidney_normal_0883.jpg,Normal,0
train,dataset\Hyperspectral_normal_images\Hyperspectral_kidney_normal_1049.jpg,Normal,0
train,dataset\Hyperspectral_normal_images\Hyperspectral_kidney_normal_0256.jpg,Normal,0
train,dataset\Hyperspectral_normal_images\Hyperspectral_kidney_normal_0940.jpg,Normal,0
train,dataset\Hyperspectral_normal_images\Hyperspectral_kidney_normal_3974.jpg,Normal,0
train,dataset\Hyperspectral_tumor_images\Hyperspectral_kidney_tumor_3013.jpg,Tumor,1
train,dataset\Hyperspectral_normal_images\Hyperspectral_kidney_normal_0926.jpg,Normal,0
train,dataset\Hyperspectral_tumor_images\Hyperspectral_kidney_tumor_1755.jpg,Tumor,1
train,dataset\Hyperspectral_tumor_images\Hyperspectral_kidney_tumor_1431.jpg,Tumor,1
train,dataset\Hyperspectral_tumor_images\Hyperspectral_kidney_tumor_1016.jpg,Tumor,1
train,dataset\Hyperspectral_tumor_images\Hyperspectral_kidney_tumor_1889.jpg,Tumor,1
train,dataset\Hyperspectral_tumor_images\Hyperspectral_kidney_tumor_2646.jpg,Tumor,1
train,dataset\Hyperspectral_tumor_images\Hyperspectral_kidney_tumor_4223.jpg,Tumor,1
train,dataset\Hyperspectral_tumor_images\Hyperspectral_kidney_tumor_2020.jpg,Tumor,1
train,dataset\Hyperspectral_normal_images\Hyperspectral_kidney_normal_0099.jpg,Normal,0
train,dataset\Hyperspectral_tumor_images\Hyperspectral_kidney_tumor_2302.jpg,Tumor,1
train,dataset\Hyperspectral_tumor_images\Hyperspectral_kidney_tumor_0018.jpg,Tumor,1
train,dataset\Hyperspectral_tumor_images\Hyperspectral_kidney_tumor_3280.jpg,Tumor,1
train,dataset\Hyperspectral_tumor_images\Hyperspectral_kidney_tumor_2782.jpg,Tumor,1
train,dataset\Hyperspectral_normal_images\Hyperspectral_kidney_normal_3918.jpg,Normal,0
train,dataset\Hyperspectral_tumor_images\Hyperspectral_kidney_tumor_3436.jpg,Tumor,1
train,dataset\Hyperspectral_tumor_images\Hyperspectral_kidney_tumor_3905.jpg,Tumor,1
train,dataset\Hyperspectral_normal_images\Hyperspectral_kidney_normal_4358.jpg,Normal,0
train,dataset\Hyperspectral_normal_images\Hyperspectral_kidney_normal_3603.jpg,Normal,0
train,dataset\Hyperspectral_tumor_images\Hyperspectral_kidney_tumor_1376.jpg,Tumor,1
train,dataset\Hyperspectral_tumor_images\Hyperspectral_kidney_tumor_1771.jpg,Tumor,1
train,dataset\Hyperspectral_normal_images\Hyperspectral_kidney_normal_0794.jpg,Normal,0
train,dataset\Hyperspectral_tumor_images\Hyperspectral_kidney_tumor_2869.jpg,Tumor,1
train,dataset\Hyperspectral_normal_images\Hyperspectral_kidney_normal_4512.jpg,Normal,0
train,dataset\Hyperspectral_normal_images\Hyperspectral_kidney_normal_0743.jpg,Normal,0
train,dataset\Hyperspectral_normal_images\Hyperspectral_kidney_normal_3551.jpg,Normal,0
train,dataset\Hyperspectral_normal_images\Hyperspectral_kidney_normal_1656.jpg,Normal,0
train,dataset\Hyperspectral_normal_images\Hyperspectral_kidney_normal_2134.jpg,Normal,0
train,dataset\Hyperspectral_normal_images\Hyperspectral_kidney_normal_3981.jpg,Normal,0
train,dataset\Hyperspectral_tumor_images\Hyperspectral_kidney_tumor_4828.jpg,Tumor,1
train,dataset\Hyperspectral_normal_images\Hyperspectral_kidney_normal_2049.jpg,Normal,0
train,dataset\Hyperspectral_tumor_images\Hyperspectral_kidney_tumor_1190.jpg,Tumor,1
train,dataset\Hyperspectral_tumor_images\Hyperspectral_kidney_tumor_1940.jpg,Tumor,1
train,dataset\Hyperspectral_normal_images\Hyperspectral_kidney_normal_3479.jpg,Normal,0
train,dataset\Hyperspectral_normal_images\Hyperspectral_kidney_normal_4783.jpg,Normal,0
train,dataset\Hyperspectral_tumor_images\Hyperspectral_kidney_tumor_2989.jpg,Tumor,1
train,dataset\Hyperspectral_tumor_images\Hyperspectral_kidney_tumor_4491.jpg,Tumor,1
train,dataset\Hyperspectral_tumor_images\Hyperspectral_kidney_tumor_0840.jpg,Tumor,1
train,dataset\Hyperspectral_tumor_images\Hyperspectral_kidney_tumor_4110.jpg,Tumor,1
train,dataset\Hyperspectral_tumor_images\Hyperspectral_kidney_tumor_1786.jpg,Tumor,1
train,dataset\Hyperspectral_normal_images\Hyperspectral_kidney_normal_3650.jpg,Normal,0
train,dataset\Hyperspectral_normal_images\Hyperspectral_kidney_normal_2891.jpg,Normal,0
train,dataset\Hyperspectral_tumor_images\Hyperspectral_kidney_tumor_0048.jpg,Tumor,1
train,dataset\Hyperspectral_tumor_images\Hyperspectral_kidney_tumor_2615.jpg,Tumor,1
train,dataset\Hyperspectral_tumor_images\Hyperspectral_kidney_tumor_4840.jpg,Tumor,1
train,dataset\Hyperspectral_normal_images\Hyperspectral_kidney_normal_1255.jpg,Normal,0
train,dataset\Hyperspectral_tumor_images\Hyperspectral_kidney_tumor_2004.jpg,Tumor,1
train,dataset\Hyperspectral_tumor_images\Hyperspectral_kidney_tumor_3908.jpg,Tumor,1
train,dataset\Hyperspectral_tumor_images\Hyperspectral_kidney_tumor_4479.jpg,Tumor,1
train,dataset\Hyperspectral_normal_images\Hyperspectral_kidney_normal_0072.jpg,Normal,0
train,dataset\Hyperspectral_tumor_images\Hyperspectral_kidney_tumor_1555.jpg,Tumor,1
train,dataset\Hyperspectral_normal_images\Hyperspectral_kidney_normal_0441.jpg,Normal,0
train,dataset\Hyperspectral_tumor_images\Hyperspectral_kidney_tumor_0980.jpg,Tumor,1
train,dataset\Hyperspectral_normal_images\Hyperspectral_kidney_normal_4203.jpg,Normal,0
train,dataset\Hyperspectral_tumor_images\Hyperspectral_kidney_tumor_4302.jpg,Tumor,1
train,dataset\Hyperspectral_tumor_images\Hyperspectral_kidney_tumor_3829.jpg,Tumor,1
train,dataset\Hyperspectral_tumor_images\Hyperspectral_kidney_tumor_0420.jpg,Tumor,1
train,dataset\Hyperspectral_tumor_images\Hyperspectral_kidney_tumor_2700.jpg,Tumor,1
train,dataset\Hyperspectral_normal_images\Hyperspectral_kidney_normal_0335.jpg,Normal,0
train,dataset\Hyperspectral_normal_images\Hyperspectral_kidney_normal_0320.jpg,Normal,0
train,dataset\Hyperspectral_normal_images\Hyperspectral_kidney_normal_0051.jpg,Normal,0
train,dataset\Hyperspectral_tumor_images\Hyperspectral_kidney_tumor_3177.jpg,Tumor,1
train,dataset\Hyperspectral_normal_images\Hyperspectral_kidney_normal_1907.jpg,Normal,0
train,dataset\Hyperspectral_tumor_images\Hyperspectral_kidney_tumor_2406.jpg,Tumor,1
train,dataset\Hyperspectral_tumor_images\Hyperspectral_kidney_tumor_1337.jpg,Tumor,1
train,dataset\Hyperspectral_tumor_images\Hyperspectral_kidney_tumor_4819.jpg,Tumor,1
train,dataset\Hyperspectral_tumor_images\Hyperspectral_kidney_tumor_3261.jpg,Tumor,1
train,dataset\Hyperspectral_normal_images\Hyperspectral_kidney_normal_4306.jpg,Normal,0
train,dataset\Hyperspectral_tumor_images\Hyperspectral_kidney_tumor_2936.jpg,Tumor,1
train,dataset\Hyperspectral_tumor_images\Hyperspectral_kidney_tumor_4361.jpg,Tumor,1
train,dataset\Hyperspectral_normal_images\Hyperspectral_kidney_normal_4773.jpg,Normal,0
train,dataset\Hyperspectral_tumor_images\Hyperspectral_kidney_tumor_3010.jpg,Tumor,1
train,dataset\Hyperspectral_normal_images\Hyperspectral_kidney_normal_4621.jpg,Normal,0
train,dataset\Hyperspectral_tumor_images\Hyperspectral_kidney_tumor_1381.jpg,Tumor,1
train,dataset\Hyperspectral_tumor_images\Hyperspectral_kidney_tumor_3761.jpg,Tumor,1
train,dataset\Hyperspectral_tumor_images\Hyperspectral_kidney_tumor_4089.jpg,Tumor,1
train,dataset\Hyperspectral_normal_images\Hyperspectral_kidney_normal_0798.jpg,Normal,0
train,dataset\Hyperspectral_normal_images\Hyperspectral_kidney_normal_3526.jpg,Normal,0
train,dataset\Hyperspectral_normal_images\Hyperspectral_kidney_normal_1055.jpg,Normal,0
train,dataset\Hyperspectral_tumor_images\Hyperspectral_kidney_tumor_2117.jpg,Tumor,1
train,dataset\Hyperspectral_tumor_images\Hyperspectral_kidney_tumor_2213.jpg,Tumor,1
train,dataset\Hyperspectral_normal_images\Hyperspectral_kidney_normal_4812.jpg,Normal,0
train,dataset\Hyperspectral_tumor_images\Hyperspectral_kidney_tumor_0269.jpg,Tumor,1
train,dataset\Hyperspectral_tumor_images\Hyperspectral_kidney_tumor_2210.jpg,Tumor,1
train,dataset\Hyperspectral_tumor_images\Hyperspectral_kidney_tumor_0772.jpg,Tumor,1
train,dataset\Hyperspectral_tumor_images\Hyperspectral_kidney_tumor_3758.jpg,Tumor,1
train,dataset\Hyperspectral_normal_images\Hyperspectral_kidney_normal_4218.jpg,Normal,0
train,dataset\Hyperspectral_normal_images\Hyperspectral_kidney_normal_2116.jpg,Normal,0
train,dataset\Hyperspectral_normal_images\Hyperspectral_kidney_normal_2927.jpg,Normal,0
train,dataset\Hyperspectral_normal_images\Hyperspectral_kidney_normal_3264.jpg,Normal,0
train,dataset\Hyperspectral_normal_images\Hyperspectral_kidney_normal_1709.jpg,Normal,0
train,dataset\Hyperspectral_normal_images\Hyperspectral_kidney_normal_2025.jpg,Normal,0
train,dataset\Hyperspectral_normal_images\Hyperspectral_kidney_normal_1840.jpg,Normal,0
train,dataset\Hyperspectral_tumor_images\Hyperspectral_kidney_tumor_3816.jpg,Tumor,1
train,dataset\Hyperspectral_tumor_images\Hyperspectral_kidney_tumor_0655.jpg,Tumor,1
train,dataset\Hyperspectral_normal_images\Hyperspectral_kidney_normal_4574.jpg,Normal,0
train,dataset\Hyperspectral_normal_images\Hyperspectral_kidney_normal_1847.jpg,Normal,0
train,dataset\Hyperspectral_tumor_images\Hyperspectral_kidney_tumor_3854.jpg,Tumor,1
train,dataset\Hyperspectral_tumor_images\Hyperspectral_kidney_tumor_0198.jpg,Tumor,1
train,dataset\Hyperspectral_normal_images\Hyperspectral_kidney_normal_4179.jpg,Normal,0
train,dataset\Hyperspectral_tumor_images\Hyperspectral_kidney_tumor_2309.jpg,Tumor,1
train,dataset\Hyperspectral_tumor_images\Hyperspectral_kidney_tumor_3531.jpg,Tumor,1
train,dataset\Hyperspectral_tumor_images\Hyperspectral_kidney_tumor_4810.jpg,Tumor,1
train,dataset\Hyperspectral_normal_images\Hyperspectral_kidney_normal_0172.jpg,Normal,0
train,dataset\Hyperspectral_tumor_images\Hyperspectral_kidney_tumor_0602.jpg,Tumor,1
train,dataset\Hyperspectral_normal_images\Hyperspectral_kidney_normal_2687.jpg,Normal,0
train,dataset\Hyperspectral_normal_images\Hyperspectral_kidney_normal_0361.jpg,Normal,0
train,dataset\Hyperspectral_tumor_images\Hyperspectral_kidney_tumor_1153.jpg,Tumor,1
train,dataset\Hyperspectral_normal_images\Hyperspectral_kidney_normal_0192.jpg,Normal,0
train,dataset\Hyperspectral_normal_images\Hyperspectral_kidney_normal_4208.jpg,Normal,0
train,dataset\Hyperspectral_normal_images\Hyperspectral_kidney_normal_2848.jpg,Normal,0
train,dataset\Hyperspectral_normal_images\Hyperspectral_kidney_normal_3476.jpg,Normal,0
train,dataset\Hyperspectral_tumor_images\Hyperspectral_kidney_tumor_2378.jpg,Tumor,1
train,dataset\Hyperspectral_tumor_images\Hyperspectral_kidney_tumor_0565.jpg,Tumor,1
train,dataset\Hyperspectral_tumor_images\Hyperspectral_kidney_tumor_2243.jpg,Tumor,1
train,dataset\Hyperspectral_normal_images\Hyperspectral_kidney_normal_1649.jpg,Normal,0
train,dataset\Hyperspectral_normal_images\Hyperspectral_kidney_normal_2288.jpg,Normal,0
train,dataset\Hyperspectral_normal_images\Hyperspectral_kidney_normal_3208.jpg,Normal,0
train,dataset\Hyperspectral_normal_images\Hyperspectral_kidney_normal_2370.jpg,Normal,0
train,dataset\Hyperspectral_tumor_images\Hyperspectral_kidney_tumor_3477.jpg,Tumor,1
train,dataset\Hyperspectral_normal_images\Hyperspectral_kidney_normal_3237.jpg,Normal,0
train,dataset\Hyperspectral_normal_images\Hyperspectral_kidney_normal_3539.jpg,Normal,0
train,dataset\Hyperspectral_normal_images\Hyperspectral_kidney_normal_1292.jpg,Normal,0
train,dataset\Hyperspectral_normal_images\Hyperspectral_kidney_normal_0888.jpg,Normal,0
train,dataset\Hyperspectral_tumor_images\Hyperspectral_kidney_tumor_4276.jpg,Tumor,1
train,dataset\Hyperspectral_normal_images\Hyperspectral_kidney_normal_1338.jpg,Normal,0
train,dataset\Hyperspectral_tumor_images\Hyperspectral_kidney_tumor_3831.jpg,Tumor,1
train,dataset\Hyperspectral_tumor_images\Hyperspectral_kidney_tumor_2653.jpg,Tumor,1
train,dataset\Hyperspectral_normal_images\Hyperspectral_kidney_normal_3019.jpg,Normal,0
train,dataset\Hyperspectral_normal_images\Hyperspectral_kidney_normal_4900.jpg,Normal,0
train,dataset\Hyperspectral_normal_images\Hyperspectral_kidney_normal_2118.jpg,Normal,0
train,dataset\Hyperspectral_tumor_images\Hyperspectral_kidney_tumor_4266.jpg,Tumor,1
train,dataset\Hyperspectral_tumor_images\Hyperspectral_kidney_tumor_1892.jpg,Tumor,1
train,dataset\Hyperspectral_tumor_images\Hyperspectral_kidney_tumor_1595.jpg,Tumor,1
train,dataset\Hyperspectral_normal_images\Hyperspectral_kidney_normal_0821.jpg,Normal,0
train,dataset\Hyperspectral_tumor_images\Hyperspectral_kidney_tumor_1093.jpg,Tumor,1
train,dataset\Hyperspectral_normal_images\Hyperspectral_kidney_normal_2931.jpg,Normal,0
train,dataset\Hyperspectral_tumor_images\Hyperspectral_kidney_tumor_0052.jpg,Tumor,1
train,dataset\Hyperspectral_tumor_images\Hyperspectral_kidney_tumor_1914.jpg,Tumor,1
train,dataset\Hyperspectral_normal_images\Hyperspectral_kidney_normal_3460.jpg,Normal,0
train,dataset\Hyperspectral_normal_images\Hyperspectral_kidney_normal_0875.jpg,Normal,0
train,dataset\Hyperspectral_tumor_images\Hyperspectral_kidney_tumor_2576.jpg,Tumor,1
train,dataset\Hyperspectral_normal_images\Hyperspectral_kidney_normal_2775.jpg,Normal,0
train,dataset\Hyperspectral_normal_images\Hyperspectral_kidney_normal_3760.jpg,Normal,0
train,dataset\Hyperspectral_tumor_images\Hyperspectral_kidney_tumor_1603.jpg,Tumor,1
train,dataset\Hyperspectral_tumor_images\Hyperspectral_kidney_tumor_0914.jpg,Tumor,1
train,dataset\Hyperspectral_normal_images\Hyperspectral_kidney_normal_1187.jpg,Normal,0
train,dataset\Hyperspectral_tumor_images\Hyperspectral_kidney_tumor_0617.jpg,Tumor,1
train,dataset\Hyperspectral_tumor_images\Hyperspectral_kidney_tumor_3614.jpg,Tumor,1
train,dataset\Hyperspectral_tumor_images\Hyperspectral_kidney_tumor_1221.jpg,Tumor,1
train,dataset\Hyperspectral_tumor_images\Hyperspectral_kidney_tumor_2226.jpg,Tumor,1
train,dataset\Hyperspectral_tumor_images\Hyperspectral_kidney_tumor_0761.jpg,Tumor,1
train,dataset\Hyperspectral_normal_images\Hyperspectral_kidney_normal_4128.jpg,Normal,0
train,dataset\Hyperspectral_tumor_images\Hyperspectral_kidney_tumor_3108.jpg,Tumor,1
train,dataset\Hyperspectral_tumor_images\Hyperspectral_kidney_tumor_2422.jpg,Tumor,1
train,dataset\Hyperspectral_tumor_images\Hyperspectral_kidney_tumor_2365.jpg,Tumor,1
train,dataset\Hyperspectral_normal_images\Hyperspectral_kidney_normal_0776.jpg,Normal,0
train,dataset\Hyperspectral_normal_images\Hyperspectral_kidney_normal_4176.jpg,Normal,0
train,dataset\Hyperspectral_tumor_images\Hyperspectral_kidney_tumor_1145.jpg,Tumor,1
train,dataset\Hyperspectral_normal_images\Hyperspectral_kidney_normal_2094.jpg,Normal,0
train,dataset\Hyperspectral_tumor_images\Hyperspectral_kidney_tumor_0114.jpg,Tumor,1
train,dataset\Hyperspectral_normal_images\Hyperspectral_kidney_normal_0378.jpg,Normal,0
train,dataset\Hyperspectral_tumor_images\Hyperspectral_kidney_tumor_4969.jpg,Tumor,1
train,dataset\Hyperspectral_tumor_images\Hyperspectral_kidney_tumor_4064.jpg,Tumor,1
train,dataset\Hyperspectral_tumor_images\Hyperspectral_kidney_tumor_4754.jpg,Tumor,1
train,dataset\Hyperspectral_tumor_images\Hyperspectral_kidney_tumor_1127.jpg,Tumor,1
train,dataset\Hyperspectral_tumor_images\Hyperspectral_kidney_tumor_0659.jpg,Tumor,1
train,dataset\Hyperspectral_tumor_images\Hyperspectral_kidney_tumor_4753.jpg,Tumor,1
train,dataset\Hyperspectral_tumor_images\Hyperspectral_kidney_tumor_3054.jpg,Tumor,1
train,dataset\Hyperspectral_normal_images\Hyperspectral_kidney_normal_2755.jpg,Normal,0
train,dataset\Hyperspectral_tumor_images\Hyperspectral_kidney_tumor_0130.jpg,Tumor,1
train,dataset\Hyperspectral_normal_images\Hyperspectral_kidney_normal_3930.jpg,Normal,0
train,dataset\Hyperspectral_normal_images\Hyperspectral_kidney_normal_3284.jpg,Normal,0
train,dataset\Hyperspectral_tumor_images\Hyperspectral_kidney_tumor_0383.jpg,Tumor,1
train,dataset\Hyperspectral_normal_images\Hyperspectral_kidney_normal_1641.jpg,Normal,0
train,dataset\Hyperspectral_tumor_images\Hyperspectral_kidney_tumor_0506.jpg,Tumor,1
train,dataset\Hyperspectral_normal_images\Hyperspectral_kidney_normal_4256.jpg,Normal,0
train,dataset\Hyperspectral_tumor_images\Hyperspectral_kidney_tumor_2173.jpg,Tumor,1
train,dataset\Hyperspectral_tumor_images\Hyperspectral_kidney_tumor_2611.jpg,Tumor,1
train,dataset\Hyperspectral_normal_images\Hyperspectral_kidney_normal_3624.jpg,Normal,0
train,dataset\Hyperspectral_normal_images\Hyperspectral_kidney_normal_3049.jpg,Normal,0
train,dataset\Hyperspectral_normal_images\Hyperspectral_kidney_normal_3372.jpg,Normal,0
train,dataset\Hyperspectral_normal_images\Hyperspectral_kidney_normal_1812.jpg,Normal,0
train,dataset\Hyperspectral_normal_images\Hyperspectral_kidney_normal_0781.jpg,Normal,0
train,dataset\Hyperspectral_normal_images\Hyperspectral_kidney_normal_3931.jpg,Normal,0
train,dataset\Hyperspectral_normal_images\Hyperspectral_kidney_normal_1113.jpg,Normal,0
train,dataset\Hyperspectral_tumor_images\Hyperspectral_kidney_tumor_4952.jpg,Tumor,1
train,dataset\Hyperspectral_normal_images\Hyperspectral_kidney_normal_2181.jpg,Normal,0
train,dataset\Hyperspectral_tumor_images\Hyperspectral_kidney_tumor_1173.jpg,Tumor,1
train,dataset\Hyperspectral_normal_images\Hyperspectral_kidney_normal_1573.jpg,Normal,0
train,dataset\Hyperspectral_normal_images\Hyperspectral_kidney_normal_3280.jpg,Normal,0
train,dataset\Hyperspectral_tumor_images\Hyperspectral_kidney_tumor_4878.jpg,Tumor,1
train,dataset\Hyperspectral_tumor_images\Hyperspectral_kidney_tumor_1525.jpg,Tumor,1
train,dataset\Hyperspectral_normal_images\Hyperspectral_kidney_normal_3131.jpg,Normal,0
train,dataset\Hyperspectral_normal_images\Hyperspectral_kidney_normal_1479.jpg,Normal,0
train,dataset\Hyperspectral_tumor_images\Hyperspectral_kidney_tumor_2263.jpg,Tumor,1
train,dataset\Hyperspectral_tumor_images\Hyperspectral_kidney_tumor_0962.jpg,Tumor,1
train,dataset\Hyperspectral_tumor_images\Hyperspectral_kidney_tumor_0176.jpg,Tumor,1
train,dataset\Hyperspectral_normal_images\Hyperspectral_kidney_normal_1996.jpg,Normal,0
train,dataset\Hyperspectral_tumor_images\Hyperspectral_kidney_tumor_3681.jpg,Tumor,1
train,dataset\Hyperspectral_normal_images\Hyperspectral_kidney_normal_0566.jpg,Normal,0
train,dataset\Hyperspectral_tumor_images\Hyperspectral_kidney_tumor_1035.jpg,Tumor,1
train,dataset\Hyperspectral_tumor_images\Hyperspectral_kidney_tumor_0583.jpg,Tumor,1
train,dataset\Hyperspectral_tumor_images\Hyperspectral_kidney_tumor_1967.jpg,Tumor,1
train,dataset\Hyperspectral_tumor_images\Hyperspectral_kidney_tumor_0462.jpg,Tumor,1
train,dataset\Hyperspectral_tumor_images\Hyperspectral_kidney_tumor_2589.jpg,Tumor,1
train,dataset\Hyperspectral_normal_images\Hyperspectral_kidney_normal_2299.jpg,Normal,0
train,dataset\Hyperspectral_tumor_images\Hyperspectral_kidney_tumor_0889.jpg,Tumor,1
train,dataset\Hyperspectral_tumor_images\Hyperspectral_kidney_tumor_1863.jpg,Tumor,1
train,dataset\Hyperspectral_tumor_images\Hyperspectral_kidney_tumor_1215.jpg,Tumor,1
train,dataset\Hyperspectral_tumor_images\Hyperspectral_kidney_tumor_3513.jpg,Tumor,1
train,dataset\Hyperspectral_tumor_images\Hyperspectral_kidney_tumor_0238.jpg,Tumor,1
train,dataset\Hyperspectral_normal_images\Hyperspectral_kidney_normal_1493.jpg,Normal,0
train,dataset\Hyperspectral_tumor_images\Hyperspectral_kidney_tumor_2927.jpg,Tumor,1
train,dataset\Hyperspectral_tumor_images\Hyperspectral_kidney_tumor_1414.jpg,Tumor,1
train,dataset\Hyperspectral_tumor_images\Hyperspectral_kidney_tumor_3003.jpg,Tumor,1
train,dataset\Hyperspectral_normal_images\Hyperspectral_kidney_normal_2164.jpg,Normal,0
train,dataset\Hyperspectral_tumor_images\Hyperspectral_kidney_tumor_2318.jpg,Tumor,1
train,dataset\Hyperspectral_normal_images\Hyperspectral_kidney_normal_4640.jpg,Normal,0
train,dataset\Hyperspectral_normal_images\Hyperspectral_kidney_normal_4093.jpg,Normal,0
train,dataset\Hyperspectral_tumor_images\Hyperspectral_kidney_tumor_4983.jpg,Tumor,1
train,dataset\Hyperspectral_tumor_images\Hyperspectral_kidney_tumor_0670.jpg,Tumor,1
train,dataset\Hyperspectral_tumor_images\Hyperspectral_kidney_tumor_2085.jpg,Tumor,1
train,dataset\Hyperspectral_tumor_images\Hyperspectral_kidney_tumor_3653.jpg,Tumor,1
train,dataset\Hyperspectral_tumor_images\Hyperspectral_kidney_tumor_3370.jpg,Tumor,1
train,dataset\Hyperspectral_normal_images\Hyperspectral_kidney_normal_0431.jpg,Normal,0
train,dataset\Hyperspectral_tumor_images\Hyperspectral_kidney_tumor_3478.jpg,Tumor,1
train,dataset\Hyperspectral_normal_images\Hyperspectral_kidney_normal_0366.jpg,Normal,0
train,dataset\Hyperspectral_tumor_images\Hyperspectral_kidney_tumor_4028.jpg,Tumor,1
train,dataset\Hyperspectral_normal_images\Hyperspectral_kidney_normal_2849.jpg,Normal,0
train,dataset\Hyperspectral_normal_images\Hyperspectral_kidney_normal_0684.jpg,Normal,0
train,dataset\Hyperspectral_tumor_images\Hyperspectral_kidney_tumor_1219.jpg,Tumor,1
train,dataset\Hyperspectral_tumor_images\Hyperspectral_kidney_tumor_1609.jpg,Tumor,1
train,dataset\Hyperspectral_normal_images\Hyperspectral_kidney_normal_1140.jpg,Normal,0
train,dataset\Hyperspectral_tumor_images\Hyperspectral_kidney_tumor_3587.jpg,Tumor,1
train,dataset\Hyperspectral_normal_images\Hyperspectral_kidney_normal_3455.jpg,Normal,0
train,dataset\Hyperspectral_tumor_images\Hyperspectral_kidney_tumor_3809.jpg,Tumor,1
train,dataset\Hyperspectral_tumor_images\Hyperspectral_kidney_tumor_0258.jpg,Tumor,1
train,dataset\Hyperspectral_normal_images\Hyperspectral_kidney_normal_2564.jpg,Normal,0
train,dataset\Hyperspectral_tumor_images\Hyperspectral_kidney_tumor_0475.jpg,Tumor,1
train,dataset\Hyperspectral_normal_images\Hyperspectral_kidney_normal_1748.jpg,Normal,0
train,dataset\Hyperspectral_normal_images\Hyperspectral_kidney_normal_1526.jpg,Normal,0
train,dataset\Hyperspectral_tumor_images\Hyperspectral_kidney_tumor_0412.jpg,Tumor,1
train,dataset\Hyperspectral_tumor_images\Hyperspectral_kidney_tumor_3382.jpg,Tumor,1
train,dataset\Hyperspectral_tumor_images\Hyperspectral_kidney_tumor_2949.jpg,Tumor,1
train,dataset\Hyperspectral_tumor_images\Hyperspectral_kidney_tumor_2110.jpg,Tumor,1
train,dataset\Hyperspectral_tumor_images\Hyperspectral_kidney_tumor_0621.jpg,Tumor,1
train,dataset\Hyperspectral_tumor_images\Hyperspectral_kidney_tumor_3748.jpg,Tumor,1
train,dataset\Hyperspectral_normal_images\Hyperspectral_kidney_normal_4039.jpg,Normal,0
train,dataset\Hyperspectral_tumor_images\Hyperspectral_kidney_tumor_0918.jpg,Tumor,1
train,dataset\Hyperspectral_normal_images\Hyperspectral_kidney_normal_0341.jpg,Normal,0
train,dataset\Hyperspectral_tumor_images\Hyperspectral_kidney_tumor_4723.jpg,Tumor,1
train,dataset\Hyperspectral_tumor_images\Hyperspectral_kidney_tumor_3378.jpg,Tumor,1
train,dataset\Hyperspectral_normal_images\Hyperspectral_kidney_normal_4994.jpg,Normal,0
train,dataset\Hyperspectral_tumor_images\Hyperspectral_kidney_tumor_3835.jpg,Tumor,1
train,dataset\Hyperspectral_normal_images\Hyperspectral_kidney_normal_1525.jpg,Normal,0
train,dataset\Hyperspectral_normal_images\Hyperspectral_kidney_normal_0020.jpg,Normal,0
train,dataset\Hyperspectral_tumor_images\Hyperspectral_kidney_tumor_3047.jpg,Tumor,1
train,dataset\Hyperspectral_tumor_images\Hyperspectral_kidney_tumor_2222.jpg,Tumor,1
train,dataset\Hyperspectral_normal_images\Hyperspectral_kidney_normal_3194.jpg,Normal,0
train,dataset\Hyperspectral_normal_images\Hyperspectral_kidney_normal_0991.jpg,Normal,0
train,dataset\Hyperspectral_tumor_images\Hyperspectral_kidney_tumor_2988.jpg,Tumor,1
train,dataset\Hyperspectral_normal_images\Hyperspectral_kidney_normal_1873.jpg,Normal,0
train,dataset\Hyperspectral_tumor_images\Hyperspectral_kidney_tumor_3496.jpg,Tumor,1
train,dataset\Hyperspectral_normal_images\Hyperspectral_kidney_normal_2943.jpg,Normal,0
train,dataset\Hyperspectral_normal_images\Hyperspectral_kidney_normal_1427.jpg,Normal,0
train,dataset\Hyperspectral_tumor_images\Hyperspectral_kidney_tumor_2526.jpg,Tumor,1
train,dataset\Hyperspectral_tumor_images\Hyperspectral_kidney_tumor_0430.jpg,Tumor,1
train,dataset\Hyperspectral_normal_images\Hyperspectral_kidney_normal_3453.jpg,Normal,0
train,dataset\Hyperspectral_normal_images\Hyperspectral_kidney_normal_4561.jpg,Normal,0
train,dataset\Hyperspectral_tumor_images\Hyperspectral_kidney_tumor_4831.jpg,Tumor,1
train,dataset\Hyperspectral_normal_images\Hyperspectral_kidney_normal_0219.jpg,Normal,0
train,dataset\Hyperspectral_normal_images\Hyperspectral_kidney_normal_2191.jpg,Normal,0
train,dataset\Hyperspectral_tumor_images\Hyperspectral_kidney_tumor_3318.jpg,Tumor,1
train,dataset\Hyperspectral_normal_images\Hyperspectral_kidney_normal_3212.jpg,Normal,0
train,dataset\Hyperspectral_tumor_images\Hyperspectral_kidney_tumor_0720.jpg,Tumor,1
train,dataset\Hyperspectral_normal_images\Hyperspectral_kidney_normal_4129.jpg,Normal,0
train,dataset\Hyperspectral_normal_images\Hyperspectral_kidney_normal_1579.jpg,Normal,0
train,dataset\Hyperspectral_normal_images\Hyperspectral_kidney_normal_0947.jpg,Normal,0
train,dataset\Hyperspectral_normal_images\Hyperspectral_kidney_normal_2795.jpg,Normal,0
train,dataset\Hyperspectral_normal_images\Hyperspectral_kidney_normal_4962.jpg,Normal,0
train,dataset\Hyperspectral_normal_images\Hyperspectral_kidney_normal_2801.jpg,Normal,0
train,dataset\Hyperspectral_tumor_images\Hyperspectral_kidney_tumor_0693.jpg,Tumor,1
train,dataset\Hyperspectral_tumor_images\Hyperspectral_kidney_tumor_3912.jpg,Tumor,1
train,dataset\Hyperspectral_tumor_images\Hyperspectral_kidney_tumor_1094.jpg,Tumor,1
train,dataset\Hyperspectral_normal_images\Hyperspectral_kidney_normal_4792.jpg,Normal,0
train,dataset\Hyperspectral_normal_images\Hyperspectral_kidney_normal_0711.jpg,Normal,0
train,dataset\Hyperspectral_normal_images\Hyperspectral_kidney_normal_1003.jpg,Normal,0
train,dataset\Hyperspectral_tumor_images\Hyperspectral_kidney_tumor_2632.jpg,Tumor,1
train,dataset\Hyperspectral_normal_images\Hyperspectral_kidney_normal_4882.jpg,Normal,0
train,dataset\Hyperspectral_tumor_images\Hyperspectral_kidney_tumor_2740.jpg,Tumor,1
train,dataset\Hyperspectral_normal_images\Hyperspectral_kidney_normal_3666.jpg,Normal,0
train,dataset\Hyperspectral_normal_images\Hyperspectral_kidney_normal_4350.jpg,Normal,0
train,dataset\Hyperspectral_tumor_images\Hyperspectral_kidney_tumor_0875.jpg,Tumor,1
train,dataset\Hyperspectral_normal_images\Hyperspectral_kidney_normal_1414.jpg,Normal,0
train,dataset\Hyperspectral_normal_images\Hyperspectral_kidney_normal_0848.jpg,Normal,0
train,dataset\Hyperspectral_tumor_images\Hyperspectral_kidney_tumor_0934.jpg,Tumor,1
train,dataset\Hyperspectral_normal_images\Hyperspectral_kidney_normal_3276.jpg,Normal,0
train,dataset\Hyperspectral_normal_images\Hyperspectral_kidney_normal_0988.jpg,Normal,0
train,dataset\Hyperspectral_normal_images\Hyperspectral_kidney_normal_4943.jpg,Normal,0
train,dataset\Hyperspectral_tumor_images\Hyperspectral_kidney_tumor_2240.jpg,Tumor,1
train,dataset\Hyperspectral_tumor_images\Hyperspectral_kidney_tumor_1285.jpg,Tumor,1
train,dataset\Hyperspectral_normal_images\Hyperspectral_kidney_normal_1233.jpg,Normal,0
train,dataset\Hyperspectral_tumor_images\Hyperspectral_kidney_tumor_0286.jpg,Tumor,1
train,dataset\Hyperspectral_normal_images\Hyperspectral_kidney_normal_3768.jpg,Normal,0
train,dataset\Hyperspectral_normal_images\Hyperspectral_kidney_normal_1605.jpg,Normal,0
train,dataset\Hyperspectral_normal_images\Hyperspectral_kidney_normal_3633.jpg,Normal,0
train,dataset\Hyperspectral_tumor_images\Hyperspectral_kidney_tumor_3622.jpg,Tumor,1
train,dataset\Hyperspectral_tumor_images\Hyperspectral_kidney_tumor_0817.jpg,Tumor,1
train,dataset\Hyperspectral_normal_images\Hyperspectral_kidney_normal_3506.jpg,Normal,0
train,dataset\Hyperspectral_tumor_images\Hyperspectral_kidney_tumor_3711.jpg,Tumor,1
train,dataset\Hyperspectral_normal_images\Hyperspectral_kidney_normal_1653.jpg,Normal,0
train,dataset\Hyperspectral_normal_images\Hyperspectral_kidney_normal_3278.jpg,Normal,0
train,dataset\Hyperspectral_tumor_images\Hyperspectral_kidney_tumor_4604.jpg,Tumor,1
train,dataset\Hyperspectral_normal_images\Hyperspectral_kidney_normal_3108.jpg,Normal,0
train,dataset\Hyperspectral_tumor_images\Hyperspectral_kidney_tumor_0002.jpg,Tumor,1
train,dataset\Hyperspectral_normal_images\Hyperspectral_kidney_normal_2987.jpg,Normal,0
train,dataset\Hyperspectral_normal_images\Hyperspectral_kidney_normal_2840.jpg,Normal,0
train,dataset\Hyperspectral_tumor_images\Hyperspectral_kidney_tumor_2967.jpg,Tumor,1
train,dataset\Hyperspectral_normal_images\Hyperspectral_kidney_normal_4257.jpg,Normal,0
train,dataset\Hyperspectral_tumor_images\Hyperspectral_kidney_tumor_3482.jpg,Tumor,1
train,dataset\Hyperspectral_normal_images\Hyperspectral_kidney_normal_3207.jpg,Normal,0
train,dataset\Hyperspectral_tumor_images\Hyperspectral_kidney_tumor_1142.jpg,Tumor,1
train,dataset\Hyperspectral_tumor_images\Hyperspectral_kidney_tumor_4945.jpg,Tumor,1
train,dataset\Hyperspectral_tumor_images\Hyperspectral_kidney_tumor_0904.jpg,Tumor,1
train,dataset\Hyperspectral_normal_images\Hyperspectral_kidney_normal_0436.jpg,Normal,0
train,dataset\Hyperspectral_normal_images\Hyperspectral_kidney_normal_1638.jpg,Normal,0
train,dataset\Hyperspectral_tumor_images\Hyperspectral_kidney_tumor_4332.jpg,Tumor,1
train,dataset\Hyperspectral_normal_images\Hyperspectral_kidney_normal_2654.jpg,Normal,0
train,dataset\Hyperspectral_normal_images\Hyperspectral_kidney_normal_3302.jpg,Normal,0
train,dataset\Hyperspectral_normal_images\Hyperspectral_kidney_normal_1616.jpg,Normal,0
train,dataset\Hyperspectral_normal_images\Hyperspectral_kidney_normal_0897.jpg,Normal,0
train,dataset\Hyperspectral_tumor_images\Hyperspectral_kidney_tumor_2186.jpg,Tumor,1
train,dataset\Hyperspectral_tumor_images\Hyperspectral_kidney_tumor_2730.jpg,Tumor,1
train,dataset\Hyperspectral_tumor_images\Hyperspectral_kidney_tumor_1409.jpg,Tumor,1
train,dataset\Hyperspectral_normal_images\Hyperspectral_kidney_normal_2850.jpg,Normal,0
train,dataset\Hyperspectral_normal_images\Hyperspectral_kidney_normal_2241.jpg,Normal,0
train,dataset\Hyperspectral_normal_images\Hyperspectral_kidney_normal_2990.jpg,Normal,0
train,dataset\Hyperspectral_tumor_images\Hyperspectral_kidney_tumor_1527.jpg,Tumor,1
train,dataset\Hyperspectral_normal_images\Hyperspectral_kidney_normal_4150.jpg,Normal,0
train,dataset\Hyperspectral_normal_images\Hyperspectral_kidney_normal_0190.jpg,Normal,0
train,dataset\Hyperspectral_normal_images\Hyperspectral_kidney_normal_0647.jpg,Normal,0
train,dataset\Hyperspectral_normal_images\Hyperspectral_kidney_normal_1264.jpg,Normal,0
train,dataset\Hyperspectral_normal_images\Hyperspectral_kidney_normal_1373.jpg,Normal,0
train,dataset\Hyperspectral_tumor_images\Hyperspectral_kidney_tumor_4825.jpg,Tumor,1
train,dataset\Hyperspectral_tumor_images\Hyperspectral_kidney_tumor_1386.jpg,Tumor,1
train,dataset\Hyperspectral_tumor_images\Hyperspectral_kidney_tumor_3037.jpg,Tumor,1
train,dataset\Hyperspectral_tumor_images\Hyperspectral_kidney_tumor_2250.jpg,Tumor,1
train,dataset\Hyperspectral_normal_images\Hyperspectral_kidney_normal_3189.jpg,Normal,0
train,dataset\Hyperspectral_normal_images\Hyperspectral_kidney_normal_2610.jpg,Normal,0
train,dataset\Hyperspectral_tumor_images\Hyperspectral_kidney_tumor_1018.jpg,Tumor,1
train,dataset\Hyperspectral_normal_images\Hyperspectral_kidney_normal_2866.jpg,Normal,0
train,dataset\Hyperspectral_tumor_images\Hyperspectral_kidney_tumor_2638.jpg,Tumor,1
train,dataset\Hyperspectral_tumor_images\Hyperspectral_kidney_tumor_4814.jpg,Tumor,1
train,dataset\Hyperspectral_tumor_images\Hyperspectral_kidney_tumor_0162.jpg,Tumor,1
train,dataset\Hyperspectral_normal_images\Hyperspectral_kidney_normal_1892.jpg,Normal,0
train,dataset\Hyperspectral_normal_images\Hyperspectral_kidney_normal_3005.jpg,Normal,0
train,dataset\Hyperspectral_tumor_images\Hyperspectral_kidney_tumor_3019.jpg,Tumor,1
train,dataset\Hyperspectral_normal_images\Hyperspectral_kidney_normal_3616.jpg,Normal,0
train,dataset\Hyperspectral_tumor_images\Hyperspectral_kidney_tumor_2579.jpg,Tumor,1
train,dataset\Hyperspectral_normal_images\Hyperspectral_kidney_normal_0575.jpg,Normal,0
train,dataset\Hyperspectral_tumor_images\Hyperspectral_kidney_tumor_4035.jpg,Tumor,1
train,dataset\Hyperspectral_tumor_images\Hyperspectral_kidney_tumor_4278.jpg,Tumor,1
train,dataset\Hyperspectral_normal_images\Hyperspectral_kidney_normal_0621.jpg,Normal,0
train,dataset\Hyperspectral_tumor_images\Hyperspectral_kidney_tumor_4755.jpg,Tumor,1
train,dataset\Hyperspectral_normal_images\Hyperspectral_kidney_normal_2909.jpg,Normal,0
train,dataset\Hyperspectral_tumor_images\Hyperspectral_kidney_tumor_0680.jpg,Tumor,1
train,dataset\Hyperspectral_normal_images\Hyperspectral_kidney_normal_4960.jpg,Normal,0
train,dataset\Hyperspectral_normal_images\Hyperspectral_kidney_normal_0619.jpg,Normal,0
train,dataset\Hyperspectral_tumor_images\Hyperspectral_kidney_tumor_4961.jpg,Tumor,1
train,dataset\Hyperspectral_normal_images\Hyperspectral_kidney_normal_2515.jpg,Normal,0
train,dataset\Hyperspectral_normal_images\Hyperspectral_kidney_normal_4579.jpg,Normal,0
train,dataset\Hyperspectral_normal_images\Hyperspectral_kidney_normal_3056.jpg,Normal,0
train,dataset\Hyperspectral_normal_images\Hyperspectral_kidney_normal_4776.jpg,Normal,0
train,dataset\Hyperspectral_normal_images\Hyperspectral_kidney_normal_0488.jpg,Normal,0
train,dataset\Hyperspectral_tumor_images\Hyperspectral_kidney_tumor_0215.jpg,Tumor,1
train,dataset\Hyperspectral_tumor_images\Hyperspectral_kidney_tumor_0436.jpg,Tumor,1
train,dataset\Hyperspectral_normal_images\Hyperspectral_kidney_normal_1180.jpg,Normal,0
train,dataset\Hyperspectral_tumor_images\Hyperspectral_kidney_tumor_3503.jpg,Tumor,1
train,dataset\Hyperspectral_normal_images\Hyperspectral_kidney_normal_1380.jpg,Normal,0
train,dataset\Hyperspectral_tumor_images\Hyperspectral_kidney_tumor_2999.jpg,Tumor,1
train,dataset\Hyperspectral_normal_images\Hyperspectral_kidney_normal_0322.jpg,Normal,0
train,dataset\Hyperspectral_normal_images\Hyperspectral_kidney_normal_3169.jpg,Normal,0
train,dataset\Hyperspectral_tumor_images\Hyperspectral_kidney_tumor_2794.jpg,Tumor,1
train,dataset\Hyperspectral_normal_images\Hyperspectral_kidney_normal_3656.jpg,Normal,0
train,dataset\Hyperspectral_normal_images\Hyperspectral_kidney_normal_0949.jpg,Normal,0
train,dataset\Hyperspectral_tumor_images\Hyperspectral_kidney_tumor_0116.jpg,Tumor,1
train,dataset\Hyperspectral_normal_images\Hyperspectral_kidney_normal_4714.jpg,Normal,0
train,dataset\Hyperspectral_normal_images\Hyperspectral_kidney_normal_4426.jpg,Normal,0
train,dataset\Hyperspectral_normal_images\Hyperspectral_kidney_normal_4020.jpg,Normal,0
train,dataset\Hyperspectral_normal_images\Hyperspectral_kidney_normal_4459.jpg,Normal,0
train,dataset\Hyperspectral_tumor_images\Hyperspectral_kidney_tumor_1460.jpg,Tumor,1
train,dataset\Hyperspectral_normal_images\Hyperspectral_kidney_normal_1485.jpg,Normal,0
train,dataset\Hyperspectral_normal_images\Hyperspectral_kidney_normal_4693.jpg,Normal,0
train,dataset\Hyperspectral_normal_images\Hyperspectral_kidney_normal_1164.jpg,Normal,0
train,dataset\Hyperspectral_tumor_images\Hyperspectral_kidney_tumor_4915.jpg,Tumor,1
train,dataset\Hyperspectral_normal_images\Hyperspectral_kidney_normal_0333.jpg,Normal,0
train,dataset\Hyperspectral_tumor_images\Hyperspectral_kidney_tumor_4241.jpg,Tumor,1
train,dataset\Hyperspectral_tumor_images\Hyperspectral_kidney_tumor_3385.jpg,Tumor,1
train,dataset\Hyperspectral_tumor_images\Hyperspectral_kidney_tumor_0111.jpg,Tumor,1
train,dataset\Hyperspectral_tumor_images\Hyperspectral_kidney_tumor_1116.jpg,Tumor,1
train,dataset\Hyperspectral_tumor_images\Hyperspectral_kidney_tumor_3198.jpg,Tumor,1
train,dataset\Hyperspectral_normal_images\Hyperspectral_kidney_normal_2424.jpg,Normal,0
train,dataset\Hyperspectral_tumor_images\Hyperspectral_kidney_tumor_2680.jpg,Tumor,1
train,dataset\Hyperspectral_tumor_images\Hyperspectral_kidney_tumor_2247.jpg,Tumor,1
train,dataset\Hyperspectral_tumor_images\Hyperspectral_kidney_tumor_0965.jpg,Tumor,1
train,dataset\Hyperspectral_normal_images\Hyperspectral_kidney_normal_1154.jpg,Normal,0
train,dataset\Hyperspectral_tumor_images\Hyperspectral_kidney_tumor_3288.jpg,Tumor,1
train,dataset\Hyperspectral_tumor_images\Hyperspectral_kidney_tumor_0210.jpg,Tumor,1
train,dataset\Hyperspectral_normal_images\Hyperspectral_kidney_normal_4036.jpg,Normal,0
train,dataset\Hyperspectral_normal_images\Hyperspectral_kidney_normal_0496.jpg,Normal,0
train,dataset\Hyperspectral_tumor_images\Hyperspectral_kidney_tumor_3111.jpg,Tumor,1
train,dataset\Hyperspectral_normal_images\Hyperspectral_kidney_normal_2922.jpg,Normal,0
train,dataset\Hyperspectral_tumor_images\Hyperspectral_kidney_tumor_2598.jpg,Tumor,1
train,dataset\Hyperspectral_tumor_images\Hyperspectral_kidney_tumor_4551.jpg,Tumor,1
train,dataset\Hyperspectral_normal_images\Hyperspectral_kidney_normal_4697.jpg,Normal,0
train,dataset\Hyperspectral_normal_images\Hyperspectral_kidney_normal_2363.jpg,Normal,0
train,dataset\Hyperspectral_tumor_images\Hyperspectral_kidney_tumor_4867.jpg,Tumor,1
train,dataset\Hyperspectral_tumor_images\Hyperspectral_kidney_tumor_1732.jpg,Tumor,1
train,dataset\Hyperspectral_normal_images\Hyperspectral_kidney_normal_2779.jpg,Normal,0
train,dataset\Hyperspectral_tumor_images\Hyperspectral_kidney_tumor_0338.jpg,Tumor,1
train,dataset\Hyperspectral_normal_images\Hyperspectral_kidney_normal_4610.jpg,Normal,0
train,dataset\Hyperspectral_normal_images\Hyperspectral_kidney_normal_2686.jpg,Normal,0
train,dataset\Hyperspectral_tumor_images\Hyperspectral_kidney_tumor_0943.jpg,Tumor,1
train,dataset\Hyperspectral_normal_images\Hyperspectral_kidney_normal_1539.jpg,Normal,0
train,dataset\Hyperspectral_normal_images\Hyperspectral_kidney_normal_4293.jpg,Normal,0
train,dataset\Hyperspectral_tumor_images\Hyperspectral_kidney_tumor_2047.jpg,Tumor,1
train,dataset\Hyperspectral_normal_images\Hyperspectral_kidney_normal_4786.jpg,Normal,0
train,dataset\Hyperspectral_normal_images\Hyperspectral_kidney_normal_0397.jpg,Normal,0
train,dataset\Hyperspectral_tumor_images\Hyperspectral_kidney_tumor_0859.jpg,Tumor,1
train,dataset\Hyperspectral_normal_images\Hyperspectral_kidney_normal_1934.jpg,Normal,0
train,dataset\Hyperspectral_normal_images\Hyperspectral_kidney_normal_2676.jpg,Normal,0
train,dataset\Hyperspectral_tumor_images\Hyperspectral_kidney_tumor_1686.jpg,Tumor,1
train,dataset\Hyperspectral_normal_images\Hyperspectral_kidney_normal_2260.jpg,Normal,0
train,dataset\Hyperspectral_normal_images\Hyperspectral_kidney_normal_1446.jpg,Normal,0
train,dataset\Hyperspectral_tumor_images\Hyperspectral_kidney_tumor_4531.jpg,Tumor,1
train,dataset\Hyperspectral_tumor_images\Hyperspectral_kidney_tumor_1230.jpg,Tumor,1
train,dataset\Hyperspectral_tumor_images\Hyperspectral_kidney_tumor_3679.jpg,Tumor,1
train,dataset\Hyperspectral_tumor_images\Hyperspectral_kidney_tumor_3220.jpg,Tumor,1
train,dataset\Hyperspectral_tumor_images\Hyperspectral_kidney_tumor_1329.jpg,Tumor,1
train,dataset\Hyperspectral_normal_images\Hyperspectral_kidney_normal_2429.jpg,Normal,0
train,dataset\Hyperspectral_normal_images\Hyperspectral_kidney_normal_3500.jpg,Normal,0
train,dataset\Hyperspectral_tumor_images\Hyperspectral_kidney_tumor_4605.jpg,Tumor,1
train,dataset\Hyperspectral_tumor_images\Hyperspectral_kidney_tumor_3442.jpg,Tumor,1
train,dataset\Hyperspectral_normal_images\Hyperspectral_kidney_normal_0234.jpg,Normal,0
train,dataset\Hyperspectral_normal_images\Hyperspectral_kidney_normal_4719.jpg,Normal,0
train,dataset\Hyperspectral_normal_images\Hyperspectral_kidney_normal_2915.jpg,Normal,0
train,dataset\Hyperspectral_normal_images\Hyperspectral_kidney_normal_3320.jpg,Normal,0
train,dataset\Hyperspectral_normal_images\Hyperspectral_kidney_normal_0094.jpg,Normal,0
train,dataset\Hyperspectral_tumor_images\Hyperspectral_kidney_tumor_3523.jpg,Tumor,1
train,dataset\Hyperspectral_normal_images\Hyperspectral_kidney_normal_2535.jpg,Normal,0
train,dataset\Hyperspectral_normal_images\Hyperspectral_kidney_normal_2465.jpg,Normal,0
train,dataset\Hyperspectral_normal_images\Hyperspectral_kidney_normal_4944.jpg,Normal,0
train,dataset\Hyperspectral_normal_images\Hyperspectral_kidney_normal_3711.jpg,Normal,0
train,dataset\Hyperspectral_tumor_images\Hyperspectral_kidney_tumor_0825.jpg,Tumor,1
train,dataset\Hyperspectral_tumor_images\Hyperspectral_kidney_tumor_3347.jpg,Tumor,1
train,dataset\Hyperspectral_normal_images\Hyperspectral_kidney_normal_3408.jpg,Normal,0
train,dataset\Hyperspectral_normal_images\Hyperspectral_kidney_normal_2559.jpg,Normal,0
train,dataset\Hyperspectral_tumor_images\Hyperspectral_kidney_tumor_2306.jpg,Tumor,1
train,dataset\Hyperspectral_tumor_images\Hyperspectral_kidney_tumor_3113.jpg,Tumor,1
train,dataset\Hyperspectral_tumor_images\Hyperspectral_kidney_tumor_0335.jpg,Tumor,1
train,dataset\Hyperspectral_normal_images\Hyperspectral_kidney_normal_1627.jpg,Normal,0
train,dataset\Hyperspectral_normal_images\Hyperspectral_kidney_normal_3644.jpg,Normal,0
train,dataset\Hyperspectral_normal_images\Hyperspectral_kidney_normal_3031.jpg,Normal,0
train,dataset\Hyperspectral_normal_images\Hyperspectral_kidney_normal_1718.jpg,Normal,0
train,dataset\Hyperspectral_tumor_images\Hyperspectral_kidney_tumor_2316.jpg,Tumor,1
train,dataset\Hyperspectral_normal_images\Hyperspectral_kidney_normal_4056.jpg,Normal,0
train,dataset\Hyperspectral_tumor_images\Hyperspectral_kidney_tumor_1544.jpg,Tumor,1
train,dataset\Hyperspectral_tumor_images\Hyperspectral_kidney_tumor_1034.jpg,Tumor,1
train,dataset\Hyperspectral_normal_images\Hyperspectral_kidney_normal_3382.jpg,Normal,0
train,dataset\Hyperspectral_tumor_images\Hyperspectral_kidney_tumor_2289.jpg,Tumor,1
train,dataset\Hyperspectral_normal_images\Hyperspectral_kidney_normal_1813.jpg,Normal,0
train,dataset\Hyperspectral_normal_images\Hyperspectral_kidney_normal_3904.jpg,Normal,0
train,dataset\Hyperspectral_normal_images\Hyperspectral_kidney_normal_4586.jpg,Normal,0
train,dataset\Hyperspectral_tumor_images\Hyperspectral_kidney_tumor_1619.jpg,Tumor,1
train,dataset\Hyperspectral_tumor_images\Hyperspectral_kidney_tumor_2743.jpg,Tumor,1
train,dataset\Hyperspectral_tumor_images\Hyperspectral_kidney_tumor_1828.jpg,Tumor,1
train,dataset\Hyperspectral_normal_images\Hyperspectral_kidney_normal_2316.jpg,Normal,0
train,dataset\Hyperspectral_tumor_images\Hyperspectral_kidney_tumor_4884.jpg,Tumor,1
train,dataset\Hyperspectral_normal_images\Hyperspectral_kidney_normal_2743.jpg,Normal,0
train,dataset\Hyperspectral_normal_images\Hyperspectral_kidney_normal_3926.jpg,Normal,0
train,dataset\Hyperspectral_normal_images\Hyperspectral_kidney_normal_0294.jpg,Normal,0
train,dataset\Hyperspectral_tumor_images\Hyperspectral_kidney_tumor_1916.jpg,Tumor,1
train,dataset\Hyperspectral_normal_images\Hyperspectral_kidney_normal_3102.jpg,Normal,0
train,dataset\Hyperspectral_tumor_images\Hyperspectral_kidney_tumor_2002.jpg,Tumor,1
train,dataset\Hyperspectral_tumor_images\Hyperspectral_kidney_tumor_3040.jpg,Tumor,1
train,dataset\Hyperspectral_normal_images\Hyperspectral_kidney_normal_0279.jpg,Normal,0
train,dataset\Hyperspectral_tumor_images\Hyperspectral_kidney_tumor_2308.jpg,Tumor,1
train,dataset\Hyperspectral_tumor_images\Hyperspectral_kidney_tumor_1587.jpg,Tumor,1
train,dataset\Hyperspectral_tumor_images\Hyperspectral_kidney_tumor_3600.jpg,Tumor,1
train,dataset\Hyperspectral_normal_images\Hyperspectral_kidney_normal_0102.jpg,Normal,0
train,dataset\Hyperspectral_normal_images\Hyperspectral_kidney_normal_0207.jpg,Normal,0
train,dataset\Hyperspectral_normal_images\Hyperspectral_kidney_normal_1188.jpg,Normal,0
train,dataset\Hyperspectral_normal_images\Hyperspectral_kidney_normal_4439.jpg,Normal,0
train,dataset\Hyperspectral_tumor_images\Hyperspectral_kidney_tumor_1872.jpg,Tumor,1
train,dataset\Hyperspectral_normal_images\Hyperspectral_kidney_normal_3154.jpg,Normal,0
train,dataset\Hyperspectral_normal_images\Hyperspectral_kidney_normal_2790.jpg,Normal,0
train,dataset\Hyperspectral_tumor_images\Hyperspectral_kidney_tumor_3921.jpg,Tumor,1
train,dataset\Hyperspectral_tumor_images\Hyperspectral_kidney_tumor_4835.jpg,Tumor,1
train,dataset\Hyperspectral_normal_images\Hyperspectral_kidney_normal_2760.jpg,Normal,0
train,dataset\Hyperspectral_tumor_images\Hyperspectral_kidney_tumor_0960.jpg,Tumor,1
train,dataset\Hyperspectral_tumor_images\Hyperspectral_kidney_tumor_2580.jpg,Tumor,1
train,dataset\Hyperspectral_tumor_images\Hyperspectral_kidney_tumor_0799.jpg,Tumor,1
train,dataset\Hyperspectral_normal_images\Hyperspectral_kidney_normal_1261.jpg,Normal,0
train,dataset\Hyperspectral_normal_images\Hyperspectral_kidney_normal_1248.jpg,Normal,0
train,dataset\Hyperspectral_normal_images\Hyperspectral_kidney_normal_2323.jpg,Normal,0
train,dataset\Hyperspectral_tumor_images\Hyperspectral_kidney_tumor_2231.jpg,Tumor,1
train,dataset\Hyperspectral_tumor_images\Hyperspectral_kidney_tumor_0893.jpg,Tumor,1
train,dataset\Hyperspectral_tumor_images\Hyperspectral_kidney_tumor_1255.jpg,Tumor,1
train,dataset\Hyperspectral_tumor_images\Hyperspectral_kidney_tumor_3871.jpg,Tumor,1
train,dataset\Hyperspectral_tumor_images\Hyperspectral_kidney_tumor_2024.jpg,Tumor,1
train,dataset\Hyperspectral_normal_images\Hyperspectral_kidney_normal_4723.jpg,Normal,0
train,dataset\Hyperspectral_normal_images\Hyperspectral_kidney_normal_4158.jpg,Normal,0
train,dataset\Hyperspectral_tumor_images\Hyperspectral_kidney_tumor_1417.jpg,Tumor,1
train,dataset\Hyperspectral_tumor_images\Hyperspectral_kidney_tumor_0219.jpg,Tumor,1
train,dataset\Hyperspectral_normal_images\Hyperspectral_kidney_normal_0180.jpg,Normal,0
train,dataset\Hyperspectral_normal_images\Hyperspectral_kidney_normal_1116.jpg,Normal,0
train,dataset\Hyperspectral_normal_images\Hyperspectral_kidney_normal_1319.jpg,Normal,0
train,dataset\Hyperspectral_normal_images\Hyperspectral_kidney_normal_4998.jpg,Normal,0
train,dataset\Hyperspectral_normal_images\Hyperspectral_kidney_normal_4870.jpg,Normal,0
train,dataset\Hyperspectral_normal_images\Hyperspectral_kidney_normal_1307.jpg,Normal,0
train,dataset\Hyperspectral_normal_images\Hyperspectral_kidney_normal_2624.jpg,Normal,0
train,dataset\Hyperspectral_tumor_images\Hyperspectral_kidney_tumor_2918.jpg,Tumor,1
train,dataset\Hyperspectral_normal_images\Hyperspectral_kidney_normal_4713.jpg,Normal,0
train,dataset\Hyperspectral_normal_images\Hyperspectral_kidney_normal_1168.jpg,Normal,0
train,dataset\Hyperspectral_tumor_images\Hyperspectral_kidney_tumor_0881.jpg,Tumor,1
train,dataset\Hyperspectral_normal_images\Hyperspectral_kidney_normal_4624.jpg,Normal,0
train,dataset\Hyperspectral_normal_images\Hyperspectral_kidney_normal_0019.jpg,Normal,0
train,dataset\Hyperspectral_normal_images\Hyperspectral_kidney_normal_4342.jpg,Normal,0
train,dataset\Hyperspectral_tumor_images\Hyperspectral_kidney_tumor_3416.jpg,Tumor,1
train,dataset\Hyperspectral_normal_images\Hyperspectral_kidney_normal_0596.jpg,Normal,0
train,dataset\Hyperspectral_tumor_images\Hyperspectral_kidney_tumor_3088.jpg,Tumor,1
train,dataset\Hyperspectral_tumor_images\Hyperspectral_kidney_tumor_3744.jpg,Tumor,1
train,dataset\Hyperspectral_tumor_images\Hyperspectral_kidney_tumor_0791.jpg,Tumor,1
train,dataset\Hyperspectral_tumor_images\Hyperspectral_kidney_tumor_4103.jpg,Tumor,1
train,dataset\Hyperspectral_normal_images\Hyperspectral_kidney_normal_3421.jpg,Normal,0
train,dataset\Hyperspectral_tumor_images\Hyperspectral_kidney_tumor_2180.jpg,Tumor,1
train,dataset\Hyperspectral_normal_images\Hyperspectral_kidney_normal_4600.jpg,Normal,0
train,dataset\Hyperspectral_normal_images\Hyperspectral_kidney_normal_0069.jpg,Normal,0
train,dataset\Hyperspectral_normal_images\Hyperspectral_kidney_normal_4388.jpg,Normal,0
train,dataset\Hyperspectral_normal_images\Hyperspectral_kidney_normal_4367.jpg,Normal,0
train,dataset\Hyperspectral_normal_images\Hyperspectral_kidney_normal_1010.jpg,Normal,0
train,dataset\Hyperspectral_normal_images\Hyperspectral_kidney_normal_3793.jpg,Normal,0
train,dataset\Hyperspectral_normal_images\Hyperspectral_kidney_normal_1336.jpg,Normal,0
train,dataset\Hyperspectral_normal_images\Hyperspectral_kidney_normal_2493.jpg,Normal,0
train,dataset\Hyperspectral_normal_images\Hyperspectral_kidney_normal_1411.jpg,Normal,0
train,dataset\Hyperspectral_normal_images\Hyperspectral_kidney_normal_4920.jpg,Normal,0
train,dataset\Hyperspectral_normal_images\Hyperspectral_kidney_normal_2579.jpg,Normal,0
train,dataset\Hyperspectral_normal_images\Hyperspectral_kidney_normal_1977.jpg,Normal,0
train,dataset\Hyperspectral_normal_images\Hyperspectral_kidney_normal_2416.jpg,Normal,0
train,dataset\Hyperspectral_normal_images\Hyperspectral_kidney_normal_2166.jpg,Normal,0
train,dataset\Hyperspectral_normal_images\Hyperspectral_kidney_normal_1107.jpg,Normal,0
train,dataset\Hyperspectral_normal_images\Hyperspectral_kidney_normal_3804.jpg,Normal,0
train,dataset\Hyperspectral_tumor_images\Hyperspectral_kidney_tumor_4237.jpg,Tumor,1
train,dataset\Hyperspectral_tumor_images\Hyperspectral_kidney_tumor_2190.jpg,Tumor,1
train,dataset\Hyperspectral_tumor_images\Hyperspectral_kidney_tumor_0482.jpg,Tumor,1
train,dataset\Hyperspectral_normal_images\Hyperspectral_kidney_normal_1521.jpg,Normal,0
train,dataset\Hyperspectral_tumor_images\Hyperspectral_kidney_tumor_3206.jpg,Tumor,1
train,dataset\Hyperspectral_normal_images\Hyperspectral_kidney_normal_4964.jpg,Normal,0
train,dataset\Hyperspectral_tumor_images\Hyperspectral_kidney_tumor_4221.jpg,Tumor,1
train,dataset\Hyperspectral_tumor_images\Hyperspectral_kidney_tumor_1736.jpg,Tumor,1
train,dataset\Hyperspectral_normal_images\Hyperspectral_kidney_normal_3523.jpg,Normal,0
train,dataset\Hyperspectral_normal_images\Hyperspectral_kidney_normal_0185.jpg,Normal,0
train,dataset\Hyperspectral_normal_images\Hyperspectral_kidney_normal_4584.jpg,Normal,0
train,dataset\Hyperspectral_tumor_images\Hyperspectral_kidney_tumor_4496.jpg,Tumor,1
train,dataset\Hyperspectral_normal_images\Hyperspectral_kidney_normal_3425.jpg,Normal,0
train,dataset\Hyperspectral_normal_images\Hyperspectral_kidney_normal_0073.jpg,Normal,0
train,dataset\Hyperspectral_normal_images\Hyperspectral_kidney_normal_4788.jpg,Normal,0
train,dataset\Hyperspectral_normal_images\Hyperspectral_kidney_normal_4289.jpg,Normal,0
train,dataset\Hyperspectral_normal_images\Hyperspectral_kidney_normal_1175.jpg,Normal,0
train,dataset\Hyperspectral_normal_images\Hyperspectral_kidney_normal_0003.jpg,Normal,0
train,dataset\Hyperspectral_tumor_images\Hyperspectral_kidney_tumor_2300.jpg,Tumor,1
train,dataset\Hyperspectral_tumor_images\Hyperspectral_kidney_tumor_0538.jpg,Tumor,1
train,dataset\Hyperspectral_tumor_images\Hyperspectral_kidney_tumor_1917.jpg,Tumor,1
train,dataset\Hyperspectral_normal_images\Hyperspectral_kidney_normal_4023.jpg,Normal,0
train,dataset\Hyperspectral_normal_images\Hyperspectral_kidney_normal_3669.jpg,Normal,0
train,dataset\Hyperspectral_tumor_images\Hyperspectral_kidney_tumor_1580.jpg,Tumor,1
train,dataset\Hyperspectral_tumor_images\Hyperspectral_kidney_tumor_4737.jpg,Tumor,1
train,dataset\Hyperspectral_normal_images\Hyperspectral_kidney_normal_0609.jpg,Normal,0
train,dataset\Hyperspectral_tumor_images\Hyperspectral_kidney_tumor_2837.jpg,Tumor,1
train,dataset\Hyperspectral_normal_images\Hyperspectral_kidney_normal_0508.jpg,Normal,0
train,dataset\Hyperspectral_tumor_images\Hyperspectral_kidney_tumor_1111.jpg,Tumor,1
train,dataset\Hyperspectral_normal_images\Hyperspectral_kidney_normal_1341.jpg,Normal,0
train,dataset\Hyperspectral_normal_images\Hyperspectral_kidney_normal_3808.jpg,Normal,0
train,dataset\Hyperspectral_tumor_images\Hyperspectral_kidney_tumor_2806.jpg,Tumor,1
train,dataset\Hyperspectral_tumor_images\Hyperspectral_kidney_tumor_0015.jpg,Tumor,1
train,dataset\Hyperspectral_normal_images\Hyperspectral_kidney_normal_3593.jpg,Normal,0
train,dataset\Hyperspectral_normal_images\Hyperspectral_kidney_normal_2531.jpg,Normal,0
train,dataset\Hyperspectral_normal_images\Hyperspectral_kidney_normal_4441.jpg,Normal,0
train,dataset\Hyperspectral_normal_images\Hyperspectral_kidney_normal_4733.jpg,Normal,0
train,dataset\Hyperspectral_normal_images\Hyperspectral_kidney_normal_3628.jpg,Normal,0
train,dataset\Hyperspectral_tumor_images\Hyperspectral_kidney_tumor_2710.jpg,Tumor,1
train,dataset\Hyperspectral_normal_images\Hyperspectral_kidney_normal_1103.jpg,Normal,0
train,dataset\Hyperspectral_tumor_images\Hyperspectral_kidney_tumor_4091.jpg,Tumor,1
train,dataset\Hyperspectral_tumor_images\Hyperspectral_kidney_tumor_3437.jpg,Tumor,1
train,dataset\Hyperspectral_normal_images\Hyperspectral_kidney_normal_0347.jpg,Normal,0
train,dataset\Hyperspectral_normal_images\Hyperspectral_kidney_normal_2342.jpg,Normal,0
train,dataset\Hyperspectral_normal_images\Hyperspectral_kidney_normal_1690.jpg,Normal,0
train,dataset\Hyperspectral_normal_images\Hyperspectral_kidney_normal_3550.jpg,Normal,0
train,dataset\Hyperspectral_normal_images\Hyperspectral_kidney_normal_2165.jpg,Normal,0
train,dataset\Hyperspectral_tumor_images\Hyperspectral_kidney_tumor_0899.jpg,Tumor,1
train,dataset\Hyperspectral_normal_images\Hyperspectral_kidney_normal_3822.jpg,Normal,0
train,dataset\Hyperspectral_tumor_images\Hyperspectral_kidney_tumor_2431.jpg,Tumor,1
train,dataset\Hyperspectral_tumor_images\Hyperspectral_kidney_tumor_3423.jpg,Tumor,1
train,dataset\Hyperspectral_tumor_images\Hyperspectral_kidney_tumor_2245.jpg,Tumor,1
train,dataset\Hyperspectral_tumor_images\Hyperspectral_kidney_tumor_2645.jpg,Tumor,1
train,dataset\Hyperspectral_tumor_images\Hyperspectral_kidney_tumor_1054.jpg,Tumor,1
train,dataset\Hyperspectral_normal_images\Hyperspectral_kidney_normal_3002.jpg,Normal,0
train,dataset\Hyperspectral_tumor_images\Hyperspectral_kidney_tumor_0871.jpg,Tumor,1
train,dataset\Hyperspectral_tumor_images\Hyperspectral_kidney_tumor_1897.jpg,Tumor,1
train,dataset\Hyperspectral_normal_images\Hyperspectral_kidney_normal_1498.jpg,Normal,0
train,dataset\Hyperspectral_tumor_images\Hyperspectral_kidney_tumor_3771.jpg,Tumor,1
train,dataset\Hyperspectral_tumor_images\Hyperspectral_kidney_tumor_4588.jpg,Tumor,1
train,dataset\Hyperspectral_tumor_images\Hyperspectral_kidney_tumor_1274.jpg,Tumor,1
train,dataset\Hyperspectral_tumor_images\Hyperspectral_kidney_tumor_0413.jpg,Tumor,1
train,dataset\Hyperspectral_tumor_images\Hyperspectral_kidney_tumor_3242.jpg,Tumor,1
train,dataset\Hyperspectral_tumor_images\Hyperspectral_kidney_tumor_3796.jpg,Tumor,1
train,dataset\Hyperspectral_tumor_images\Hyperspectral_kidney_tumor_2016.jpg,Tumor,1
train,dataset\Hyperspectral_normal_images\Hyperspectral_kidney_normal_3553.jpg,Normal,0
train,dataset\Hyperspectral_normal_images\Hyperspectral_kidney_normal_1882.jpg,Normal,0
train,dataset\Hyperspectral_normal_images\Hyperspectral_kidney_normal_4201.jpg,Normal,0
train,dataset\Hyperspectral_tumor_images\Hyperspectral_kidney_tumor_0026.jpg,Tumor,1
train,dataset\Hyperspectral_normal_images\Hyperspectral_kidney_normal_0008.jpg,Normal,0
train,dataset\Hyperspectral_tumor_images\Hyperspectral_kidney_tumor_1494.jpg,Tumor,1
train,dataset\Hyperspectral_tumor_images\Hyperspectral_kidney_tumor_4029.jpg,Tumor,1
train,dataset\Hyperspectral_normal_images\Hyperspectral_kidney_normal_3919.jpg,Normal,0
train,dataset\Hyperspectral_tumor_images\Hyperspectral_kidney_tumor_1648.jpg,Tumor,1
train,dataset\Hyperspectral_normal_images\Hyperspectral_kidney_normal_3988.jpg,Normal,0
train,dataset\Hyperspectral_tumor_images\Hyperspectral_kidney_tumor_0793.jpg,Tumor,1
train,dataset\Hyperspectral_normal_images\Hyperspectral_kidney_normal_3905.jpg,Normal,0
train,dataset\Hyperspectral_tumor_images\Hyperspectral_kidney_tumor_4741.jpg,Tumor,1
train,dataset\Hyperspectral_tumor_images\Hyperspectral_kidney_tumor_4022.jpg,Tumor,1
train,dataset\Hyperspectral_tumor_images\Hyperspectral_kidney_tumor_4125.jpg,Tumor,1
train,dataset\Hyperspectral_normal_images\Hyperspectral_kidney_normal_1385.jpg,Normal,0
train,dataset\Hyperspectral_tumor_images\Hyperspectral_kidney_tumor_3802.jpg,Tumor,1
train,dataset\Hyperspectral_normal_images\Hyperspectral_kidney_normal_1551.jpg,Normal,0
train,dataset\Hyperspectral_normal_images\Hyperspectral_kidney_normal_3792.jpg,Normal,0
train,dataset\Hyperspectral_tumor_images\Hyperspectral_kidney_tumor_4163.jpg,Tumor,1
train,dataset\Hyperspectral_tumor_images\Hyperspectral_kidney_tumor_0217.jpg,Tumor,1
train,dataset\Hyperspectral_normal_images\Hyperspectral_kidney_normal_3578.jpg,Normal,0
train,dataset\Hyperspectral_normal_images\Hyperspectral_kidney_normal_2145.jpg,Normal,0
train,dataset\Hyperspectral_normal_images\Hyperspectral_kidney_normal_1954.jpg,Normal,0
train,dataset\Hyperspectral_tumor_images\Hyperspectral_kidney_tumor_3569.jpg,Tumor,1
train,dataset\Hyperspectral_tumor_images\Hyperspectral_kidney_tumor_4638.jpg,Tumor,1
train,dataset\Hyperspectral_tumor_images\Hyperspectral_kidney_tumor_0831.jpg,Tumor,1
train,dataset\Hyperspectral_normal_images\Hyperspectral_kidney_normal_4736.jpg,Normal,0
train,dataset\Hyperspectral_tumor_images\Hyperspectral_kidney_tumor_2252.jpg,Tumor,1
train,dataset\Hyperspectral_tumor_images\Hyperspectral_kidney_tumor_3307.jpg,Tumor,1
train,dataset\Hyperspectral_tumor_images\Hyperspectral_kidney_tumor_3333.jpg,Tumor,1
train,dataset\Hyperspectral_tumor_images\Hyperspectral_kidney_tumor_4080.jpg,Tumor,1
train,dataset\Hyperspectral_tumor_images\Hyperspectral_kidney_tumor_2234.jpg,Tumor,1
train,dataset\Hyperspectral_normal_images\Hyperspectral_kidney_normal_0965.jpg,Normal,0
train,dataset\Hyperspectral_tumor_images\Hyperspectral_kidney_tumor_0336.jpg,Tumor,1
train,dataset\Hyperspectral_normal_images\Hyperspectral_kidney_normal_0685.jpg,Normal,0
train,dataset\Hyperspectral_normal_images\Hyperspectral_kidney_normal_4756.jpg,Normal,0
train,dataset\Hyperspectral_normal_images\Hyperspectral_kidney_normal_4993.jpg,Normal,0
train,dataset\Hyperspectral_normal_images\Hyperspectral_kidney_normal_4917.jpg,Normal,0
train,dataset\Hyperspectral_normal_images\Hyperspectral_kidney_normal_2435.jpg,Normal,0
train,dataset\Hyperspectral_normal_images\Hyperspectral_kidney_normal_2062.jpg,Normal,0
train,dataset\Hyperspectral_tumor_images\Hyperspectral_kidney_tumor_3123.jpg,Tumor,1
train,dataset\Hyperspectral_tumor_images\Hyperspectral_kidney_tumor_3565.jpg,Tumor,1
train,dataset\Hyperspectral_normal_images\Hyperspectral_kidney_normal_4048.jpg,Normal,0
train,dataset\Hyperspectral_normal_images\Hyperspectral_kidney_normal_4982.jpg,Normal,0
train,dataset\Hyperspectral_normal_images\Hyperspectral_kidney_normal_3142.jpg,Normal,0
train,dataset\Hyperspectral_tumor_images\Hyperspectral_kidney_tumor_0085.jpg,Tumor,1
train,dataset\Hyperspectral_normal_images\Hyperspectral_kidney_normal_3305.jpg,Normal,0
train,dataset\Hyperspectral_tumor_images\Hyperspectral_kidney_tumor_0977.jpg,Tumor,1
train,dataset\Hyperspectral_tumor_images\Hyperspectral_kidney_tumor_4119.jpg,Tumor,1
train,dataset\Hyperspectral_tumor_images\Hyperspectral_kidney_tumor_4726.jpg,Tumor,1
train,dataset\Hyperspectral_normal_images\Hyperspectral_kidney_normal_3052.jpg,Normal,0
train,dataset\Hyperspectral_tumor_images\Hyperspectral_kidney_tumor_4102.jpg,Tumor,1
train,dataset\Hyperspectral_tumor_images\Hyperspectral_kidney_tumor_0746.jpg,Tumor,1
train,dataset\Hyperspectral_normal_images\Hyperspectral_kidney_normal_2946.jpg,Normal,0
train,dataset\Hyperspectral_normal_images\Hyperspectral_kidney_normal_2169.jpg,Normal,0
train,dataset\Hyperspectral_tumor_images\Hyperspectral_kidney_tumor_0314.jpg,Tumor,1
train,dataset\Hyperspectral_tumor_images\Hyperspectral_kidney_tumor_4395.jpg,Tumor,1
train,dataset\Hyperspectral_tumor_images\Hyperspectral_kidney_tumor_4731.jpg,Tumor,1
train,dataset\Hyperspectral_normal_images\Hyperspectral_kidney_normal_3737.jpg,Normal,0
train,dataset\Hyperspectral_tumor_images\Hyperspectral_kidney_tumor_1513.jpg,Tumor,1
train,dataset\Hyperspectral_tumor_images\Hyperspectral_kidney_tumor_0297.jpg,Tumor,1
train,dataset\Hyperspectral_normal_images\Hyperspectral_kidney_normal_2473.jpg,Normal,0
train,dataset\Hyperspectral_tumor_images\Hyperspectral_kidney_tumor_3356.jpg,Tumor,1
train,dataset\Hyperspectral_tumor_images\Hyperspectral_kidney_tumor_4926.jpg,Tumor,1
train,dataset\Hyperspectral_tumor_images\Hyperspectral_kidney_tumor_1891.jpg,Tumor,1
train,dataset\Hyperspectral_tumor_images\Hyperspectral_kidney_tumor_3403.jpg,Tumor,1
train,dataset\Hyperspectral_normal_images\Hyperspectral_kidney_normal_0150.jpg,Normal,0
train,dataset\Hyperspectral_normal_images\Hyperspectral_kidney_normal_0056.jpg,Normal,0
train,dataset\Hyperspectral_tumor_images\Hyperspectral_kidney_tumor_4177.jpg,Tumor,1
train,dataset\Hyperspectral_tumor_images\Hyperspectral_kidney_tumor_1087.jpg,Tumor,1
train,dataset\Hyperspectral_tumor_images\Hyperspectral_kidney_tumor_0706.jpg,Tumor,1
train,dataset\Hyperspectral_normal_images\Hyperspectral_kidney_normal_4864.jpg,Normal,0
train,dataset\Hyperspectral_normal_images\Hyperspectral_kidney_normal_3348.jpg,Normal,0
train,dataset\Hyperspectral_tumor_images\Hyperspectral_kidney_tumor_2978.jpg,Tumor,1
train,dataset\Hyperspectral_normal_images\Hyperspectral_kidney_normal_0066.jpg,Normal,0
train,dataset\Hyperspectral_tumor_images\Hyperspectral_kidney_tumor_1078.jpg,Tumor,1
train,dataset\Hyperspectral_normal_images\Hyperspectral_kidney_normal_3883.jpg,Normal,0
train,dataset\Hyperspectral_normal_images\Hyperspectral_kidney_normal_4227.jpg,Normal,0
train,dataset\Hyperspectral_tumor_images\Hyperspectral_kidney_tumor_0920.jpg,Tumor,1
train,dataset\Hyperspectral_tumor_images\Hyperspectral_kidney_tumor_4267.jpg,Tumor,1
train,dataset\Hyperspectral_normal_images\Hyperspectral_kidney_normal_3358.jpg,Normal,0
train,dataset\Hyperspectral_normal_images\Hyperspectral_kidney_normal_1065.jpg,Normal,0
train,dataset\Hyperspectral_normal_images\Hyperspectral_kidney_normal_4725.jpg,Normal,0
train,dataset\Hyperspectral_tumor_images\Hyperspectral_kidney_tumor_4003.jpg,Tumor,1
train,dataset\Hyperspectral_tumor_images\Hyperspectral_kidney_tumor_1355.jpg,Tumor,1
train,dataset\Hyperspectral_tumor_images\Hyperspectral_kidney_tumor_0063.jpg,Tumor,1
train,dataset\Hyperspectral_normal_images\Hyperspectral_kidney_normal_3173.jpg,Normal,0
train,dataset\Hyperspectral_tumor_images\Hyperspectral_kidney_tumor_3465.jpg,Tumor,1
train,dataset\Hyperspectral_normal_images\Hyperspectral_kidney_normal_1366.jpg,Normal,0
train,dataset\Hyperspectral_tumor_images\Hyperspectral_kidney_tumor_2796.jpg,Tumor,1
train,dataset\Hyperspectral_tumor_images\Hyperspectral_kidney_tumor_0161.jpg,Tumor,1
train,dataset\Hyperspectral_tumor_images\Hyperspectral_kidney_tumor_3595.jpg,Tumor,1
train,dataset\Hyperspectral_tumor_images\Hyperspectral_kidney_tumor_2416.jpg,Tumor,1
train,dataset\Hyperspectral_tumor_images\Hyperspectral_kidney_tumor_2409.jpg,Tumor,1
train,dataset\Hyperspectral_normal_images\Hyperspectral_kidney_normal_3837.jpg,Normal,0
train,dataset\Hyperspectral_normal_images\Hyperspectral_kidney_normal_3548.jpg,Normal,0
train,dataset\Hyperspectral_tumor_images\Hyperspectral_kidney_tumor_3133.jpg,Tumor,1
train,dataset\Hyperspectral_tumor_images\Hyperspectral_kidney_tumor_2325.jpg,Tumor,1
train,dataset\Hyperspectral_tumor_images\Hyperspectral_kidney_tumor_2885.jpg,Tumor,1
train,dataset\Hyperspectral_normal_images\Hyperspectral_kidney_normal_1644.jpg,Normal,0
train,dataset\Hyperspectral_tumor_images\Hyperspectral_kidney_tumor_4135.jpg,Tumor,1
train,dataset\Hyperspectral_tumor_images\Hyperspectral_kidney_tumor_2042.jpg,Tumor,1
train,dataset\Hyperspectral_normal_images\Hyperspectral_kidney_normal_2024.jpg,Normal,0
train,dataset\Hyperspectral_tumor_images\Hyperspectral_kidney_tumor_1807.jpg,Tumor,1
train,dataset\Hyperspectral_tumor_images\Hyperspectral_kidney_tumor_1769.jpg,Tumor,1
train,dataset\Hyperspectral_tumor_images\Hyperspectral_kidney_tumor_4793.jpg,Tumor,1
train,dataset\Hyperspectral_tumor_images\Hyperspectral_kidney_tumor_2709.jpg,Tumor,1
train,dataset\Hyperspectral_normal_images\Hyperspectral_kidney_normal_0642.jpg,Normal,0
train,dataset\Hyperspectral_tumor_images\Hyperspectral_kidney_tumor_0842.jpg,Tumor,1
train,dataset\Hyperspectral_tumor_images\Hyperspectral_kidney_tumor_3065.jpg,Tumor,1
train,dataset\Hyperspectral_tumor_images\Hyperspectral_kidney_tumor_1493.jpg,Tumor,1
train,dataset\Hyperspectral_tumor_images\Hyperspectral_kidney_tumor_4928.jpg,Tumor,1
train,dataset\Hyperspectral_tumor_images\Hyperspectral_kidney_tumor_1210.jpg,Tumor,1
train,dataset\Hyperspectral_tumor_images\Hyperspectral_kidney_tumor_2174.jpg,Tumor,1
train,dataset\Hyperspectral_normal_images\Hyperspectral_kidney_normal_2720.jpg,Normal,0
train,dataset\Hyperspectral_tumor_images\Hyperspectral_kidney_tumor_2928.jpg,Tumor,1
train,dataset\Hyperspectral_normal_images\Hyperspectral_kidney_normal_4808.jpg,Normal,0
train,dataset\Hyperspectral_normal_images\Hyperspectral_kidney_normal_4915.jpg,Normal,0
train,dataset\Hyperspectral_normal_images\Hyperspectral_kidney_normal_1364.jpg,Normal,0
train,dataset\Hyperspectral_normal_images\Hyperspectral_kidney_normal_3727.jpg,Normal,0
train,dataset\Hyperspectral_tumor_images\Hyperspectral_kidney_tumor_0550.jpg,Tumor,1
train,dataset\Hyperspectral_normal_images\Hyperspectral_kidney_normal_1650.jpg,Normal,0
train,dataset\Hyperspectral_tumor_images\Hyperspectral_kidney_tumor_1711.jpg,Tumor,1
train,dataset\Hyperspectral_normal_images\Hyperspectral_kidney_normal_0166.jpg,Normal,0
train,dataset\Hyperspectral_tumor_images\Hyperspectral_kidney_tumor_1724.jpg,Tumor,1
train,dataset\Hyperspectral_normal_images\Hyperspectral_kidney_normal_1824.jpg,Normal,0
train,dataset\Hyperspectral_tumor_images\Hyperspectral_kidney_tumor_4742.jpg,Tumor,1
train,dataset\Hyperspectral_normal_images\Hyperspectral_kidney_normal_1874.jpg,Normal,0
train,dataset\Hyperspectral_tumor_images\Hyperspectral_kidney_tumor_2518.jpg,Tumor,1
train,dataset\Hyperspectral_normal_images\Hyperspectral_kidney_normal_0649.jpg,Normal,0
train,dataset\Hyperspectral_tumor_images\Hyperspectral_kidney_tumor_0231.jpg,Tumor,1
train,dataset\Hyperspectral_tumor_images\Hyperspectral_kidney_tumor_3717.jpg,Tumor,1
train,dataset\Hyperspectral_tumor_images\Hyperspectral_kidney_tumor_1615.jpg,Tumor,1
train,dataset\Hyperspectral_normal_images\Hyperspectral_kidney_normal_2688.jpg,Normal,0
train,dataset\Hyperspectral_tumor_images\Hyperspectral_kidney_tumor_1730.jpg,Tumor,1
train,dataset\Hyperspectral_normal_images\Hyperspectral_kidney_normal_2694.jpg,Normal,0
train,dataset\Hyperspectral_tumor_images\Hyperspectral_kidney_tumor_3568.jpg,Tumor,1
train,dataset\Hyperspectral_normal_images\Hyperspectral_kidney_normal_1034.jpg,Normal,0
train,dataset\Hyperspectral_normal_images\Hyperspectral_kidney_normal_1213.jpg,Normal,0
train,dataset\Hyperspectral_normal_images\Hyperspectral_kidney_normal_3190.jpg,Normal,0
train,dataset\Hyperspectral_tumor_images\Hyperspectral_kidney_tumor_3492.jpg,Tumor,1
train,dataset\Hyperspectral_tumor_images\Hyperspectral_kidney_tumor_0214.jpg,Tumor,1
train,dataset\Hyperspectral_tumor_images\Hyperspectral_kidney_tumor_0295.jpg,Tumor,1
train,dataset\Hyperspectral_tumor_images\Hyperspectral_kidney_tumor_1108.jpg,Tumor,1
train,dataset\Hyperspectral_tumor_images\Hyperspectral_kidney_tumor_4257.jpg,Tumor,1
train,dataset\Hyperspectral_normal_images\Hyperspectral_kidney_normal_0966.jpg,Normal,0
train,dataset\Hyperspectral_normal_images\Hyperspectral_kidney_normal_0028.jpg,Normal,0
train,dataset\Hyperspectral_normal_images\Hyperspectral_kidney_normal_4799.jpg,Normal,0
train,dataset\Hyperspectral_tumor_images\Hyperspectral_kidney_tumor_0676.jpg,Tumor,1
train,dataset\Hyperspectral_tumor_images\Hyperspectral_kidney_tumor_4129.jpg,Tumor,1
train,dataset\Hyperspectral_normal_images\Hyperspectral_kidney_normal_2800.jpg,Normal,0
train,dataset\Hyperspectral_tumor_images\Hyperspectral_kidney_tumor_0995.jpg,Tumor,1
train,dataset\Hyperspectral_normal_images\Hyperspectral_kidney_normal_0474.jpg,Normal,0
train,dataset\Hyperspectral_normal_images\Hyperspectral_kidney_normal_4922.jpg,Normal,0
train,dataset\Hyperspectral_tumor_images\Hyperspectral_kidney_tumor_3178.jpg,Tumor,1
train,dataset\Hyperspectral_tumor_images\Hyperspectral_kidney_tumor_1774.jpg,Tumor,1
train,dataset\Hyperspectral_tumor_images\Hyperspectral_kidney_tumor_2055.jpg,Tumor,1
train,dataset\Hyperspectral_normal_images\Hyperspectral_kidney_normal_1820.jpg,Normal,0
train,dataset\Hyperspectral_normal_images\Hyperspectral_kidney_normal_3876.jpg,Normal,0
train,dataset\Hyperspectral_tumor_images\Hyperspectral_kidney_tumor_0272.jpg,Tumor,1
train,dataset\Hyperspectral_normal_images\Hyperspectral_kidney_normal_3385.jpg,Normal,0
train,dataset\Hyperspectral_normal_images\Hyperspectral_kidney_normal_4409.jpg,Normal,0
train,dataset\Hyperspectral_tumor_images\Hyperspectral_kidney_tumor_1299.jpg,Tumor,1
train,dataset\Hyperspectral_tumor_images\Hyperspectral_kidney_tumor_1022.jpg,Tumor,1
train,dataset\Hyperspectral_tumor_images\Hyperspectral_kidney_tumor_1483.jpg,Tumor,1
train,dataset\Hyperspectral_tumor_images\Hyperspectral_kidney_tumor_4011.jpg,Tumor,1
train,dataset\Hyperspectral_normal_images\Hyperspectral_kidney_normal_1205.jpg,Normal,0
train,dataset\Hyperspectral_normal_images\Hyperspectral_kidney_normal_4245.jpg,Normal,0
train,dataset\Hyperspectral_normal_images\Hyperspectral_kidney_normal_4593.jpg,Normal,0
train,dataset\Hyperspectral_tumor_images\Hyperspectral_kidney_tumor_4299.jpg,Tumor,1
train,dataset\Hyperspectral_tumor_images\Hyperspectral_kidney_tumor_1042.jpg,Tumor,1
train,dataset\Hyperspectral_normal_images\Hyperspectral_kidney_normal_2940.jpg,Normal,0
train,dataset\Hyperspectral_normal_images\Hyperspectral_kidney_normal_4355.jpg,Normal,0
train,dataset\Hyperspectral_normal_images\Hyperspectral_kidney_normal_2470.jpg,Normal,0
train,dataset\Hyperspectral_normal_images\Hyperspectral_kidney_normal_3221.jpg,Normal,0
train,dataset\Hyperspectral_normal_images\Hyperspectral_kidney_normal_0528.jpg,Normal,0
train,dataset\Hyperspectral_normal_images\Hyperspectral_kidney_normal_4562.jpg,Normal,0
train,dataset\Hyperspectral_normal_images\Hyperspectral_kidney_normal_3329.jpg,Normal,0
train,dataset\Hyperspectral_normal_images\Hyperspectral_kidney_normal_4276.jpg,Normal,0
train,dataset\Hyperspectral_normal_images\Hyperspectral_kidney_normal_3985.jpg,Normal,0
train,dataset\Hyperspectral_normal_images\Hyperspectral_kidney_normal_0129.jpg,Normal,0
train,dataset\Hyperspectral_tumor_images\Hyperspectral_kidney_tumor_2905.jpg,Tumor,1
train,dataset\Hyperspectral_normal_images\Hyperspectral_kidney_normal_4305.jpg,Normal,0
train,dataset\Hyperspectral_normal_images\Hyperspectral_kidney_normal_3422.jpg,Normal,0
train,dataset\Hyperspectral_normal_images\Hyperspectral_kidney_normal_4975.jpg,Normal,0
train,dataset\Hyperspectral_tumor_images\Hyperspectral_kidney_tumor_4146.jpg,Tumor,1
train,dataset\Hyperspectral_normal_images\Hyperspectral_kidney_normal_1770.jpg,Normal,0
train,dataset\Hyperspectral_tumor_images\Hyperspectral_kidney_tumor_0243.jpg,Tumor,1
train,dataset\Hyperspectral_tumor_images\Hyperspectral_kidney_tumor_1945.jpg,Tumor,1
train,dataset\Hyperspectral_normal_images\Hyperspectral_kidney_normal_2912.jpg,Normal,0
train,dataset\Hyperspectral_tumor_images\Hyperspectral_kidney_tumor_0922.jpg,Tumor,1
train,dataset\Hyperspectral_tumor_images\Hyperspectral_kidney_tumor_4465.jpg,Tumor,1
train,dataset\Hyperspectral_normal_images\Hyperspectral_kidney_normal_1594.jpg,Normal,0
train,dataset\Hyperspectral_normal_images\Hyperspectral_kidney_normal_2229.jpg,Normal,0
train,dataset\Hyperspectral_normal_images\Hyperspectral_kidney_normal_4318.jpg,Normal,0
train,dataset\Hyperspectral_normal_images\Hyperspectral_kidney_normal_1675.jpg,Normal,0
train,dataset\Hyperspectral_normal_images\Hyperspectral_kidney_normal_2598.jpg,Normal,0
train,dataset\Hyperspectral_tumor_images\Hyperspectral_kidney_tumor_2548.jpg,Tumor,1
train,dataset\Hyperspectral_tumor_images\Hyperspectral_kidney_tumor_0547.jpg,Tumor,1
train,dataset\Hyperspectral_tumor_images\Hyperspectral_kidney_tumor_3857.jpg,Tumor,1
train,dataset\Hyperspectral_tumor_images\Hyperspectral_kidney_tumor_1327.jpg,Tumor,1
train,dataset\Hyperspectral_normal_images\Hyperspectral_kidney_normal_0986.jpg,Normal,0
train,dataset\Hyperspectral_tumor_images\Hyperspectral_kidney_tumor_2326.jpg,Tumor,1
train,dataset\Hyperspectral_tumor_images\Hyperspectral_kidney_tumor_1257.jpg,Tumor,1
train,dataset\Hyperspectral_normal_images\Hyperspectral_kidney_normal_1302.jpg,Normal,0
train,dataset\Hyperspectral_tumor_images\Hyperspectral_kidney_tumor_0149.jpg,Tumor,1
train,dataset\Hyperspectral_tumor_images\Hyperspectral_kidney_tumor_4691.jpg,Tumor,1
train,dataset\Hyperspectral_tumor_images\Hyperspectral_kidney_tumor_2172.jpg,Tumor,1
train,dataset\Hyperspectral_normal_images\Hyperspectral_kidney_normal_1167.jpg,Normal,0
train,dataset\Hyperspectral_tumor_images\Hyperspectral_kidney_tumor_3157.jpg,Tumor,1
train,dataset\Hyperspectral_normal_images\Hyperspectral_kidney_normal_3266.jpg,Normal,0
train,dataset\Hyperspectral_tumor_images\Hyperspectral_kidney_tumor_0737.jpg,Tumor,1
train,dataset\Hyperspectral_tumor_images\Hyperspectral_kidney_tumor_0141.jpg,Tumor,1
train,dataset\Hyperspectral_tumor_images\Hyperspectral_kidney_tumor_3888.jpg,Tumor,1
train,dataset\Hyperspectral_normal_images\Hyperspectral_kidney_normal_3732.jpg,Normal,0
train,dataset\Hyperspectral_normal_images\Hyperspectral_kidney_normal_0456.jpg,Normal,0
train,dataset\Hyperspectral_tumor_images\Hyperspectral_kidney_tumor_4079.jpg,Tumor,1
train,dataset\Hyperspectral_tumor_images\Hyperspectral_kidney_tumor_3536.jpg,Tumor,1
train,dataset\Hyperspectral_normal_images\Hyperspectral_kidney_normal_2634.jpg,Normal,0
train,dataset\Hyperspectral_normal_images\Hyperspectral_kidney_normal_3200.jpg,Normal,0
train,dataset\Hyperspectral_normal_images\Hyperspectral_kidney_normal_3293.jpg,Normal,0
train,dataset\Hyperspectral_normal_images\Hyperspectral_kidney_normal_1931.jpg,Normal,0
train,dataset\Hyperspectral_tumor_images\Hyperspectral_kidney_tumor_2712.jpg,Tumor,1
train,dataset\Hyperspectral_tumor_images\Hyperspectral_kidney_tumor_4686.jpg,Tumor,1
train,dataset\Hyperspectral_tumor_images\Hyperspectral_kidney_tumor_0951.jpg,Tumor,1
train,dataset\Hyperspectral_normal_images\Hyperspectral_kidney_normal_0419.jpg,Normal,0
train,dataset\Hyperspectral_normal_images\Hyperspectral_kidney_normal_0759.jpg,Normal,0
train,dataset\Hyperspectral_tumor_images\Hyperspectral_kidney_tumor_1002.jpg,Tumor,1
train,dataset\Hyperspectral_normal_images\Hyperspectral_kidney_normal_2437.jpg,Normal,0
train,dataset\Hyperspectral_tumor_images\Hyperspectral_kidney_tumor_1194.jpg,Tumor,1
train,dataset\Hyperspectral_tumor_images\Hyperspectral_kidney_tumor_2899.jpg,Tumor,1
train,dataset\Hyperspectral_tumor_images\Hyperspectral_kidney_tumor_1450.jpg,Tumor,1
train,dataset\Hyperspectral_normal_images\Hyperspectral_kidney_normal_3845.jpg,Normal,0
train,dataset\Hyperspectral_tumor_images\Hyperspectral_kidney_tumor_2860.jpg,Tumor,1
train,dataset\Hyperspectral_normal_images\Hyperspectral_kidney_normal_2262.jpg,Normal,0
train,dataset\Hyperspectral_tumor_images\Hyperspectral_kidney_tumor_0319.jpg,Tumor,1
train,dataset\Hyperspectral_normal_images\Hyperspectral_kidney_normal_1771.jpg,Normal,0
train,dataset\Hyperspectral_normal_images\Hyperspectral_kidney_normal_0163.jpg,Normal,0
train,dataset\Hyperspectral_tumor_images\Hyperspectral_kidney_tumor_3887.jpg,Tumor,1
train,dataset\Hyperspectral_tumor_images\Hyperspectral_kidney_tumor_4459.jpg,Tumor,1
train,dataset\Hyperspectral_tumor_images\Hyperspectral_kidney_tumor_3490.jpg,Tumor,1
train,dataset\Hyperspectral_normal_images\Hyperspectral_kidney_normal_3428.jpg,Normal,0
train,dataset\Hyperspectral_normal_images\Hyperspectral_kidney_normal_3493.jpg,Normal,0
train,dataset\Hyperspectral_tumor_images\Hyperspectral_kidney_tumor_3621.jpg,Tumor,1
train,dataset\Hyperspectral_normal_images\Hyperspectral_kidney_normal_2542.jpg,Normal,0
train,dataset\Hyperspectral_normal_images\Hyperspectral_kidney_normal_3936.jpg,Normal,0
train,dataset\Hyperspectral_normal_images\Hyperspectral_kidney_normal_0580.jpg,Normal,0
train,dataset\Hyperspectral_tumor_images\Hyperspectral_kidney_tumor_2839.jpg,Tumor,1
train,dataset\Hyperspectral_tumor_images\Hyperspectral_kidney_tumor_0832.jpg,Tumor,1
train,dataset\Hyperspectral_normal_images\Hyperspectral_kidney_normal_2728.jpg,Normal,0
train,dataset\Hyperspectral_tumor_images\Hyperspectral_kidney_tumor_1477.jpg,Tumor,1
train,dataset\Hyperspectral_tumor_images\Hyperspectral_kidney_tumor_1654.jpg,Tumor,1
train,dataset\Hyperspectral_tumor_images\Hyperspectral_kidney_tumor_1006.jpg,Tumor,1
train,dataset\Hyperspectral_normal_images\Hyperspectral_kidney_normal_2105.jpg,Normal,0
train,dataset\Hyperspectral_tumor_images\Hyperspectral_kidney_tumor_0437.jpg,Tumor,1
train,dataset\Hyperspectral_tumor_images\Hyperspectral_kidney_tumor_1674.jpg,Tumor,1
train,dataset\Hyperspectral_tumor_images\Hyperspectral_kidney_tumor_3472.jpg,Tumor,1
train,dataset\Hyperspectral_tumor_images\Hyperspectral_kidney_tumor_2115.jpg,Tumor,1
train,dataset\Hyperspectral_normal_images\Hyperspectral_kidney_normal_4258.jpg,Normal,0
train,dataset\Hyperspectral_tumor_images\Hyperspectral_kidney_tumor_0941.jpg,Tumor,1
train,dataset\Hyperspectral_tumor_images\Hyperspectral_kidney_tumor_0233.jpg,Tumor,1
train,dataset\Hyperspectral_normal_images\Hyperspectral_kidney_normal_4704.jpg,Normal,0
train,dataset\Hyperspectral_normal_images\Hyperspectral_kidney_normal_1968.jpg,Normal,0
train,dataset\Hyperspectral_tumor_images\Hyperspectral_kidney_tumor_1310.jpg,Tumor,1
train,dataset\Hyperspectral_tumor_images\Hyperspectral_kidney_tumor_3060.jpg,Tumor,1
train,dataset\Hyperspectral_normal_images\Hyperspectral_kidney_normal_1352.jpg,Normal,0
train,dataset\Hyperspectral_tumor_images\Hyperspectral_kidney_tumor_2789.jpg,Tumor,1
train,dataset\Hyperspectral_normal_images\Hyperspectral_kidney_normal_1547.jpg,Normal,0
train,dataset\Hyperspectral_tumor_images\Hyperspectral_kidney_tumor_3780.jpg,Tumor,1
train,dataset\Hyperspectral_normal_images\Hyperspectral_kidney_normal_1036.jpg,Normal,0
train,dataset\Hyperspectral_tumor_images\Hyperspectral_kidney_tumor_1209.jpg,Tumor,1
train,dataset\Hyperspectral_normal_images\Hyperspectral_kidney_normal_4535.jpg,Normal,0
train,dataset\Hyperspectral_normal_images\Hyperspectral_kidney_normal_0490.jpg,Normal,0
train,dataset\Hyperspectral_normal_images\Hyperspectral_kidney_normal_4243.jpg,Normal,0
train,dataset\Hyperspectral_tumor_images\Hyperspectral_kidney_tumor_4660.jpg,Tumor,1
train,dataset\Hyperspectral_normal_images\Hyperspectral_kidney_normal_4568.jpg,Normal,0
train,dataset\Hyperspectral_tumor_images\Hyperspectral_kidney_tumor_0592.jpg,Tumor,1
train,dataset\Hyperspectral_normal_images\Hyperspectral_kidney_normal_1500.jpg,Normal,0
train,dataset\Hyperspectral_tumor_images\Hyperspectral_kidney_tumor_1965.jpg,Tumor,1
train,dataset\Hyperspectral_tumor_images\Hyperspectral_kidney_tumor_1125.jpg,Tumor,1
train,dataset\Hyperspectral_tumor_images\Hyperspectral_kidney_tumor_4167.jpg,Tumor,1
train,dataset\Hyperspectral_tumor_images\Hyperspectral_kidney_tumor_2444.jpg,Tumor,1
train,dataset\Hyperspectral_tumor_images\Hyperspectral_kidney_tumor_1749.jpg,Tumor,1
train,dataset\Hyperspectral_tumor_images\Hyperspectral_kidney_tumor_4123.jpg,Tumor,1
train,dataset\Hyperspectral_normal_images\Hyperspectral_kidney_normal_3948.jpg,Normal,0
train,dataset\Hyperspectral_tumor_images\Hyperspectral_kidney_tumor_3453.jpg,Tumor,1
train,dataset\Hyperspectral_normal_images\Hyperspectral_kidney_normal_2870.jpg,Normal,0
train,dataset\Hyperspectral_tumor_images\Hyperspectral_kidney_tumor_2904.jpg,Tumor,1
train,dataset\Hyperspectral_normal_images\Hyperspectral_kidney_normal_1445.jpg,Normal,0
train,dataset\Hyperspectral_normal_images\Hyperspectral_kidney_normal_3849.jpg,Normal,0
train,dataset\Hyperspectral_tumor_images\Hyperspectral_kidney_tumor_1119.jpg,Tumor,1
train,dataset\Hyperspectral_normal_images\Hyperspectral_kidney_normal_1458.jpg,Normal,0
train,dataset\Hyperspectral_normal_images\Hyperspectral_kidney_normal_2970.jpg,Normal,0
train,dataset\Hyperspectral_normal_images\Hyperspectral_kidney_normal_0465.jpg,Normal,0
train,dataset\Hyperspectral_normal_images\Hyperspectral_kidney_normal_1453.jpg,Normal,0
train,dataset\Hyperspectral_normal_images\Hyperspectral_kidney_normal_3912.jpg,Normal,0
train,dataset\Hyperspectral_normal_images\Hyperspectral_kidney_normal_4628.jpg,Normal,0
train,dataset\Hyperspectral_normal_images\Hyperspectral_kidney_normal_1054.jpg,Normal,0
train,dataset\Hyperspectral_tumor_images\Hyperspectral_kidney_tumor_2753.jpg,Tumor,1
train,dataset\Hyperspectral_tumor_images\Hyperspectral_kidney_tumor_1331.jpg,Tumor,1
train,dataset\Hyperspectral_tumor_images\Hyperspectral_kidney_tumor_2862.jpg,Tumor,1
train,dataset\Hyperspectral_tumor_images\Hyperspectral_kidney_tumor_3571.jpg,Tumor,1
train,dataset\Hyperspectral_tumor_images\Hyperspectral_kidney_tumor_0620.jpg,Tumor,1
train,dataset\Hyperspectral_normal_images\Hyperspectral_kidney_normal_2459.jpg,Normal,0
train,dataset\Hyperspectral_tumor_images\Hyperspectral_kidney_tumor_3361.jpg,Tumor,1
train,dataset\Hyperspectral_tumor_images\Hyperspectral_kidney_tumor_2824.jpg,Tumor,1
train,dataset\Hyperspectral_tumor_images\Hyperspectral_kidney_tumor_1717.jpg,Tumor,1
train,dataset\Hyperspectral_normal_images\Hyperspectral_kidney_normal_1260.jpg,Normal,0
train,dataset\Hyperspectral_normal_images\Hyperspectral_kidney_normal_0348.jpg,Normal,0
train,dataset\Hyperspectral_tumor_images\Hyperspectral_kidney_tumor_3079.jpg,Tumor,1
train,dataset\Hyperspectral_tumor_images\Hyperspectral_kidney_tumor_3071.jpg,Tumor,1
train,dataset\Hyperspectral_tumor_images\Hyperspectral_kidney_tumor_1754.jpg,Tumor,1
train,dataset\Hyperspectral_tumor_images\Hyperspectral_kidney_tumor_3688.jpg,Tumor,1
train,dataset\Hyperspectral_normal_images\Hyperspectral_kidney_normal_3226.jpg,Normal,0
train,dataset\Hyperspectral_normal_images\Hyperspectral_kidney_normal_0098.jpg,Normal,0
train,dataset\Hyperspectral_tumor_images\Hyperspectral_kidney_tumor_3342.jpg,Tumor,1
train,dataset\Hyperspectral_tumor_images\Hyperspectral_kidney_tumor_4555.jpg,Tumor,1
train,dataset\Hyperspectral_tumor_images\Hyperspectral_kidney_tumor_0309.jpg,Tumor,1
train,dataset\Hyperspectral_tumor_images\Hyperspectral_kidney_tumor_1673.jpg,Tumor,1
train,dataset\Hyperspectral_tumor_images\Hyperspectral_kidney_tumor_2269.jpg,Tumor,1
train,dataset\Hyperspectral_tumor_images\Hyperspectral_kidney_tumor_0744.jpg,Tumor,1
train,dataset\Hyperspectral_normal_images\Hyperspectral_kidney_normal_3508.jpg,Normal,0
train,dataset\Hyperspectral_normal_images\Hyperspectral_kidney_normal_4028.jpg,Normal,0
train,dataset\Hyperspectral_normal_images\Hyperspectral_kidney_normal_3814.jpg,Normal,0
train,dataset\Hyperspectral_tumor_images\Hyperspectral_kidney_tumor_2292.jpg,Tumor,1
train,dataset\Hyperspectral_tumor_images\Hyperspectral_kidney_tumor_0848.jpg,Tumor,1
train,dataset\Hyperspectral_normal_images\Hyperspectral_kidney_normal_0808.jpg,Normal,0
train,dataset\Hyperspectral_normal_images\Hyperspectral_kidney_normal_0086.jpg,Normal,0
train,dataset\Hyperspectral_normal_images\Hyperspectral_kidney_normal_3427.jpg,Normal,0
train,dataset\Hyperspectral_normal_images\Hyperspectral_kidney_normal_3811.jpg,Normal,0
train,dataset\Hyperspectral_normal_images\Hyperspectral_kidney_normal_2508.jpg,Normal,0
train,dataset\Hyperspectral_normal_images\Hyperspectral_kidney_normal_0514.jpg,Normal,0
train,dataset\Hyperspectral_tumor_images\Hyperspectral_kidney_tumor_1420.jpg,Tumor,1
train,dataset\Hyperspectral_normal_images\Hyperspectral_kidney_normal_1047.jpg,Normal,0
train,dataset\Hyperspectral_tumor_images\Hyperspectral_kidney_tumor_1238.jpg,Tumor,1
train,dataset\Hyperspectral_normal_images\Hyperspectral_kidney_normal_3878.jpg,Normal,0
train,dataset\Hyperspectral_tumor_images\Hyperspectral_kidney_tumor_4057.jpg,Tumor,1
train,dataset\Hyperspectral_normal_images\Hyperspectral_kidney_normal_4729.jpg,Normal,0
train,dataset\Hyperspectral_normal_images\Hyperspectral_kidney_normal_0075.jpg,Normal,0
train,dataset\Hyperspectral_tumor_images\Hyperspectral_kidney_tumor_4293.jpg,Tumor,1
train,dataset\Hyperspectral_tumor_images\Hyperspectral_kidney_tumor_2517.jpg,Tumor,1
train,dataset\Hyperspectral_normal_images\Hyperspectral_kidney_normal_1826.jpg,Normal,0
train,dataset\Hyperspectral_tumor_images\Hyperspectral_kidney_tumor_1795.jpg,Tumor,1
train,dataset\Hyperspectral_normal_images\Hyperspectral_kidney_normal_1159.jpg,Normal,0
train,dataset\Hyperspectral_normal_images\Hyperspectral_kidney_normal_1128.jpg,Normal,0
train,dataset\Hyperspectral_tumor_images\Hyperspectral_kidney_tumor_4056.jpg,Tumor,1
train,dataset\Hyperspectral_normal_images\Hyperspectral_kidney_normal_1896.jpg,Normal,0
train,dataset\Hyperspectral_normal_images\Hyperspectral_kidney_normal_4383.jpg,Normal,0
train,dataset\Hyperspectral_tumor_images\Hyperspectral_kidney_tumor_1864.jpg,Tumor,1
train,dataset\Hyperspectral_tumor_images\Hyperspectral_kidney_tumor_3640.jpg,Tumor,1
train,dataset\Hyperspectral_tumor_images\Hyperspectral_kidney_tumor_1096.jpg,Tumor,1
train,dataset\Hyperspectral_normal_images\Hyperspectral_kidney_normal_1169.jpg,Normal,0
train,dataset\Hyperspectral_tumor_images\Hyperspectral_kidney_tumor_4847.jpg,Tumor,1
train,dataset\Hyperspectral_normal_images\Hyperspectral_kidney_normal_0658.jpg,Normal,0
train,dataset\Hyperspectral_normal_images\Hyperspectral_kidney_normal_1156.jpg,Normal,0
train,dataset\Hyperspectral_tumor_images\Hyperspectral_kidney_tumor_1073.jpg,Tumor,1
train,dataset\Hyperspectral_normal_images\Hyperspectral_kidney_normal_3448.jpg,Normal,0
train,dataset\Hyperspectral_tumor_images\Hyperspectral_kidney_tumor_2001.jpg,Tumor,1
train,dataset\Hyperspectral_tumor_images\Hyperspectral_kidney_tumor_1570.jpg,Tumor,1
train,dataset\Hyperspectral_tumor_images\Hyperspectral_kidney_tumor_2911.jpg,Tumor,1
train,dataset\Hyperspectral_normal_images\Hyperspectral_kidney_normal_2748.jpg,Normal,0
train,dataset\Hyperspectral_tumor_images\Hyperspectral_kidney_tumor_2313.jpg,Tumor,1
train,dataset\Hyperspectral_normal_images\Hyperspectral_kidney_normal_2468.jpg,Normal,0
train,dataset\Hyperspectral_tumor_images\Hyperspectral_kidney_tumor_2754.jpg,Tumor,1
train,dataset\Hyperspectral_tumor_images\Hyperspectral_kidney_tumor_4859.jpg,Tumor,1
train,dataset\Hyperspectral_tumor_images\Hyperspectral_kidney_tumor_4805.jpg,Tumor,1
train,dataset\Hyperspectral_tumor_images\Hyperspectral_kidney_tumor_0728.jpg,Tumor,1
train,dataset\Hyperspectral_tumor_images\Hyperspectral_kidney_tumor_0271.jpg,Tumor,1
train,dataset\Hyperspectral_normal_images\Hyperspectral_kidney_normal_2334.jpg,Normal,0
train,dataset\Hyperspectral_tumor_images\Hyperspectral_kidney_tumor_0695.jpg,Tumor,1
train,dataset\Hyperspectral_tumor_images\Hyperspectral_kidney_tumor_2097.jpg,Tumor,1
train,dataset\Hyperspectral_tumor_images\Hyperspectral_kidney_tumor_3376.jpg,Tumor,1
train,dataset\Hyperspectral_tumor_images\Hyperspectral_kidney_tumor_1240.jpg,Tumor,1
train,dataset\Hyperspectral_tumor_images\Hyperspectral_kidney_tumor_1737.jpg,Tumor,1
train,dataset\Hyperspectral_tumor_images\Hyperspectral_kidney_tumor_4616.jpg,Tumor,1
train,dataset\Hyperspectral_tumor_images\Hyperspectral_kidney_tumor_2865.jpg,Tumor,1
train,dataset\Hyperspectral_tumor_images\Hyperspectral_kidney_tumor_2330.jpg,Tumor,1
train,dataset\Hyperspectral_normal_images\Hyperspectral_kidney_normal_2364.jpg,Normal,0
train,dataset\Hyperspectral_tumor_images\Hyperspectral_kidney_tumor_1782.jpg,Tumor,1
train,dataset\Hyperspectral_tumor_images\Hyperspectral_kidney_tumor_3328.jpg,Tumor,1
train,dataset\Hyperspectral_tumor_images\Hyperspectral_kidney_tumor_4821.jpg,Tumor,1
train,dataset\Hyperspectral_tumor_images\Hyperspectral_kidney_tumor_3176.jpg,Tumor,1
train,dataset\Hyperspectral_normal_images\Hyperspectral_kidney_normal_2464.jpg,Normal,0
train,dataset\Hyperspectral_tumor_images\Hyperspectral_kidney_tumor_0331.jpg,Tumor,1
train,dataset\Hyperspectral_tumor_images\Hyperspectral_kidney_tumor_2703.jpg,Tumor,1
train,dataset\Hyperspectral_tumor_images\Hyperspectral_kidney_tumor_1470.jpg,Tumor,1
train,dataset\Hyperspectral_normal_images\Hyperspectral_kidney_normal_0035.jpg,Normal,0
train,dataset\Hyperspectral_normal_images\Hyperspectral_kidney_normal_3655.jpg,Normal,0
train,dataset\Hyperspectral_normal_images\Hyperspectral_kidney_normal_1783.jpg,Normal,0
train,dataset\Hyperspectral_normal_images\Hyperspectral_kidney_normal_3401.jpg,Normal,0
train,dataset\Hyperspectral_normal_images\Hyperspectral_kidney_normal_2019.jpg,Normal,0
train,dataset\Hyperspectral_tumor_images\Hyperspectral_kidney_tumor_2484.jpg,Tumor,1
train,dataset\Hyperspectral_normal_images\Hyperspectral_kidney_normal_4187.jpg,Normal,0
train,dataset\Hyperspectral_normal_images\Hyperspectral_kidney_normal_0273.jpg,Normal,0
train,dataset\Hyperspectral_normal_images\Hyperspectral_kidney_normal_1970.jpg,Normal,0
train,dataset\Hyperspectral_tumor_images\Hyperspectral_kidney_tumor_1262.jpg,Tumor,1
train,dataset\Hyperspectral_tumor_images\Hyperspectral_kidney_tumor_3655.jpg,Tumor,1
train,dataset\Hyperspectral_tumor_images\Hyperspectral_kidney_tumor_1286.jpg,Tumor,1
train,dataset\Hyperspectral_tumor_images\Hyperspectral_kidney_tumor_3734.jpg,Tumor,1
train,dataset\Hyperspectral_tumor_images\Hyperspectral_kidney_tumor_2111.jpg,Tumor,1
train,dataset\Hyperspectral_tumor_images\Hyperspectral_kidney_tumor_4489.jpg,Tumor,1
train,dataset\Hyperspectral_normal_images\Hyperspectral_kidney_normal_1697.jpg,Normal,0
train,dataset\Hyperspectral_tumor_images\Hyperspectral_kidney_tumor_4420.jpg,Tumor,1
train,dataset\Hyperspectral_tumor_images\Hyperspectral_kidney_tumor_4424.jpg,Tumor,1
train,dataset\Hyperspectral_tumor_images\Hyperspectral_kidney_tumor_1823.jpg,Tumor,1
train,dataset\Hyperspectral_tumor_images\Hyperspectral_kidney_tumor_2367.jpg,Tumor,1
train,dataset\Hyperspectral_normal_images\Hyperspectral_kidney_normal_2129.jpg,Normal,0
train,dataset\Hyperspectral_normal_images\Hyperspectral_kidney_normal_4160.jpg,Normal,0
train,dataset\Hyperspectral_tumor_images\Hyperspectral_kidney_tumor_2366.jpg,Tumor,1
train,dataset\Hyperspectral_tumor_images\Hyperspectral_kidney_tumor_3705.jpg,Tumor,1
train,dataset\Hyperspectral_normal_images\Hyperspectral_kidney_normal_4142.jpg,Normal,0
train,dataset\Hyperspectral_normal_images\Hyperspectral_kidney_normal_2827.jpg,Normal,0
train,dataset\Hyperspectral_normal_images\Hyperspectral_kidney_normal_3438.jpg,Normal,0
train,dataset\Hyperspectral_normal_images\Hyperspectral_kidney_normal_4332.jpg,Normal,0
train,dataset\Hyperspectral_tumor_images\Hyperspectral_kidney_tumor_0304.jpg,Tumor,1
train,dataset\Hyperspectral_tumor_images\Hyperspectral_kidney_tumor_3107.jpg,Tumor,1
train,dataset\Hyperspectral_normal_images\Hyperspectral_kidney_normal_2721.jpg,Normal,0
train,dataset\Hyperspectral_normal_images\Hyperspectral_kidney_normal_3651.jpg,Normal,0
train,dataset\Hyperspectral_tumor_images\Hyperspectral_kidney_tumor_2456.jpg,Tumor,1
train,dataset\Hyperspectral_tumor_images\Hyperspectral_kidney_tumor_1350.jpg,Tumor,1
train,dataset\Hyperspectral_tumor_images\Hyperspectral_kidney_tumor_1032.jpg,Tumor,1
train,dataset\Hyperspectral_tumor_images\Hyperspectral_kidney_tumor_0160.jpg,Tumor,1
train,dataset\Hyperspectral_tumor_images\Hyperspectral_kidney_tumor_2082.jpg,Tumor,1
train,dataset\Hyperspectral_normal_images\Hyperspectral_kidney_normal_4253.jpg,Normal,0
train,dataset\Hyperspectral_normal_images\Hyperspectral_kidney_normal_4972.jpg,Normal,0
train,dataset\Hyperspectral_normal_images\Hyperspectral_kidney_normal_0592.jpg,Normal,0
train,dataset\Hyperspectral_tumor_images\Hyperspectral_kidney_tumor_2237.jpg,Tumor,1
train,dataset\Hyperspectral_tumor_images\Hyperspectral_kidney_tumor_4255.jpg,Tumor,1
train,dataset\Hyperspectral_normal_images\Hyperspectral_kidney_normal_0284.jpg,Normal,0
train,dataset\Hyperspectral_tumor_images\Hyperspectral_kidney_tumor_4649.jpg,Tumor,1
train,dataset\Hyperspectral_normal_images\Hyperspectral_kidney_normal_1789.jpg,Normal,0
train,dataset\Hyperspectral_normal_images\Hyperspectral_kidney_normal_2842.jpg,Normal,0
train,dataset\Hyperspectral_tumor_images\Hyperspectral_kidney_tumor_0016.jpg,Tumor,1
train,dataset\Hyperspectral_normal_images\Hyperspectral_kidney_normal_4197.jpg,Normal,0
train,dataset\Hyperspectral_tumor_images\Hyperspectral_kidney_tumor_4745.jpg,Tumor,1
train,dataset\Hyperspectral_tumor_images\Hyperspectral_kidney_tumor_0808.jpg,Tumor,1
train,dataset\Hyperspectral_normal_images\Hyperspectral_kidney_normal_4565.jpg,Normal,0
train,dataset\Hyperspectral_tumor_images\Hyperspectral_kidney_tumor_4037.jpg,Tumor,1
train,dataset\Hyperspectral_tumor_images\Hyperspectral_kidney_tumor_2637.jpg,Tumor,1
train,dataset\Hyperspectral_tumor_images\Hyperspectral_kidney_tumor_4198.jpg,Tumor,1
train,dataset\Hyperspectral_normal_images\Hyperspectral_kidney_normal_3387.jpg,Normal,0
train,dataset\Hyperspectral_normal_images\Hyperspectral_kidney_normal_0847.jpg,Normal,0
train,dataset\Hyperspectral_tumor_images\Hyperspectral_kidney_tumor_4875.jpg,Tumor,1
train,dataset\Hyperspectral_tumor_images\Hyperspectral_kidney_tumor_0211.jpg,Tumor,1
train,dataset\Hyperspectral_tumor_images\Hyperspectral_kidney_tumor_4891.jpg,Tumor,1
train,dataset\Hyperspectral_normal_images\Hyperspectral_kidney_normal_3871.jpg,Normal,0
train,dataset\Hyperspectral_tumor_images\Hyperspectral_kidney_tumor_3293.jpg,Tumor,1
train,dataset\Hyperspectral_normal_images\Hyperspectral_kidney_normal_2404.jpg,Normal,0
train,dataset\Hyperspectral_normal_images\Hyperspectral_kidney_normal_0283.jpg,Normal,0
train,dataset\Hyperspectral_tumor_images\Hyperspectral_kidney_tumor_1850.jpg,Tumor,1
train,dataset\Hyperspectral_normal_images\Hyperspectral_kidney_normal_4801.jpg,Normal,0
train,dataset\Hyperspectral_tumor_images\Hyperspectral_kidney_tumor_0907.jpg,Tumor,1
train,dataset\Hyperspectral_tumor_images\Hyperspectral_kidney_tumor_2030.jpg,Tumor,1
train,dataset\Hyperspectral_normal_images\Hyperspectral_kidney_normal_1819.jpg,Normal,0
train,dataset\Hyperspectral_normal_images\Hyperspectral_kidney_normal_0629.jpg,Normal,0
train,dataset\Hyperspectral_tumor_images\Hyperspectral_kidney_tumor_1473.jpg,Tumor,1
train,dataset\Hyperspectral_tumor_images\Hyperspectral_kidney_tumor_1313.jpg,Tumor,1
train,dataset\Hyperspectral_normal_images\Hyperspectral_kidney_normal_4732.jpg,Normal,0
train,dataset\Hyperspectral_tumor_images\Hyperspectral_kidney_tumor_0455.jpg,Tumor,1
train,dataset\Hyperspectral_tumor_images\Hyperspectral_kidney_tumor_2008.jpg,Tumor,1
train,dataset\Hyperspectral_normal_images\Hyperspectral_kidney_normal_3104.jpg,Normal,0
train,dataset\Hyperspectral_tumor_images\Hyperspectral_kidney_tumor_3906.jpg,Tumor,1
train,dataset\Hyperspectral_tumor_images\Hyperspectral_kidney_tumor_1067.jpg,Tumor,1
train,dataset\Hyperspectral_tumor_images\Hyperspectral_kidney_tumor_0429.jpg,Tumor,1
train,dataset\Hyperspectral_normal_images\Hyperspectral_kidney_normal_1528.jpg,Normal,0
train,dataset\Hyperspectral_tumor_images\Hyperspectral_kidney_tumor_4759.jpg,Tumor,1
train,dataset\Hyperspectral_normal_images\Hyperspectral_kidney_normal_4782.jpg,Normal,0
train,dataset\Hyperspectral_tumor_images\Hyperspectral_kidney_tumor_2198.jpg,Tumor,1
train,dataset\Hyperspectral_normal_images\Hyperspectral_kidney_normal_1404.jpg,Normal,0
train,dataset\Hyperspectral_tumor_images\Hyperspectral_kidney_tumor_1702.jpg,Tumor,1
train,dataset\Hyperspectral_tumor_images\Hyperspectral_kidney_tumor_3092.jpg,Tumor,1
train,dataset\Hyperspectral_tumor_images\Hyperspectral_kidney_tumor_0171.jpg,Tumor,1
train,dataset\Hyperspectral_normal_images\Hyperspectral_kidney_normal_1666.jpg,Normal,0
train,dataset\Hyperspectral_normal_images\Hyperspectral_kidney_normal_4478.jpg,Normal,0
train,dataset\Hyperspectral_tumor_images\Hyperspectral_kidney_tumor_1975.jpg,Tumor,1
train,dataset\Hyperspectral_tumor_images\Hyperspectral_kidney_tumor_0517.jpg,Tumor,1
train,dataset\Hyperspectral_tumor_images\Hyperspectral_kidney_tumor_2256.jpg,Tumor,1
train,dataset\Hyperspectral_tumor_images\Hyperspectral_kidney_tumor_4380.jpg,Tumor,1
train,dataset\Hyperspectral_normal_images\Hyperspectral_kidney_normal_0959.jpg,Normal,0
train,dataset\Hyperspectral_normal_images\Hyperspectral_kidney_normal_3432.jpg,Normal,0
train,dataset\Hyperspectral_tumor_images\Hyperspectral_kidney_tumor_2396.jpg,Tumor,1
train,dataset\Hyperspectral_tumor_images\Hyperspectral_kidney_tumor_0399.jpg,Tumor,1
train,dataset\Hyperspectral_tumor_images\Hyperspectral_kidney_tumor_4717.jpg,Tumor,1
train,dataset\Hyperspectral_tumor_images\Hyperspectral_kidney_tumor_3267.jpg,Tumor,1
train,dataset\Hyperspectral_normal_images\Hyperspectral_kidney_normal_4517.jpg,Normal,0
train,dataset\Hyperspectral_normal_images\Hyperspectral_kidney_normal_4424.jpg,Normal,0
train,dataset\Hyperspectral_normal_images\Hyperspectral_kidney_normal_4929.jpg,Normal,0
train,dataset\Hyperspectral_normal_images\Hyperspectral_kidney_normal_1396.jpg,Normal,0
train,dataset\Hyperspectral_tumor_images\Hyperspectral_kidney_tumor_4364.jpg,Tumor,1
train,dataset\Hyperspectral_tumor_images\Hyperspectral_kidney_tumor_2408.jpg,Tumor,1
train,dataset\Hyperspectral_tumor_images\Hyperspectral_kidney_tumor_0653.jpg,Tumor,1
train,dataset\Hyperspectral_tumor_images\Hyperspectral_kidney_tumor_0771.jpg,Tumor,1
train,dataset\Hyperspectral_tumor_images\Hyperspectral_kidney_tumor_4254.jpg,Tumor,1
train,dataset\Hyperspectral_tumor_images\Hyperspectral_kidney_tumor_4208.jpg,Tumor,1
train,dataset\Hyperspectral_tumor_images\Hyperspectral_kidney_tumor_4734.jpg,Tumor,1
train,dataset\Hyperspectral_normal_images\Hyperspectral_kidney_normal_1681.jpg,Normal,0
train,dataset\Hyperspectral_tumor_images\Hyperspectral_kidney_tumor_1565.jpg,Tumor,1
train,dataset\Hyperspectral_tumor_images\Hyperspectral_kidney_tumor_2065.jpg,Tumor,1
train,dataset\Hyperspectral_normal_images\Hyperspectral_kidney_normal_4627.jpg,Normal,0
train,dataset\Hyperspectral_normal_images\Hyperspectral_kidney_normal_4379.jpg,Normal,0
train,dataset\Hyperspectral_tumor_images\Hyperspectral_kidney_tumor_3175.jpg,Tumor,1
train,dataset\Hyperspectral_normal_images\Hyperspectral_kidney_normal_4637.jpg,Normal,0
train,dataset\Hyperspectral_tumor_images\Hyperspectral_kidney_tumor_1304.jpg,Tumor,1
train,dataset\Hyperspectral_tumor_images\Hyperspectral_kidney_tumor_3294.jpg,Tumor,1
train,dataset\Hyperspectral_normal_images\Hyperspectral_kidney_normal_2454.jpg,Normal,0
train,dataset\Hyperspectral_tumor_images\Hyperspectral_kidney_tumor_4365.jpg,Tumor,1
train,dataset\Hyperspectral_tumor_images\Hyperspectral_kidney_tumor_3339.jpg,Tumor,1
train,dataset\Hyperspectral_normal_images\Hyperspectral_kidney_normal_1368.jpg,Normal,0
train,dataset\Hyperspectral_tumor_images\Hyperspectral_kidney_tumor_1598.jpg,Tumor,1
train,dataset\Hyperspectral_tumor_images\Hyperspectral_kidney_tumor_3354.jpg,Tumor,1
train,dataset\Hyperspectral_tumor_images\Hyperspectral_kidney_tumor_2639.jpg,Tumor,1
train,dataset\Hyperspectral_normal_images\Hyperspectral_kidney_normal_2156.jpg,Normal,0
train,dataset\Hyperspectral_normal_images\Hyperspectral_kidney_normal_2308.jpg,Normal,0
train,dataset\Hyperspectral_tumor_images\Hyperspectral_kidney_tumor_4886.jpg,Tumor,1
train,dataset\Hyperspectral_tumor_images\Hyperspectral_kidney_tumor_0998.jpg,Tumor,1
train,dataset\Hyperspectral_tumor_images\Hyperspectral_kidney_tumor_0824.jpg,Tumor,1
train,dataset\Hyperspectral_tumor_images\Hyperspectral_kidney_tumor_1439.jpg,Tumor,1
train,dataset\Hyperspectral_normal_images\Hyperspectral_kidney_normal_3762.jpg,Normal,0
train,dataset\Hyperspectral_tumor_images\Hyperspectral_kidney_tumor_3742.jpg,Tumor,1
train,dataset\Hyperspectral_tumor_images\Hyperspectral_kidney_tumor_1064.jpg,Tumor,1
train,dataset\Hyperspectral_tumor_images\Hyperspectral_kidney_tumor_2108.jpg,Tumor,1
train,dataset\Hyperspectral_tumor_images\Hyperspectral_kidney_tumor_3743.jpg,Tumor,1
train,dataset\Hyperspectral_normal_images\Hyperspectral_kidney_normal_3516.jpg,Normal,0
train,dataset\Hyperspectral_normal_images\Hyperspectral_kidney_normal_2712.jpg,Normal,0
train,dataset\Hyperspectral_tumor_images\Hyperspectral_kidney_tumor_3722.jpg,Tumor,1
train,dataset\Hyperspectral_tumor_images\Hyperspectral_kidney_tumor_1234.jpg,Tumor,1
train,dataset\Hyperspectral_normal_images\Hyperspectral_kidney_normal_4556.jpg,Normal,0
train,dataset\Hyperspectral_normal_images\Hyperspectral_kidney_normal_3796.jpg,Normal,0
train,dataset\Hyperspectral_normal_images\Hyperspectral_kidney_normal_3456.jpg,Normal,0
train,dataset\Hyperspectral_tumor_images\Hyperspectral_kidney_tumor_1510.jpg,Tumor,1
train,dataset\Hyperspectral_normal_images\Hyperspectral_kidney_normal_4115.jpg,Normal,0
train,dataset\Hyperspectral_tumor_images\Hyperspectral_kidney_tumor_4284.jpg,Tumor,1
train,dataset\Hyperspectral_tumor_images\Hyperspectral_kidney_tumor_3668.jpg,Tumor,1
train,dataset\Hyperspectral_tumor_images\Hyperspectral_kidney_tumor_0872.jpg,Tumor,1
train,dataset\Hyperspectral_normal_images\Hyperspectral_kidney_normal_2127.jpg,Normal,0
train,dataset\Hyperspectral_tumor_images\Hyperspectral_kidney_tumor_3068.jpg,Tumor,1
train,dataset\Hyperspectral_tumor_images\Hyperspectral_kidney_tumor_0686.jpg,Tumor,1
train,dataset\Hyperspectral_tumor_images\Hyperspectral_kidney_tumor_1866.jpg,Tumor,1
train,dataset\Hyperspectral_normal_images\Hyperspectral_kidney_normal_2737.jpg,Normal,0
train,dataset\Hyperspectral_normal_images\Hyperspectral_kidney_normal_2706.jpg,Normal,0
train,dataset\Hyperspectral_tumor_images\Hyperspectral_kidney_tumor_0251.jpg,Tumor,1
train,dataset\Hyperspectral_tumor_images\Hyperspectral_kidney_tumor_1703.jpg,Tumor,1
train,dataset\Hyperspectral_tumor_images\Hyperspectral_kidney_tumor_0196.jpg,Tumor,1
train,dataset\Hyperspectral_normal_images\Hyperspectral_kidney_normal_0057.jpg,Normal,0
train,dataset\Hyperspectral_normal_images\Hyperspectral_kidney_normal_0679.jpg,Normal,0
train,dataset\Hyperspectral_normal_images\Hyperspectral_kidney_normal_2353.jpg,Normal,0
train,dataset\Hyperspectral_normal_images\Hyperspectral_kidney_normal_4761.jpg,Normal,0
train,dataset\Hyperspectral_tumor_images\Hyperspectral_kidney_tumor_2791.jpg,Tumor,1
train,dataset\Hyperspectral_tumor_images\Hyperspectral_kidney_tumor_3209.jpg,Tumor,1
train,dataset\Hyperspectral_normal_images\Hyperspectral_kidney_normal_2557.jpg,Normal,0
train,dataset\Hyperspectral_normal_images\Hyperspectral_kidney_normal_0144.jpg,Normal,0
train,dataset\Hyperspectral_normal_images\Hyperspectral_kidney_normal_4813.jpg,Normal,0
train,dataset\Hyperspectral_normal_images\Hyperspectral_kidney_normal_0253.jpg,Normal,0
train,dataset\Hyperspectral_tumor_images\Hyperspectral_kidney_tumor_2745.jpg,Tumor,1
train,dataset\Hyperspectral_tumor_images\Hyperspectral_kidney_tumor_4589.jpg,Tumor,1
train,dataset\Hyperspectral_normal_images\Hyperspectral_kidney_normal_1548.jpg,Normal,0
train,dataset\Hyperspectral_normal_images\Hyperspectral_kidney_normal_0598.jpg,Normal,0
train,dataset\Hyperspectral_normal_images\Hyperspectral_kidney_normal_3747.jpg,Normal,0
train,dataset\Hyperspectral_normal_images\Hyperspectral_kidney_normal_5000.jpg,Normal,0
train,dataset\Hyperspectral_normal_images\Hyperspectral_kidney_normal_4343.jpg,Normal,0
train,dataset\Hyperspectral_normal_images\Hyperspectral_kidney_normal_2061.jpg,Normal,0
train,dataset\Hyperspectral_normal_images\Hyperspectral_kidney_normal_3351.jpg,Normal,0
train,dataset\Hyperspectral_tumor_images\Hyperspectral_kidney_tumor_3464.jpg,Tumor,1
train,dataset\Hyperspectral_normal_images\Hyperspectral_kidney_normal_2949.jpg,Normal,0
train,dataset\Hyperspectral_tumor_images\Hyperspectral_kidney_tumor_3813.jpg,Tumor,1
train,dataset\Hyperspectral_tumor_images\Hyperspectral_kidney_tumor_2215.jpg,Tumor,1
train,dataset\Hyperspectral_tumor_images\Hyperspectral_kidney_tumor_1877.jpg,Tumor,1
train,dataset\Hyperspectral_tumor_images\Hyperspectral_kidney_tumor_1232.jpg,Tumor,1
train,dataset\Hyperspectral_tumor_images\Hyperspectral_kidney_tumor_3652.jpg,Tumor,1
train,dataset\Hyperspectral_tumor_images\Hyperspectral_kidney_tumor_3405.jpg,Tumor,1
train,dataset\Hyperspectral_normal_images\Hyperspectral_kidney_normal_4965.jpg,Normal,0
train,dataset\Hyperspectral_normal_images\Hyperspectral_kidney_normal_4019.jpg,Normal,0
train,dataset\Hyperspectral_tumor_images\Hyperspectral_kidney_tumor_0004.jpg,Tumor,1
train,dataset\Hyperspectral_normal_images\Hyperspectral_kidney_normal_1151.jpg,Normal,0
train,dataset\Hyperspectral_tumor_images\Hyperspectral_kidney_tumor_2765.jpg,Tumor,1
train,dataset\Hyperspectral_normal_images\Hyperspectral_kidney_normal_3084.jpg,Normal,0
train,dataset\Hyperspectral_normal_images\Hyperspectral_kidney_normal_3257.jpg,Normal,0
train,dataset\Hyperspectral_tumor_images\Hyperspectral_kidney_tumor_3103.jpg,Tumor,1
train,dataset\Hyperspectral_normal_images\Hyperspectral_kidney_normal_2625.jpg,Normal,0
train,dataset\Hyperspectral_normal_images\Hyperspectral_kidney_normal_3852.jpg,Normal,0
train,dataset\Hyperspectral_normal_images\Hyperspectral_kidney_normal_3125.jpg,Normal,0
train,dataset\Hyperspectral_normal_images\Hyperspectral_kidney_normal_1343.jpg,Normal,0
train,dataset\Hyperspectral_normal_images\Hyperspectral_kidney_normal_0499.jpg,Normal,0
train,dataset\Hyperspectral_normal_images\Hyperspectral_kidney_normal_4657.jpg,Normal,0
train,dataset\Hyperspectral_tumor_images\Hyperspectral_kidney_tumor_1163.jpg,Tumor,1
train,dataset\Hyperspectral_tumor_images\Hyperspectral_kidney_tumor_2012.jpg,Tumor,1
train,dataset\Hyperspectral_tumor_images\Hyperspectral_kidney_tumor_0400.jpg,Tumor,1
train,dataset\Hyperspectral_tumor_images\Hyperspectral_kidney_tumor_1082.jpg,Tumor,1
train,dataset\Hyperspectral_normal_images\Hyperspectral_kidney_normal_4025.jpg,Normal,0
train,dataset\Hyperspectral_normal_images\Hyperspectral_kidney_normal_4874.jpg,Normal,0
train,dataset\Hyperspectral_tumor_images\Hyperspectral_kidney_tumor_2656.jpg,Tumor,1
train,dataset\Hyperspectral_tumor_images\Hyperspectral_kidney_tumor_2585.jpg,Tumor,1
train,dataset\Hyperspectral_normal_images\Hyperspectral_kidney_normal_0395.jpg,Normal,0
train,dataset\Hyperspectral_tumor_images\Hyperspectral_kidney_tumor_4297.jpg,Tumor,1
train,dataset\Hyperspectral_normal_images\Hyperspectral_kidney_normal_3637.jpg,Normal,0
train,dataset\Hyperspectral_normal_images\Hyperspectral_kidney_normal_4134.jpg,Normal,0
train,dataset\Hyperspectral_tumor_images\Hyperspectral_kidney_tumor_4747.jpg,Tumor,1
train,dataset\Hyperspectral_tumor_images\Hyperspectral_kidney_tumor_4577.jpg,Tumor,1
train,dataset\Hyperspectral_normal_images\Hyperspectral_kidney_normal_4215.jpg,Normal,0
train,dataset\Hyperspectral_tumor_images\Hyperspectral_kidney_tumor_0884.jpg,Tumor,1
train,dataset\Hyperspectral_normal_images\Hyperspectral_kidney_normal_0290.jpg,Normal,0
train,dataset\Hyperspectral_tumor_images\Hyperspectral_kidney_tumor_4047.jpg,Tumor,1
train,dataset\Hyperspectral_tumor_images\Hyperspectral_kidney_tumor_2315.jpg,Tumor,1
train,dataset\Hyperspectral_normal_images\Hyperspectral_kidney_normal_3100.jpg,Normal,0
train,dataset\Hyperspectral_normal_images\Hyperspectral_kidney_normal_3478.jpg,Normal,0
train,dataset\Hyperspectral_normal_images\Hyperspectral_kidney_normal_0132.jpg,Normal,0
train,dataset\Hyperspectral_tumor_images\Hyperspectral_kidney_tumor_3575.jpg,Tumor,1
train,dataset\Hyperspectral_normal_images\Hyperspectral_kidney_normal_2377.jpg,Normal,0
train,dataset\Hyperspectral_normal_images\Hyperspectral_kidney_normal_4087.jpg,Normal,0
train,dataset\Hyperspectral_tumor_images\Hyperspectral_kidney_tumor_2830.jpg,Tumor,1
train,dataset\Hyperspectral_tumor_images\Hyperspectral_kidney_tumor_2072.jpg,Tumor,1
train,dataset\Hyperspectral_tumor_images\Hyperspectral_kidney_tumor_3401.jpg,Tumor,1
train,dataset\Hyperspectral_tumor_images\Hyperspectral_kidney_tumor_4450.jpg,Tumor,1
train,dataset\Hyperspectral_tumor_images\Hyperspectral_kidney_tumor_2394.jpg,Tumor,1
train,dataset\Hyperspectral_normal_images\Hyperspectral_kidney_normal_4854.jpg,Normal,0
train,dataset\Hyperspectral_tumor_images\Hyperspectral_kidney_tumor_1611.jpg,Tumor,1
train,dataset\Hyperspectral_normal_images\Hyperspectral_kidney_normal_1002.jpg,Normal,0
train,dataset\Hyperspectral_normal_images\Hyperspectral_kidney_normal_1245.jpg,Normal,0
train,dataset\Hyperspectral_tumor_images\Hyperspectral_kidney_tumor_0576.jpg,Tumor,1
train,dataset\Hyperspectral_normal_images\Hyperspectral_kidney_normal_3288.jpg,Normal,0
train,dataset\Hyperspectral_tumor_images\Hyperspectral_kidney_tumor_2582.jpg,Tumor,1
train,dataset\Hyperspectral_normal_images\Hyperspectral_kidney_normal_4096.jpg,Normal,0
train,dataset\Hyperspectral_normal_images\Hyperspectral_kidney_normal_3141.jpg,Normal,0
train,dataset\Hyperspectral_normal_images\Hyperspectral_kidney_normal_4196.jpg,Normal,0
train,dataset\Hyperspectral_tumor_images\Hyperspectral_kidney_tumor_2159.jpg,Tumor,1
train,dataset\Hyperspectral_normal_images\Hyperspectral_kidney_normal_0332.jpg,Normal,0
train,dataset\Hyperspectral_tumor_images\Hyperspectral_kidney_tumor_1526.jpg,Tumor,1
train,dataset\Hyperspectral_tumor_images\Hyperspectral_kidney_tumor_2120.jpg,Tumor,1
train,dataset\Hyperspectral_tumor_images\Hyperspectral_kidney_tumor_3130.jpg,Tumor,1
train,dataset\Hyperspectral_normal_images\Hyperspectral_kidney_normal_1662.jpg,Normal,0
train,dataset\Hyperspectral_normal_images\Hyperspectral_kidney_normal_3419.jpg,Normal,0
train,dataset\Hyperspectral_normal_images\Hyperspectral_kidney_normal_1372.jpg,Normal,0
train,dataset\Hyperspectral_tumor_images\Hyperspectral_kidney_tumor_3966.jpg,Tumor,1
train,dataset\Hyperspectral_tumor_images\Hyperspectral_kidney_tumor_4318.jpg,Tumor,1
train,dataset\Hyperspectral_tumor_images\Hyperspectral_kidney_tumor_4838.jpg,Tumor,1
train,dataset\Hyperspectral_normal_images\Hyperspectral_kidney_normal_3048.jpg,Normal,0
train,dataset\Hyperspectral_normal_images\Hyperspectral_kidney_normal_1899.jpg,Normal,0
train,dataset\Hyperspectral_tumor_images\Hyperspectral_kidney_tumor_4347.jpg,Tumor,1
train,dataset\Hyperspectral_normal_images\Hyperspectral_kidney_normal_2587.jpg,Normal,0
train,dataset\Hyperspectral_normal_images\Hyperspectral_kidney_normal_4154.jpg,Normal,0
train,dataset\Hyperspectral_normal_images\Hyperspectral_kidney_normal_2646.jpg,Normal,0
train,dataset\Hyperspectral_normal_images\Hyperspectral_kidney_normal_3420.jpg,Normal,0
train,dataset\Hyperspectral_tumor_images\Hyperspectral_kidney_tumor_4437.jpg,Tumor,1
train,dataset\Hyperspectral_tumor_images\Hyperspectral_kidney_tumor_3550.jpg,Tumor,1
train,dataset\Hyperspectral_normal_images\Hyperspectral_kidney_normal_3225.jpg,Normal,0
train,dataset\Hyperspectral_tumor_images\Hyperspectral_kidney_tumor_1858.jpg,Tumor,1
train,dataset\Hyperspectral_tumor_images\Hyperspectral_kidney_tumor_2898.jpg,Tumor,1
train,dataset\Hyperspectral_normal_images\Hyperspectral_kidney_normal_3954.jpg,Normal,0
train,dataset\Hyperspectral_normal_images\Hyperspectral_kidney_normal_2295.jpg,Normal,0
train,dataset\Hyperspectral_tumor_images\Hyperspectral_kidney_tumor_1640.jpg,Tumor,1
train,dataset\Hyperspectral_tumor_images\Hyperspectral_kidney_tumor_2009.jpg,Tumor,1
train,dataset\Hyperspectral_normal_images\Hyperspectral_kidney_normal_2223.jpg,Normal,0
train,dataset\Hyperspectral_normal_images\Hyperspectral_kidney_normal_4963.jpg,Normal,0
train,dataset\Hyperspectral_tumor_images\Hyperspectral_kidney_tumor_1827.jpg,Tumor,1
train,dataset\Hyperspectral_tumor_images\Hyperspectral_kidney_tumor_1113.jpg,Tumor,1
train,dataset\Hyperspectral_tumor_images\Hyperspectral_kidney_tumor_0151.jpg,Tumor,1
train,dataset\Hyperspectral_tumor_images\Hyperspectral_kidney_tumor_0869.jpg,Tumor,1
train,dataset\Hyperspectral_normal_images\Hyperspectral_kidney_normal_4194.jpg,Normal,0
train,dataset\Hyperspectral_normal_images\Hyperspectral_kidney_normal_1836.jpg,Normal,0
train,dataset\Hyperspectral_normal_images\Hyperspectral_kidney_normal_1038.jpg,Normal,0
train,dataset\Hyperspectral_tumor_images\Hyperspectral_kidney_tumor_0915.jpg,Tumor,1
train,dataset\Hyperspectral_normal_images\Hyperspectral_kidney_normal_3183.jpg,Normal,0
train,dataset\Hyperspectral_tumor_images\Hyperspectral_kidney_tumor_4032.jpg,Tumor,1
train,dataset\Hyperspectral_tumor_images\Hyperspectral_kidney_tumor_2344.jpg,Tumor,1
train,dataset\Hyperspectral_tumor_images\Hyperspectral_kidney_tumor_2727.jpg,Tumor,1
train,dataset\Hyperspectral_tumor_images\Hyperspectral_kidney_tumor_2538.jpg,Tumor,1
train,dataset\Hyperspectral_normal_images\Hyperspectral_kidney_normal_3608.jpg,Normal,0
train,dataset\Hyperspectral_normal_images\Hyperspectral_kidney_normal_4775.jpg,Normal,0
train,dataset\Hyperspectral_tumor_images\Hyperspectral_kidney_tumor_1617.jpg,Tumor,1
train,dataset\Hyperspectral_normal_images\Hyperspectral_kidney_normal_1383.jpg,Normal,0
train,dataset\Hyperspectral_tumor_images\Hyperspectral_kidney_tumor_1890.jpg,Tumor,1
train,dataset\Hyperspectral_tumor_images\Hyperspectral_kidney_tumor_1608.jpg,Tumor,1
train,dataset\Hyperspectral_normal_images\Hyperspectral_kidney_normal_0174.jpg,Normal,0
train,dataset\Hyperspectral_normal_images\Hyperspectral_kidney_normal_0656.jpg,Normal,0
train,dataset\Hyperspectral_tumor_images\Hyperspectral_kidney_tumor_3539.jpg,Tumor,1
train,dataset\Hyperspectral_normal_images\Hyperspectral_kidney_normal_2951.jpg,Normal,0
train,dataset\Hyperspectral_normal_images\Hyperspectral_kidney_normal_3383.jpg,Normal,0
train,dataset\Hyperspectral_normal_images\Hyperspectral_kidney_normal_3176.jpg,Normal,0
train,dataset\Hyperspectral_tumor_images\Hyperspectral_kidney_tumor_2412.jpg,Tumor,1
train,dataset\Hyperspectral_normal_images\Hyperspectral_kidney_normal_2276.jpg,Normal,0
train,dataset\Hyperspectral_normal_images\Hyperspectral_kidney_normal_4881.jpg,Normal,0
train,dataset\Hyperspectral_normal_images\Hyperspectral_kidney_normal_0613.jpg,Normal,0
train,dataset\Hyperspectral_normal_images\Hyperspectral_kidney_normal_0761.jpg,Normal,0
train,dataset\Hyperspectral_normal_images\Hyperspectral_kidney_normal_1418.jpg,Normal,0
train,dataset\Hyperspectral_normal_images\Hyperspectral_kidney_normal_0198.jpg,Normal,0
train,dataset\Hyperspectral_normal_images\Hyperspectral_kidney_normal_2263.jpg,Normal,0
train,dataset\Hyperspectral_normal_images\Hyperspectral_kidney_normal_3836.jpg,Normal,0
train,dataset\Hyperspectral_normal_images\Hyperspectral_kidney_normal_0313.jpg,Normal,0
train,dataset\Hyperspectral_normal_images\Hyperspectral_kidney_normal_1933.jpg,Normal,0
train,dataset\Hyperspectral_normal_images\Hyperspectral_kidney_normal_1018.jpg,Normal,0
train,dataset\Hyperspectral_tumor_images\Hyperspectral_kidney_tumor_3424.jpg,Tumor,1
train,dataset\Hyperspectral_normal_images\Hyperspectral_kidney_normal_1051.jpg,Normal,0
train,dataset\Hyperspectral_normal_images\Hyperspectral_kidney_normal_3004.jpg,Normal,0
train,dataset\Hyperspectral_tumor_images\Hyperspectral_kidney_tumor_4953.jpg,Tumor,1
train,dataset\Hyperspectral_normal_images\Hyperspectral_kidney_normal_2505.jpg,Normal,0
train,dataset\Hyperspectral_normal_images\Hyperspectral_kidney_normal_3116.jpg,Normal,0
train,dataset\Hyperspectral_tumor_images\Hyperspectral_kidney_tumor_0340.jpg,Tumor,1
train,dataset\Hyperspectral_tumor_images\Hyperspectral_kidney_tumor_3560.jpg,Tumor,1
train,dataset\Hyperspectral_normal_images\Hyperspectral_kidney_normal_2385.jpg,Normal,0
train,dataset\Hyperspectral_tumor_images\Hyperspectral_kidney_tumor_1778.jpg,Tumor,1
train,dataset\Hyperspectral_tumor_images\Hyperspectral_kidney_tumor_4126.jpg,Tumor,1
train,dataset\Hyperspectral_normal_images\Hyperspectral_kidney_normal_3647.jpg,Normal,0
train,dataset\Hyperspectral_tumor_images\Hyperspectral_kidney_tumor_1857.jpg,Tumor,1
train,dataset\Hyperspectral_tumor_images\Hyperspectral_kidney_tumor_0469.jpg,Tumor,1
train,dataset\Hyperspectral_normal_images\Hyperspectral_kidney_normal_1715.jpg,Normal,0
train,dataset\Hyperspectral_normal_images\Hyperspectral_kidney_normal_3820.jpg,Normal,0
train,dataset\Hyperspectral_tumor_images\Hyperspectral_kidney_tumor_4363.jpg,Tumor,1
train,dataset\Hyperspectral_tumor_images\Hyperspectral_kidney_tumor_2160.jpg,Tumor,1
train,dataset\Hyperspectral_normal_images\Hyperspectral_kidney_normal_0544.jpg,Normal,0
train,dataset\Hyperspectral_tumor_images\Hyperspectral_kidney_tumor_3712.jpg,Tumor,1
train,dataset\Hyperspectral_tumor_images\Hyperspectral_kidney_tumor_1124.jpg,Tumor,1
train,dataset\Hyperspectral_normal_images\Hyperspectral_kidney_normal_1008.jpg,Normal,0
train,dataset\Hyperspectral_normal_images\Hyperspectral_kidney_normal_4559.jpg,Normal,0
train,dataset\Hyperspectral_tumor_images\Hyperspectral_kidney_tumor_3507.jpg,Tumor,1
train,dataset\Hyperspectral_normal_images\Hyperspectral_kidney_normal_4910.jpg,Normal,0
train,dataset\Hyperspectral_tumor_images\Hyperspectral_kidney_tumor_0397.jpg,Tumor,1
train,dataset\Hyperspectral_normal_images\Hyperspectral_kidney_normal_0912.jpg,Normal,0
train,dataset\Hyperspectral_normal_images\Hyperspectral_kidney_normal_1967.jpg,Normal,0
train,dataset\Hyperspectral_tumor_images\Hyperspectral_kidney_tumor_4227.jpg,Tumor,1
train,dataset\Hyperspectral_normal_images\Hyperspectral_kidney_normal_0999.jpg,Normal,0
train,dataset\Hyperspectral_normal_images\Hyperspectral_kidney_normal_1328.jpg,Normal,0
train,dataset\Hyperspectral_normal_images\Hyperspectral_kidney_normal_2622.jpg,Normal,0
train,dataset\Hyperspectral_tumor_images\Hyperspectral_kidney_tumor_3364.jpg,Tumor,1
train,dataset\Hyperspectral_tumor_images\Hyperspectral_kidney_tumor_3002.jpg,Tumor,1
train,dataset\Hyperspectral_tumor_images\Hyperspectral_kidney_tumor_0730.jpg,Tumor,1
train,dataset\Hyperspectral_tumor_images\Hyperspectral_kidney_tumor_3140.jpg,Tumor,1
train,dataset\Hyperspectral_normal_images\Hyperspectral_kidney_normal_1060.jpg,Normal,0
train,dataset\Hyperspectral_normal_images\Hyperspectral_kidney_normal_4443.jpg,Normal,0
train,dataset\Hyperspectral_normal_images\Hyperspectral_kidney_normal_4226.jpg,Normal,0
train,dataset\Hyperspectral_tumor_images\Hyperspectral_kidney_tumor_3982.jpg,Tumor,1
train,dataset\Hyperspectral_normal_images\Hyperspectral_kidney_normal_2433.jpg,Normal,0
train,dataset\Hyperspectral_normal_images\Hyperspectral_kidney_normal_0631.jpg,Normal,0
train,dataset\Hyperspectral_tumor_images\Hyperspectral_kidney_tumor_1642.jpg,Tumor,1
train,dataset\Hyperspectral_tumor_images\Hyperspectral_kidney_tumor_3420.jpg,Tumor,1
train,dataset\Hyperspectral_normal_images\Hyperspectral_kidney_normal_1581.jpg,Normal,0
train,dataset\Hyperspectral_tumor_images\Hyperspectral_kidney_tumor_1242.jpg,Tumor,1
train,dataset\Hyperspectral_tumor_images\Hyperspectral_kidney_tumor_2445.jpg,Tumor,1
train,dataset\Hyperspectral_normal_images\Hyperspectral_kidney_normal_2774.jpg,Normal,0
train,dataset\Hyperspectral_normal_images\Hyperspectral_kidney_normal_4051.jpg,Normal,0
train,dataset\Hyperspectral_normal_images\Hyperspectral_kidney_normal_4937.jpg,Normal,0
train,dataset\Hyperspectral_normal_images\Hyperspectral_kidney_normal_1502.jpg,Normal,0
train,dataset\Hyperspectral_normal_images\Hyperspectral_kidney_normal_1589.jpg,Normal,0
train,dataset\Hyperspectral_normal_images\Hyperspectral_kidney_normal_1425.jpg,Normal,0
train,dataset\Hyperspectral_normal_images\Hyperspectral_kidney_normal_1462.jpg,Normal,0
train,dataset\Hyperspectral_tumor_images\Hyperspectral_kidney_tumor_1655.jpg,Tumor,1
train,dataset\Hyperspectral_normal_images\Hyperspectral_kidney_normal_4173.jpg,Normal,0
train,dataset\Hyperspectral_tumor_images\Hyperspectral_kidney_tumor_0610.jpg,Tumor,1
train,dataset\Hyperspectral_tumor_images\Hyperspectral_kidney_tumor_1765.jpg,Tumor,1
train,dataset\Hyperspectral_normal_images\Hyperspectral_kidney_normal_0045.jpg,Normal,0
train,dataset\Hyperspectral_normal_images\Hyperspectral_kidney_normal_2937.jpg,Normal,0
train,dataset\Hyperspectral_normal_images\Hyperspectral_kidney_normal_4835.jpg,Normal,0
train,dataset\Hyperspectral_tumor_images\Hyperspectral_kidney_tumor_3939.jpg,Tumor,1
train,dataset\Hyperspectral_tumor_images\Hyperspectral_kidney_tumor_3613.jpg,Tumor,1
train,dataset\Hyperspectral_normal_images\Hyperspectral_kidney_normal_0973.jpg,Normal,0
train,dataset\Hyperspectral_tumor_images\Hyperspectral_kidney_tumor_1263.jpg,Tumor,1
train,dataset\Hyperspectral_tumor_images\Hyperspectral_kidney_tumor_1552.jpg,Tumor,1
train,dataset\Hyperspectral_normal_images\Hyperspectral_kidney_normal_2816.jpg,Normal,0
train,dataset\Hyperspectral_normal_images\Hyperspectral_kidney_normal_4890.jpg,Normal,0
train,dataset\Hyperspectral_tumor_images\Hyperspectral_kidney_tumor_4345.jpg,Tumor,1
train,dataset\Hyperspectral_normal_images\Hyperspectral_kidney_normal_1241.jpg,Normal,0
train,dataset\Hyperspectral_normal_images\Hyperspectral_kidney_normal_0866.jpg,Normal,0
train,dataset\Hyperspectral_normal_images\Hyperspectral_kidney_normal_3094.jpg,Normal,0
train,dataset\Hyperspectral_tumor_images\Hyperspectral_kidney_tumor_4072.jpg,Tumor,1
train,dataset\Hyperspectral_tumor_images\Hyperspectral_kidney_tumor_1046.jpg,Tumor,1
train,dataset\Hyperspectral_tumor_images\Hyperspectral_kidney_tumor_3671.jpg,Tumor,1
train,dataset\Hyperspectral_tumor_images\Hyperspectral_kidney_tumor_3846.jpg,Tumor,1
train,dataset\Hyperspectral_normal_images\Hyperspectral_kidney_normal_4778.jpg,Normal,0
train,dataset\Hyperspectral_normal_images\Hyperspectral_kidney_normal_0328.jpg,Normal,0
train,dataset\Hyperspectral_normal_images\Hyperspectral_kidney_normal_3915.jpg,Normal,0
train,dataset\Hyperspectral_normal_images\Hyperspectral_kidney_normal_2204.jpg,Normal,0
train,dataset\Hyperspectral_tumor_images\Hyperspectral_kidney_tumor_1029.jpg,Tumor,1
train,dataset\Hyperspectral_normal_images\Hyperspectral_kidney_normal_1291.jpg,Normal,0
train,dataset\Hyperspectral_tumor_images\Hyperspectral_kidney_tumor_2066.jpg,Tumor,1
train,dataset\Hyperspectral_normal_images\Hyperspectral_kidney_normal_2650.jpg,Normal,0
train,dataset\Hyperspectral_normal_images\Hyperspectral_kidney_normal_4636.jpg,Normal,0
train,dataset\Hyperspectral_tumor_images\Hyperspectral_kidney_tumor_4008.jpg,Tumor,1
train,dataset\Hyperspectral_normal_images\Hyperspectral_kidney_normal_3561.jpg,Normal,0
train,dataset\Hyperspectral_tumor_images\Hyperspectral_kidney_tumor_2389.jpg,Tumor,1
train,dataset\Hyperspectral_tumor_images\Hyperspectral_kidney_tumor_4807.jpg,Tumor,1
train,dataset\Hyperspectral_normal_images\Hyperspectral_kidney_normal_2234.jpg,Normal,0
train,dataset\Hyperspectral_normal_images\Hyperspectral_kidney_normal_1775.jpg,Normal,0
train,dataset\Hyperspectral_normal_images\Hyperspectral_kidney_normal_4715.jpg,Normal,0
train,dataset\Hyperspectral_normal_images\Hyperspectral_kidney_normal_4198.jpg,Normal,0
train,dataset\Hyperspectral_normal_images\Hyperspectral_kidney_normal_1633.jpg,Normal,0
train,dataset\Hyperspectral_tumor_images\Hyperspectral_kidney_tumor_4939.jpg,Tumor,1
train,dataset\Hyperspectral_normal_images\Hyperspectral_kidney_normal_0552.jpg,Normal,0
train,dataset\Hyperspectral_normal_images\Hyperspectral_kidney_normal_2396.jpg,Normal,0
train,dataset\Hyperspectral_normal_images\Hyperspectral_kidney_normal_1472.jpg,Normal,0
train,dataset\Hyperspectral_tumor_images\Hyperspectral_kidney_tumor_1083.jpg,Tumor,1
train,dataset\Hyperspectral_tumor_images\Hyperspectral_kidney_tumor_2983.jpg,Tumor,1
train,dataset\Hyperspectral_tumor_images\Hyperspectral_kidney_tumor_0715.jpg,Tumor,1
train,dataset\Hyperspectral_normal_images\Hyperspectral_kidney_normal_3830.jpg,Normal,0
train,dataset\Hyperspectral_normal_images\Hyperspectral_kidney_normal_2001.jpg,Normal,0
train,dataset\Hyperspectral_normal_images\Hyperspectral_kidney_normal_3361.jpg,Normal,0
train,dataset\Hyperspectral_normal_images\Hyperspectral_kidney_normal_0369.jpg,Normal,0
train,dataset\Hyperspectral_normal_images\Hyperspectral_kidney_normal_2655.jpg,Normal,0
train,dataset\Hyperspectral_tumor_images\Hyperspectral_kidney_tumor_2105.jpg,Tumor,1
train,dataset\Hyperspectral_tumor_images\Hyperspectral_kidney_tumor_2152.jpg,Tumor,1
train,dataset\Hyperspectral_normal_images\Hyperspectral_kidney_normal_3583.jpg,Normal,0
train,dataset\Hyperspectral_normal_images\Hyperspectral_kidney_normal_0693.jpg,Normal,0
train,dataset\Hyperspectral_normal_images\Hyperspectral_kidney_normal_2950.jpg,Normal,0
train,dataset\Hyperspectral_normal_images\Hyperspectral_kidney_normal_0272.jpg,Normal,0
train,dataset\Hyperspectral_normal_images\Hyperspectral_kidney_normal_2819.jpg,Normal,0
train,dataset\Hyperspectral_tumor_images\Hyperspectral_kidney_tumor_3879.jpg,Tumor,1
train,dataset\Hyperspectral_tumor_images\Hyperspectral_kidney_tumor_2515.jpg,Tumor,1
train,dataset\Hyperspectral_normal_images\Hyperspectral_kidney_normal_1457.jpg,Normal,0
train,dataset\Hyperspectral_tumor_images\Hyperspectral_kidney_tumor_3207.jpg,Tumor,1
train,dataset\Hyperspectral_normal_images\Hyperspectral_kidney_normal_2393.jpg,Normal,0
train,dataset\Hyperspectral_normal_images\Hyperspectral_kidney_normal_0770.jpg,Normal,0
train,dataset\Hyperspectral_tumor_images\Hyperspectral_kidney_tumor_3823.jpg,Tumor,1
train,dataset\Hyperspectral_tumor_images\Hyperspectral_kidney_tumor_0570.jpg,Tumor,1
train,dataset\Hyperspectral_normal_images\Hyperspectral_kidney_normal_1271.jpg,Normal,0
train,dataset\Hyperspectral_tumor_images\Hyperspectral_kidney_tumor_1832.jpg,Tumor,1
train,dataset\Hyperspectral_tumor_images\Hyperspectral_kidney_tumor_0710.jpg,Tumor,1
train,dataset\Hyperspectral_normal_images\Hyperspectral_kidney_normal_1450.jpg,Normal,0
train,dataset\Hyperspectral_normal_images\Hyperspectral_kidney_normal_1013.jpg,Normal,0
train,dataset\Hyperspectral_tumor_images\Hyperspectral_kidney_tumor_0384.jpg,Tumor,1
train,dataset\Hyperspectral_normal_images\Hyperspectral_kidney_normal_1992.jpg,Normal,0
train,dataset\Hyperspectral_tumor_images\Hyperspectral_kidney_tumor_0240.jpg,Tumor,1
train,dataset\Hyperspectral_tumor_images\Hyperspectral_kidney_tumor_4906.jpg,Tumor,1
train,dataset\Hyperspectral_normal_images\Hyperspectral_kidney_normal_2503.jpg,Normal,0
train,dataset\Hyperspectral_tumor_images\Hyperspectral_kidney_tumor_4111.jpg,Tumor,1
train,dataset\Hyperspectral_normal_images\Hyperspectral_kidney_normal_1229.jpg,Normal,0
train,dataset\Hyperspectral_tumor_images\Hyperspectral_kidney_tumor_0923.jpg,Tumor,1
train,dataset\Hyperspectral_tumor_images\Hyperspectral_kidney_tumor_3918.jpg,Tumor,1
train,dataset\Hyperspectral_normal_images\Hyperspectral_kidney_normal_4171.jpg,Normal,0
train,dataset\Hyperspectral_normal_images\Hyperspectral_kidney_normal_2835.jpg,Normal,0
train,dataset\Hyperspectral_tumor_images\Hyperspectral_kidney_tumor_2875.jpg,Tumor,1
train,dataset\Hyperspectral_tumor_images\Hyperspectral_kidney_tumor_3463.jpg,Tumor,1
train,dataset\Hyperspectral_normal_images\Hyperspectral_kidney_normal_4312.jpg,Normal,0
train,dataset\Hyperspectral_tumor_images\Hyperspectral_kidney_tumor_3727.jpg,Tumor,1
train,dataset\Hyperspectral_normal_images\Hyperspectral_kidney_normal_2270.jpg,Normal,0
train,dataset\Hyperspectral_tumor_images\Hyperspectral_kidney_tumor_3285.jpg,Tumor,1
train,dataset\Hyperspectral_normal_images\Hyperspectral_kidney_normal_0254.jpg,Normal,0
train,dataset\Hyperspectral_tumor_images\Hyperspectral_kidney_tumor_0368.jpg,Tumor,1
train,dataset\Hyperspectral_normal_images\Hyperspectral_kidney_normal_3934.jpg,Normal,0
train,dataset\Hyperspectral_normal_images\Hyperspectral_kidney_normal_3482.jpg,Normal,0
train,dataset\Hyperspectral_normal_images\Hyperspectral_kidney_normal_1399.jpg,Normal,0
train,dataset\Hyperspectral_tumor_images\Hyperspectral_kidney_tumor_1625.jpg,Tumor,1
train,dataset\Hyperspectral_tumor_images\Hyperspectral_kidney_tumor_4383.jpg,Tumor,1
train,dataset\Hyperspectral_normal_images\Hyperspectral_kidney_normal_2296.jpg,Normal,0
train,dataset\Hyperspectral_normal_images\Hyperspectral_kidney_normal_2121.jpg,Normal,0
train,dataset\Hyperspectral_normal_images\Hyperspectral_kidney_normal_0400.jpg,Normal,0
train,dataset\Hyperspectral_normal_images\Hyperspectral_kidney_normal_2820.jpg,Normal,0
train,dataset\Hyperspectral_normal_images\Hyperspectral_kidney_normal_4951.jpg,Normal,0
train,dataset\Hyperspectral_tumor_images\Hyperspectral_kidney_tumor_1391.jpg,Tumor,1
train,dataset\Hyperspectral_normal_images\Hyperspectral_kidney_normal_3045.jpg,Normal,0
train,dataset\Hyperspectral_normal_images\Hyperspectral_kidney_normal_4804.jpg,Normal,0
train,dataset\Hyperspectral_tumor_images\Hyperspectral_kidney_tumor_1697.jpg,Tumor,1
train,dataset\Hyperspectral_normal_images\Hyperspectral_kidney_normal_0687.jpg,Normal,0
train,dataset\Hyperspectral_tumor_images\Hyperspectral_kidney_tumor_4779.jpg,Tumor,1
train,dataset\Hyperspectral_normal_images\Hyperspectral_kidney_normal_4448.jpg,Normal,0
train,dataset\Hyperspectral_normal_images\Hyperspectral_kidney_normal_4991.jpg,Normal,0
train,dataset\Hyperspectral_tumor_images\Hyperspectral_kidney_tumor_0673.jpg,Tumor,1
train,dataset\Hyperspectral_tumor_images\Hyperspectral_kidney_tumor_3094.jpg,Tumor,1
train,dataset\Hyperspectral_tumor_images\Hyperspectral_kidney_tumor_2081.jpg,Tumor,1
train,dataset\Hyperspectral_tumor_images\Hyperspectral_kidney_tumor_1428.jpg,Tumor,1
train,dataset\Hyperspectral_normal_images\Hyperspectral_kidney_normal_1942.jpg,Normal,0
train,dataset\Hyperspectral_normal_images\Hyperspectral_kidney_normal_0143.jpg,Normal,0
train,dataset\Hyperspectral_tumor_images\Hyperspectral_kidney_tumor_0990.jpg,Tumor,1
train,dataset\Hyperspectral_tumor_images\Hyperspectral_kidney_tumor_3317.jpg,Tumor,1
train,dataset\Hyperspectral_tumor_images\Hyperspectral_kidney_tumor_4092.jpg,Tumor,1
train,dataset\Hyperspectral_normal_images\Hyperspectral_kidney_normal_4739.jpg,Normal,0
train,dataset\Hyperspectral_tumor_images\Hyperspectral_kidney_tumor_3166.jpg,Tumor,1
train,dataset\Hyperspectral_tumor_images\Hyperspectral_kidney_tumor_4316.jpg,Tumor,1
train,dataset\Hyperspectral_tumor_images\Hyperspectral_kidney_tumor_3343.jpg,Tumor,1
train,dataset\Hyperspectral_tumor_images\Hyperspectral_kidney_tumor_0483.jpg,Tumor,1
train,dataset\Hyperspectral_tumor_images\Hyperspectral_kidney_tumor_2770.jpg,Tumor,1
train,dataset\Hyperspectral_normal_images\Hyperspectral_kidney_normal_3118.jpg,Normal,0
train,dataset\Hyperspectral_tumor_images\Hyperspectral_kidney_tumor_0232.jpg,Tumor,1
train,dataset\Hyperspectral_normal_images\Hyperspectral_kidney_normal_1928.jpg,Normal,0
train,dataset\Hyperspectral_normal_images\Hyperspectral_kidney_normal_2659.jpg,Normal,0
train,dataset\Hyperspectral_tumor_images\Hyperspectral_kidney_tumor_2733.jpg,Tumor,1
train,dataset\Hyperspectral_normal_images\Hyperspectral_kidney_normal_3805.jpg,Normal,0
train,dataset\Hyperspectral_normal_images\Hyperspectral_kidney_normal_2677.jpg,Normal,0
train,dataset\Hyperspectral_normal_images\Hyperspectral_kidney_normal_0154.jpg,Normal,0
train,dataset\Hyperspectral_tumor_images\Hyperspectral_kidney_tumor_1929.jpg,Tumor,1
train,dataset\Hyperspectral_tumor_images\Hyperspectral_kidney_tumor_3022.jpg,Tumor,1
train,dataset\Hyperspectral_tumor_images\Hyperspectral_kidney_tumor_0766.jpg,Tumor,1
train,dataset\Hyperspectral_tumor_images\Hyperspectral_kidney_tumor_2006.jpg,Tumor,1
train,dataset\Hyperspectral_normal_images\Hyperspectral_kidney_normal_3129.jpg,Normal,0
train,dataset\Hyperspectral_tumor_images\Hyperspectral_kidney_tumor_4334.jpg,Tumor,1
train,dataset\Hyperspectral_tumor_images\Hyperspectral_kidney_tumor_0533.jpg,Tumor,1
train,dataset\Hyperspectral_tumor_images\Hyperspectral_kidney_tumor_3637.jpg,Tumor,1
train,dataset\Hyperspectral_tumor_images\Hyperspectral_kidney_tumor_1731.jpg,Tumor,1
train,dataset\Hyperspectral_normal_images\Hyperspectral_kidney_normal_3892.jpg,Normal,0
train,dataset\Hyperspectral_tumor_images\Hyperspectral_kidney_tumor_3677.jpg,Tumor,1
train,dataset\Hyperspectral_normal_images\Hyperspectral_kidney_normal_1701.jpg,Normal,0
train,dataset\Hyperspectral_normal_images\Hyperspectral_kidney_normal_4742.jpg,Normal,0
train,dataset\Hyperspectral_tumor_images\Hyperspectral_kidney_tumor_0938.jpg,Tumor,1
train,dataset\Hyperspectral_normal_images\Hyperspectral_kidney_normal_2781.jpg,Normal,0
train,dataset\Hyperspectral_normal_images\Hyperspectral_kidney_normal_3429.jpg,Normal,0
train,dataset\Hyperspectral_tumor_images\Hyperspectral_kidney_tumor_1183.jpg,Tumor,1
train,dataset\Hyperspectral_normal_images\Hyperspectral_kidney_normal_4884.jpg,Normal,0
train,dataset\Hyperspectral_tumor_images\Hyperspectral_kidney_tumor_4576.jpg,Tumor,1
train,dataset\Hyperspectral_normal_images\Hyperspectral_kidney_normal_3951.jpg,Normal,0
train,dataset\Hyperspectral_normal_images\Hyperspectral_kidney_normal_0804.jpg,Normal,0
train,dataset\Hyperspectral_normal_images\Hyperspectral_kidney_normal_2162.jpg,Normal,0
train,dataset\Hyperspectral_tumor_images\Hyperspectral_kidney_tumor_4483.jpg,Tumor,1
train,dataset\Hyperspectral_tumor_images\Hyperspectral_kidney_tumor_4248.jpg,Tumor,1
train,dataset\Hyperspectral_tumor_images\Hyperspectral_kidney_tumor_4693.jpg,Tumor,1
train,dataset\Hyperspectral_tumor_images\Hyperspectral_kidney_tumor_4000.jpg,Tumor,1
train,dataset\Hyperspectral_normal_images\Hyperspectral_kidney_normal_1531.jpg,Normal,0
train,dataset\Hyperspectral_normal_images\Hyperspectral_kidney_normal_2190.jpg,Normal,0
train,dataset\Hyperspectral_normal_images\Hyperspectral_kidney_normal_3235.jpg,Normal,0
train,dataset\Hyperspectral_tumor_images\Hyperspectral_kidney_tumor_2720.jpg,Tumor,1
train,dataset\Hyperspectral_normal_images\Hyperspectral_kidney_normal_4294.jpg,Normal,0
train,dataset\Hyperspectral_normal_images\Hyperspectral_kidney_normal_4505.jpg,Normal,0
train,dataset\Hyperspectral_tumor_images\Hyperspectral_kidney_tumor_4672.jpg,Tumor,1
train,dataset\Hyperspectral_tumor_images\Hyperspectral_kidney_tumor_0850.jpg,Tumor,1
train,dataset\Hyperspectral_tumor_images\Hyperspectral_kidney_tumor_3545.jpg,Tumor,1
train,dataset\Hyperspectral_normal_images\Hyperspectral_kidney_normal_4605.jpg,Normal,0
train,dataset\Hyperspectral_tumor_images\Hyperspectral_kidney_tumor_2015.jpg,Tumor,1
train,dataset\Hyperspectral_tumor_images\Hyperspectral_kidney_tumor_4343.jpg,Tumor,1
train,dataset\Hyperspectral_tumor_images\Hyperspectral_kidney_tumor_0562.jpg,Tumor,1
train,dataset\Hyperspectral_normal_images\Hyperspectral_kidney_normal_0197.jpg,Normal,0
train,dataset\Hyperspectral_normal_images\Hyperspectral_kidney_normal_2077.jpg,Normal,0
train,dataset\Hyperspectral_tumor_images\Hyperspectral_kidney_tumor_0504.jpg,Tumor,1
train,dataset\Hyperspectral_tumor_images\Hyperspectral_kidney_tumor_1651.jpg,Tumor,1
train,dataset\Hyperspectral_tumor_images\Hyperspectral_kidney_tumor_4655.jpg,Tumor,1
train,dataset\Hyperspectral_normal_images\Hyperspectral_kidney_normal_3978.jpg,Normal,0
train,dataset\Hyperspectral_normal_images\Hyperspectral_kidney_normal_4537.jpg,Normal,0
train,dataset\Hyperspectral_normal_images\Hyperspectral_kidney_normal_3527.jpg,Normal,0
train,dataset\Hyperspectral_tumor_images\Hyperspectral_kidney_tumor_3217.jpg,Tumor,1
train,dataset\Hyperspectral_tumor_images\Hyperspectral_kidney_tumor_2399.jpg,Tumor,1
train,dataset\Hyperspectral_normal_images\Hyperspectral_kidney_normal_2249.jpg,Normal,0
train,dataset\Hyperspectral_normal_images\Hyperspectral_kidney_normal_1230.jpg,Normal,0
train,dataset\Hyperspectral_normal_images\Hyperspectral_kidney_normal_1687.jpg,Normal,0
train,dataset\Hyperspectral_normal_images\Hyperspectral_kidney_normal_3011.jpg,Normal,0
train,dataset\Hyperspectral_tumor_images\Hyperspectral_kidney_tumor_3020.jpg,Tumor,1
train,dataset\Hyperspectral_tumor_images\Hyperspectral_kidney_tumor_3228.jpg,Tumor,1
train,dataset\Hyperspectral_normal_images\Hyperspectral_kidney_normal_4949.jpg,Normal,0
train,dataset\Hyperspectral_normal_images\Hyperspectral_kidney_normal_2561.jpg,Normal,0
train,dataset\Hyperspectral_tumor_images\Hyperspectral_kidney_tumor_1055.jpg,Tumor,1
train,dataset\Hyperspectral_tumor_images\Hyperspectral_kidney_tumor_0329.jpg,Tumor,1
train,dataset\Hyperspectral_normal_images\Hyperspectral_kidney_normal_2498.jpg,Normal,0
train,dataset\Hyperspectral_normal_images\Hyperspectral_kidney_normal_2839.jpg,Normal,0
train,dataset\Hyperspectral_normal_images\Hyperspectral_kidney_normal_4601.jpg,Normal,0
train,dataset\Hyperspectral_normal_images\Hyperspectral_kidney_normal_4259.jpg,Normal,0
train,dataset\Hyperspectral_normal_images\Hyperspectral_kidney_normal_1535.jpg,Normal,0
train,dataset\Hyperspectral_tumor_images\Hyperspectral_kidney_tumor_1114.jpg,Tumor,1
train,dataset\Hyperspectral_normal_images\Hyperspectral_kidney_normal_3707.jpg,Normal,0
train,dataset\Hyperspectral_tumor_images\Hyperspectral_kidney_tumor_3097.jpg,Tumor,1
train,dataset\Hyperspectral_tumor_images\Hyperspectral_kidney_tumor_4250.jpg,Tumor,1
train,dataset\Hyperspectral_normal_images\Hyperspectral_kidney_normal_2550.jpg,Normal,0
train,dataset\Hyperspectral_tumor_images\Hyperspectral_kidney_tumor_2005.jpg,Tumor,1
train,dataset\Hyperspectral_tumor_images\Hyperspectral_kidney_tumor_4832.jpg,Tumor,1
train,dataset\Hyperspectral_normal_images\Hyperspectral_kidney_normal_4338.jpg,Normal,0
train,dataset\Hyperspectral_normal_images\Hyperspectral_kidney_normal_3333.jpg,Normal,0
train,dataset\Hyperspectral_normal_images\Hyperspectral_kidney_normal_4263.jpg,Normal,0
train,dataset\Hyperspectral_tumor_images\Hyperspectral_kidney_tumor_2420.jpg,Tumor,1
train,dataset\Hyperspectral_normal_images\Hyperspectral_kidney_normal_0855.jpg,Normal,0
train,dataset\Hyperspectral_tumor_images\Hyperspectral_kidney_tumor_3967.jpg,Tumor,1
train,dataset\Hyperspectral_normal_images\Hyperspectral_kidney_normal_2518.jpg,Normal,0
train,dataset\Hyperspectral_normal_images\Hyperspectral_kidney_normal_3986.jpg,Normal,0
train,dataset\Hyperspectral_tumor_images\Hyperspectral_kidney_tumor_2970.jpg,Tumor,1
train,dataset\Hyperspectral_tumor_images\Hyperspectral_kidney_tumor_4184.jpg,Tumor,1
train,dataset\Hyperspectral_normal_images\Hyperspectral_kidney_normal_4570.jpg,Normal,0
train,dataset\Hyperspectral_normal_images\Hyperspectral_kidney_normal_1691.jpg,Normal,0
train,dataset\Hyperspectral_tumor_images\Hyperspectral_kidney_tumor_3213.jpg,Tumor,1
train,dataset\Hyperspectral_tumor_images\Hyperspectral_kidney_tumor_2933.jpg,Tumor,1
train,dataset\Hyperspectral_tumor_images\Hyperspectral_kidney_tumor_3244.jpg,Tumor,1
train,dataset\Hyperspectral_tumor_images\Hyperspectral_kidney_tumor_1090.jpg,Tumor,1
train,dataset\Hyperspectral_normal_images\Hyperspectral_kidney_normal_4941.jpg,Normal,0
train,dataset\Hyperspectral_normal_images\Hyperspectral_kidney_normal_3648.jpg,Normal,0
train,dataset\Hyperspectral_tumor_images\Hyperspectral_kidney_tumor_4387.jpg,Tumor,1
train,dataset\Hyperspectral_tumor_images\Hyperspectral_kidney_tumor_1951.jpg,Tumor,1
train,dataset\Hyperspectral_tumor_images\Hyperspectral_kidney_tumor_0348.jpg,Tumor,1
train,dataset\Hyperspectral_normal_images\Hyperspectral_kidney_normal_1170.jpg,Normal,0
train,dataset\Hyperspectral_normal_images\Hyperspectral_kidney_normal_4285.jpg,Normal,0
train,dataset\Hyperspectral_tumor_images\Hyperspectral_kidney_tumor_4680.jpg,Tumor,1
train,dataset\Hyperspectral_normal_images\Hyperspectral_kidney_normal_0468.jpg,Normal,0
train,dataset\Hyperspectral_tumor_images\Hyperspectral_kidney_tumor_4609.jpg,Tumor,1
train,dataset\Hyperspectral_tumor_images\Hyperspectral_kidney_tumor_1077.jpg,Tumor,1
train,dataset\Hyperspectral_normal_images\Hyperspectral_kidney_normal_1488.jpg,Normal,0
train,dataset\Hyperspectral_tumor_images\Hyperspectral_kidney_tumor_0071.jpg,Tumor,1
train,dataset\Hyperspectral_normal_images\Hyperspectral_kidney_normal_0599.jpg,Normal,0
train,dataset\Hyperspectral_tumor_images\Hyperspectral_kidney_tumor_3296.jpg,Tumor,1
train,dataset\Hyperspectral_tumor_images\Hyperspectral_kidney_tumor_0029.jpg,Tumor,1
train,dataset\Hyperspectral_tumor_images\Hyperspectral_kidney_tumor_1491.jpg,Tumor,1
train,dataset\Hyperspectral_tumor_images\Hyperspectral_kidney_tumor_3375.jpg,Tumor,1
train,dataset\Hyperspectral_normal_images\Hyperspectral_kidney_normal_3093.jpg,Normal,0
train,dataset\Hyperspectral_tumor_images\Hyperspectral_kidney_tumor_1318.jpg,Tumor,1
train,dataset\Hyperspectral_tumor_images\Hyperspectral_kidney_tumor_4415.jpg,Tumor,1
train,dataset\Hyperspectral_tumor_images\Hyperspectral_kidney_tumor_2828.jpg,Tumor,1
train,dataset\Hyperspectral_tumor_images\Hyperspectral_kidney_tumor_4826.jpg,Tumor,1
train,dataset\Hyperspectral_tumor_images\Hyperspectral_kidney_tumor_1023.jpg,Tumor,1
train,dataset\Hyperspectral_tumor_images\Hyperspectral_kidney_tumor_0423.jpg,Tumor,1
train,dataset\Hyperspectral_normal_images\Hyperspectral_kidney_normal_2383.jpg,Normal,0
train,dataset\Hyperspectral_tumor_images\Hyperspectral_kidney_tumor_1893.jpg,Tumor,1
train,dataset\Hyperspectral_tumor_images\Hyperspectral_kidney_tumor_0509.jpg,Tumor,1
train,dataset\Hyperspectral_normal_images\Hyperspectral_kidney_normal_2336.jpg,Normal,0
train,dataset\Hyperspectral_normal_images\Hyperspectral_kidney_normal_0705.jpg,Normal,0
train,dataset\Hyperspectral_normal_images\Hyperspectral_kidney_normal_0430.jpg,Normal,0
train,dataset\Hyperspectral_tumor_images\Hyperspectral_kidney_tumor_0168.jpg,Tumor,1
train,dataset\Hyperspectral_tumor_images\Hyperspectral_kidney_tumor_1849.jpg,Tumor,1
train,dataset\Hyperspectral_tumor_images\Hyperspectral_kidney_tumor_2942.jpg,Tumor,1
train,dataset\Hyperspectral_tumor_images\Hyperspectral_kidney_tumor_3380.jpg,Tumor,1
train,dataset\Hyperspectral_normal_images\Hyperspectral_kidney_normal_1076.jpg,Normal,0
train,dataset\Hyperspectral_tumor_images\Hyperspectral_kidney_tumor_4333.jpg,Tumor,1
train,dataset\Hyperspectral_tumor_images\Hyperspectral_kidney_tumor_2183.jpg,Tumor,1
train,dataset\Hyperspectral_normal_images\Hyperspectral_kidney_normal_4935.jpg,Normal,0
train,dataset\Hyperspectral_tumor_images\Hyperspectral_kidney_tumor_3219.jpg,Tumor,1
train,dataset\Hyperspectral_tumor_images\Hyperspectral_kidney_tumor_2856.jpg,Tumor,1
train,dataset\Hyperspectral_tumor_images\Hyperspectral_kidney_tumor_0645.jpg,Tumor,1
train,dataset\Hyperspectral_normal_images\Hyperspectral_kidney_normal_0911.jpg,Normal,0
train,dataset\Hyperspectral_tumor_images\Hyperspectral_kidney_tumor_3850.jpg,Tumor,1
train,dataset\Hyperspectral_normal_images\Hyperspectral_kidney_normal_4684.jpg,Normal,0
train,dataset\Hyperspectral_tumor_images\Hyperspectral_kidney_tumor_3739.jpg,Tumor,1
train,dataset\Hyperspectral_tumor_images\Hyperspectral_kidney_tumor_2142.jpg,Tumor,1
train,dataset\Hyperspectral_normal_images\Hyperspectral_kidney_normal_1284.jpg,Normal,0
train,dataset\Hyperspectral_tumor_images\Hyperspectral_kidney_tumor_1810.jpg,Tumor,1
train,dataset\Hyperspectral_normal_images\Hyperspectral_kidney_normal_2778.jpg,Normal,0
train,dataset\Hyperspectral_tumor_images\Hyperspectral_kidney_tumor_3627.jpg,Tumor,1
train,dataset\Hyperspectral_normal_images\Hyperspectral_kidney_normal_0187.jpg,Normal,0
train,dataset\Hyperspectral_tumor_images\Hyperspectral_kidney_tumor_3141.jpg,Tumor,1
train,dataset\Hyperspectral_tumor_images\Hyperspectral_kidney_tumor_4137.jpg,Tumor,1
train,dataset\Hyperspectral_normal_images\Hyperspectral_kidney_normal_0751.jpg,Normal,0
train,dataset\Hyperspectral_normal_images\Hyperspectral_kidney_normal_2830.jpg,Normal,0
train,dataset\Hyperspectral_tumor_images\Hyperspectral_kidney_tumor_2798.jpg,Tumor,1
train,dataset\Hyperspectral_normal_images\Hyperspectral_kidney_normal_2101.jpg,Normal,0
train,dataset\Hyperspectral_normal_images\Hyperspectral_kidney_normal_3013.jpg,Normal,0
train,dataset\Hyperspectral_tumor_images\Hyperspectral_kidney_tumor_2814.jpg,Tumor,1
train,dataset\Hyperspectral_normal_images\Hyperspectral_kidney_normal_4246.jpg,Normal,0
train,dataset\Hyperspectral_normal_images\Hyperspectral_kidney_normal_2113.jpg,Normal,0
train,dataset\Hyperspectral_tumor_images\Hyperspectral_kidney_tumor_0952.jpg,Tumor,1
train,dataset\Hyperspectral_tumor_images\Hyperspectral_kidney_tumor_1657.jpg,Tumor,1
train,dataset\Hyperspectral_normal_images\Hyperspectral_kidney_normal_1390.jpg,Normal,0
train,dataset\Hyperspectral_normal_images\Hyperspectral_kidney_normal_4310.jpg,Normal,0
train,dataset\Hyperspectral_tumor_images\Hyperspectral_kidney_tumor_2787.jpg,Tumor,1
train,dataset\Hyperspectral_tumor_images\Hyperspectral_kidney_tumor_2980.jpg,Tumor,1
train,dataset\Hyperspectral_tumor_images\Hyperspectral_kidney_tumor_0500.jpg,Tumor,1
train,dataset\Hyperspectral_normal_images\Hyperspectral_kidney_normal_0015.jpg,Normal,0
train,dataset\Hyperspectral_tumor_images\Hyperspectral_kidney_tumor_1881.jpg,Tumor,1
train,dataset\Hyperspectral_tumor_images\Hyperspectral_kidney_tumor_3227.jpg,Tumor,1
train,dataset\Hyperspectral_tumor_images\Hyperspectral_kidney_tumor_3895.jpg,Tumor,1
train,dataset\Hyperspectral_tumor_images\Hyperspectral_kidney_tumor_4806.jpg,Tumor,1
train,dataset\Hyperspectral_tumor_images\Hyperspectral_kidney_tumor_4149.jpg,Tumor,1
train,dataset\Hyperspectral_tumor_images\Hyperspectral_kidney_tumor_1044.jpg,Tumor,1
train,dataset\Hyperspectral_tumor_images\Hyperspectral_kidney_tumor_1356.jpg,Tumor,1
train,dataset\Hyperspectral_tumor_images\Hyperspectral_kidney_tumor_2619.jpg,Tumor,1
train,dataset\Hyperspectral_normal_images\Hyperspectral_kidney_normal_4109.jpg,Normal,0
train,dataset\Hyperspectral_normal_images\Hyperspectral_kidney_normal_1419.jpg,Normal,0
train,dataset\Hyperspectral_normal_images\Hyperspectral_kidney_normal_0979.jpg,Normal,0
train,dataset\Hyperspectral_tumor_images\Hyperspectral_kidney_tumor_1538.jpg,Tumor,1
train,dataset\Hyperspectral_normal_images\Hyperspectral_kidney_normal_3582.jpg,Normal,0
train,dataset\Hyperspectral_tumor_images\Hyperspectral_kidney_tumor_4203.jpg,Tumor,1
train,dataset\Hyperspectral_normal_images\Hyperspectral_kidney_normal_2201.jpg,Normal,0
train,dataset\Hyperspectral_tumor_images\Hyperspectral_kidney_tumor_3540.jpg,Tumor,1
train,dataset\Hyperspectral_normal_images\Hyperspectral_kidney_normal_0429.jpg,Normal,0
train,dataset\Hyperspectral_normal_images\Hyperspectral_kidney_normal_3181.jpg,Normal,0
train,dataset\Hyperspectral_tumor_images\Hyperspectral_kidney_tumor_1152.jpg,Tumor,1
train,dataset\Hyperspectral_normal_images\Hyperspectral_kidney_normal_4710.jpg,Normal,0
train,dataset\Hyperspectral_normal_images\Hyperspectral_kidney_normal_3029.jpg,Normal,0
train,dataset\Hyperspectral_tumor_images\Hyperspectral_kidney_tumor_4761.jpg,Tumor,1
train,dataset\Hyperspectral_normal_images\Hyperspectral_kidney_normal_0513.jpg,Normal,0
train,dataset\Hyperspectral_normal_images\Hyperspectral_kidney_normal_3729.jpg,Normal,0
train,dataset\Hyperspectral_tumor_images\Hyperspectral_kidney_tumor_1741.jpg,Tumor,1
train,dataset\Hyperspectral_normal_images\Hyperspectral_kidney_normal_2729.jpg,Normal,0
train,dataset\Hyperspectral_tumor_images\Hyperspectral_kidney_tumor_3615.jpg,Tumor,1
train,dataset\Hyperspectral_tumor_images\Hyperspectral_kidney_tumor_3444.jpg,Tumor,1
train,dataset\Hyperspectral_normal_images\Hyperspectral_kidney_normal_1455.jpg,Normal,0
train,dataset\Hyperspectral_normal_images\Hyperspectral_kidney_normal_2948.jpg,Normal,0
train,dataset\Hyperspectral_tumor_images\Hyperspectral_kidney_tumor_2126.jpg,Tumor,1
train,dataset\Hyperspectral_normal_images\Hyperspectral_kidney_normal_4889.jpg,Normal,0
train,dataset\Hyperspectral_tumor_images\Hyperspectral_kidney_tumor_2424.jpg,Tumor,1
train,dataset\Hyperspectral_normal_images\Hyperspectral_kidney_normal_1272.jpg,Normal,0
train,dataset\Hyperspectral_tumor_images\Hyperspectral_kidney_tumor_4043.jpg,Tumor,1
train,dataset\Hyperspectral_tumor_images\Hyperspectral_kidney_tumor_0736.jpg,Tumor,1
train,dataset\Hyperspectral_normal_images\Hyperspectral_kidney_normal_3700.jpg,Normal,0
train,dataset\Hyperspectral_tumor_images\Hyperspectral_kidney_tumor_4685.jpg,Tumor,1
train,dataset\Hyperspectral_tumor_images\Hyperspectral_kidney_tumor_2554.jpg,Tumor,1
train,dataset\Hyperspectral_normal_images\Hyperspectral_kidney_normal_2076.jpg,Normal,0
train,dataset\Hyperspectral_tumor_images\Hyperspectral_kidney_tumor_4666.jpg,Tumor,1
train,dataset\Hyperspectral_tumor_images\Hyperspectral_kidney_tumor_2392.jpg,Tumor,1
train,dataset\Hyperspectral_normal_images\Hyperspectral_kidney_normal_2350.jpg,Normal,0
train,dataset\Hyperspectral_normal_images\Hyperspectral_kidney_normal_4623.jpg,Normal,0
train,dataset\Hyperspectral_normal_images\Hyperspectral_kidney_normal_4267.jpg,Normal,0
train,dataset\Hyperspectral_normal_images\Hyperspectral_kidney_normal_2658.jpg,Normal,0
train,dataset\Hyperspectral_normal_images\Hyperspectral_kidney_normal_4577.jpg,Normal,0
train,dataset\Hyperspectral_tumor_images\Hyperspectral_kidney_tumor_1643.jpg,Tumor,1
train,dataset\Hyperspectral_normal_images\Hyperspectral_kidney_normal_3089.jpg,Normal,0
train,dataset\Hyperspectral_normal_images\Hyperspectral_kidney_normal_3198.jpg,Normal,0
train,dataset\Hyperspectral_tumor_images\Hyperspectral_kidney_tumor_1340.jpg,Tumor,1
train,dataset\Hyperspectral_normal_images\Hyperspectral_kidney_normal_0111.jpg,Normal,0
train,dataset\Hyperspectral_normal_images\Hyperspectral_kidney_normal_3481.jpg,Normal,0
train,dataset\Hyperspectral_tumor_images\Hyperspectral_kidney_tumor_3297.jpg,Tumor,1
train,dataset\Hyperspectral_normal_images\Hyperspectral_kidney_normal_3859.jpg,Normal,0
train,dataset\Hyperspectral_normal_images\Hyperspectral_kidney_normal_4702.jpg,Normal,0
train,dataset\Hyperspectral_tumor_images\Hyperspectral_kidney_tumor_3231.jpg,Tumor,1
train,dataset\Hyperspectral_normal_images\Hyperspectral_kidney_normal_3365.jpg,Normal,0
train,dataset\Hyperspectral_normal_images\Hyperspectral_kidney_normal_2887.jpg,Normal,0
train,dataset\Hyperspectral_normal_images\Hyperspectral_kidney_normal_4969.jpg,Normal,0
train,dataset\Hyperspectral_normal_images\Hyperspectral_kidney_normal_3989.jpg,Normal,0
train,dataset\Hyperspectral_normal_images\Hyperspectral_kidney_normal_3349.jpg,Normal,0
train,dataset\Hyperspectral_normal_images\Hyperspectral_kidney_normal_2456.jpg,Normal,0
train,dataset\Hyperspectral_tumor_images\Hyperspectral_kidney_tumor_0724.jpg,Tumor,1
train,dataset\Hyperspectral_normal_images\Hyperspectral_kidney_normal_1206.jpg,Normal,0
train,dataset\Hyperspectral_tumor_images\Hyperspectral_kidney_tumor_1668.jpg,Tumor,1
train,dataset\Hyperspectral_tumor_images\Hyperspectral_kidney_tumor_4539.jpg,Tumor,1
train,dataset\Hyperspectral_normal_images\Hyperspectral_kidney_normal_2358.jpg,Normal,0
train,dataset\Hyperspectral_tumor_images\Hyperspectral_kidney_tumor_3757.jpg,Tumor,1
train,dataset\Hyperspectral_normal_images\Hyperspectral_kidney_normal_3440.jpg,Normal,0
train,dataset\Hyperspectral_normal_images\Hyperspectral_kidney_normal_1692.jpg,Normal,0
train,dataset\Hyperspectral_normal_images\Hyperspectral_kidney_normal_4137.jpg,Normal,0
train,dataset\Hyperspectral_normal_images\Hyperspectral_kidney_normal_0815.jpg,Normal,0
train,dataset\Hyperspectral_tumor_images\Hyperspectral_kidney_tumor_2454.jpg,Tumor,1
train,dataset\Hyperspectral_normal_images\Hyperspectral_kidney_normal_0092.jpg,Normal,0
train,dataset\Hyperspectral_tumor_images\Hyperspectral_kidney_tumor_1753.jpg,Tumor,1
train,dataset\Hyperspectral_normal_images\Hyperspectral_kidney_normal_2552.jpg,Normal,0
train,dataset\Hyperspectral_normal_images\Hyperspectral_kidney_normal_1401.jpg,Normal,0
train,dataset\Hyperspectral_tumor_images\Hyperspectral_kidney_tumor_1688.jpg,Tumor,1
train,dataset\Hyperspectral_tumor_images\Hyperspectral_kidney_tumor_3856.jpg,Tumor,1
train,dataset\Hyperspectral_tumor_images\Hyperspectral_kidney_tumor_4456.jpg,Tumor,1
train,dataset\Hyperspectral_normal_images\Hyperspectral_kidney_normal_3776.jpg,Normal,0
train,dataset\Hyperspectral_tumor_images\Hyperspectral_kidney_tumor_2193.jpg,Tumor,1
train,dataset\Hyperspectral_tumor_images\Hyperspectral_kidney_tumor_4099.jpg,Tumor,1
train,dataset\Hyperspectral_tumor_images\Hyperspectral_kidney_tumor_1843.jpg,Tumor,1
train,dataset\Hyperspectral_normal_images\Hyperspectral_kidney_normal_2772.jpg,Normal,0
train,dataset\Hyperspectral_tumor_images\Hyperspectral_kidney_tumor_0013.jpg,Tumor,1
train,dataset\Hyperspectral_tumor_images\Hyperspectral_kidney_tumor_3657.jpg,Tumor,1
train,dataset\Hyperspectral_normal_images\Hyperspectral_kidney_normal_1141.jpg,Normal,0
train,dataset\Hyperspectral_tumor_images\Hyperspectral_kidney_tumor_1343.jpg,Tumor,1
train,dataset\Hyperspectral_normal_images\Hyperspectral_kidney_normal_2652.jpg,Normal,0
train,dataset\Hyperspectral_normal_images\Hyperspectral_kidney_normal_4079.jpg,Normal,0
train,dataset\Hyperspectral_normal_images\Hyperspectral_kidney_normal_1176.jpg,Normal,0
train,dataset\Hyperspectral_tumor_images\Hyperspectral_kidney_tumor_1435.jpg,Tumor,1
train,dataset\Hyperspectral_normal_images\Hyperspectral_kidney_normal_4643.jpg,Normal,0
train,dataset\Hyperspectral_normal_images\Hyperspectral_kidney_normal_4089.jpg,Normal,0
train,dataset\Hyperspectral_tumor_images\Hyperspectral_kidney_tumor_3601.jpg,Tumor,1
train,dataset\Hyperspectral_tumor_images\Hyperspectral_kidney_tumor_0337.jpg,Tumor,1
train,dataset\Hyperspectral_tumor_images\Hyperspectral_kidney_tumor_3695.jpg,Tumor,1
train,dataset\Hyperspectral_tumor_images\Hyperspectral_kidney_tumor_1946.jpg,Tumor,1
train,dataset\Hyperspectral_normal_images\Hyperspectral_kidney_normal_2382.jpg,Normal,0
train,dataset\Hyperspectral_normal_images\Hyperspectral_kidney_normal_0578.jpg,Normal,0
train,dataset\Hyperspectral_normal_images\Hyperspectral_kidney_normal_0559.jpg,Normal,0
train,dataset\Hyperspectral_normal_images\Hyperspectral_kidney_normal_2614.jpg,Normal,0
train,dataset\Hyperspectral_tumor_images\Hyperspectral_kidney_tumor_3412.jpg,Tumor,1
train,dataset\Hyperspectral_normal_images\Hyperspectral_kidney_normal_1875.jpg,Normal,0
train,dataset\Hyperspectral_normal_images\Hyperspectral_kidney_normal_3943.jpg,Normal,0
train,dataset\Hyperspectral_normal_images\Hyperspectral_kidney_normal_4191.jpg,Normal,0
train,dataset\Hyperspectral_tumor_images\Hyperspectral_kidney_tumor_0053.jpg,Tumor,1
train,dataset\Hyperspectral_normal_images\Hyperspectral_kidney_normal_0937.jpg,Normal,0
train,dataset\Hyperspectral_tumor_images\Hyperspectral_kidney_tumor_0110.jpg,Tumor,1
train,dataset\Hyperspectral_normal_images\Hyperspectral_kidney_normal_4669.jpg,Normal,0
train,dataset\Hyperspectral_tumor_images\Hyperspectral_kidney_tumor_3431.jpg,Tumor,1
train,dataset\Hyperspectral_normal_images\Hyperspectral_kidney_normal_0287.jpg,Normal,0
train,dataset\Hyperspectral_normal_images\Hyperspectral_kidney_normal_0228.jpg,Normal,0
train,dataset\Hyperspectral_tumor_images\Hyperspectral_kidney_tumor_0581.jpg,Tumor,1
train,dataset\Hyperspectral_normal_images\Hyperspectral_kidney_normal_4357.jpg,Normal,0
train,dataset\Hyperspectral_tumor_images\Hyperspectral_kidney_tumor_2678.jpg,Tumor,1
train,dataset\Hyperspectral_normal_images\Hyperspectral_kidney_normal_0837.jpg,Normal,0
train,dataset\Hyperspectral_tumor_images\Hyperspectral_kidney_tumor_1171.jpg,Tumor,1
train,dataset\Hyperspectral_tumor_images\Hyperspectral_kidney_tumor_0333.jpg,Tumor,1
train,dataset\Hyperspectral_tumor_images\Hyperspectral_kidney_tumor_3494.jpg,Tumor,1
train,dataset\Hyperspectral_normal_images\Hyperspectral_kidney_normal_4503.jpg,Normal,0
train,dataset\Hyperspectral_normal_images\Hyperspectral_kidney_normal_3584.jpg,Normal,0
train,dataset\Hyperspectral_tumor_images\Hyperspectral_kidney_tumor_1803.jpg,Tumor,1
train,dataset\Hyperspectral_normal_images\Hyperspectral_kidney_normal_2822.jpg,Normal,0
train,dataset\Hyperspectral_tumor_images\Hyperspectral_kidney_tumor_2041.jpg,Tumor,1
train,dataset\Hyperspectral_normal_images\Hyperspectral_kidney_normal_3980.jpg,Normal,0
train,dataset\Hyperspectral_normal_images\Hyperspectral_kidney_normal_0038.jpg,Normal,0
train,dataset\Hyperspectral_normal_images\Hyperspectral_kidney_normal_4336.jpg,Normal,0
train,dataset\Hyperspectral_tumor_images\Hyperspectral_kidney_tumor_1315.jpg,Tumor,1
train,dataset\Hyperspectral_tumor_images\Hyperspectral_kidney_tumor_1109.jpg,Tumor,1
train,dataset\Hyperspectral_tumor_images\Hyperspectral_kidney_tumor_3330.jpg,Tumor,1
train,dataset\Hyperspectral_normal_images\Hyperspectral_kidney_normal_1201.jpg,Normal,0
train,dataset\Hyperspectral_normal_images\Hyperspectral_kidney_normal_1776.jpg,Normal,0
train,dataset\Hyperspectral_tumor_images\Hyperspectral_kidney_tumor_0862.jpg,Tumor,1
train,dataset\Hyperspectral_normal_images\Hyperspectral_kidney_normal_3054.jpg,Normal,0
train,dataset\Hyperspectral_tumor_images\Hyperspectral_kidney_tumor_3543.jpg,Tumor,1
train,dataset\Hyperspectral_normal_images\Hyperspectral_kidney_normal_1735.jpg,Normal,0
train,dataset\Hyperspectral_tumor_images\Hyperspectral_kidney_tumor_1605.jpg,Tumor,1
train,dataset\Hyperspectral_tumor_images\Hyperspectral_kidney_tumor_0958.jpg,Tumor,1
train,dataset\Hyperspectral_tumor_images\Hyperspectral_kidney_tumor_1521.jpg,Tumor,1
train,dataset\Hyperspectral_normal_images\Hyperspectral_kidney_normal_4421.jpg,Normal,0
train,dataset\Hyperspectral_normal_images\Hyperspectral_kidney_normal_2294.jpg,Normal,0
train,dataset\Hyperspectral_tumor_images\Hyperspectral_kidney_tumor_0642.jpg,Tumor,1
train,dataset\Hyperspectral_normal_images\Hyperspectral_kidney_normal_2696.jpg,Normal,0
train,dataset\Hyperspectral_tumor_images\Hyperspectral_kidney_tumor_4385.jpg,Tumor,1
train,dataset\Hyperspectral_tumor_images\Hyperspectral_kidney_tumor_2197.jpg,Tumor,1
train,dataset\Hyperspectral_tumor_images\Hyperspectral_kidney_tumor_1353.jpg,Tumor,1
train,dataset\Hyperspectral_normal_images\Hyperspectral_kidney_normal_3258.jpg,Normal,0
train,dataset\Hyperspectral_normal_images\Hyperspectral_kidney_normal_3927.jpg,Normal,0
train,dataset\Hyperspectral_tumor_images\Hyperspectral_kidney_tumor_1729.jpg,Tumor,1
train,dataset\Hyperspectral_tumor_images\Hyperspectral_kidney_tumor_1161.jpg,Tumor,1
train,dataset\Hyperspectral_normal_images\Hyperspectral_kidney_normal_2759.jpg,Normal,0
train,dataset\Hyperspectral_normal_images\Hyperspectral_kidney_normal_3133.jpg,Normal,0
train,dataset\Hyperspectral_normal_images\Hyperspectral_kidney_normal_0735.jpg,Normal,0
train,dataset\Hyperspectral_normal_images\Hyperspectral_kidney_normal_0107.jpg,Normal,0
train,dataset\Hyperspectral_tumor_images\Hyperspectral_kidney_tumor_1531.jpg,Tumor,1
train,dataset\Hyperspectral_normal_images\Hyperspectral_kidney_normal_2195.jpg,Normal,0
train,dataset\Hyperspectral_tumor_images\Hyperspectral_kidney_tumor_2894.jpg,Tumor,1
train,dataset\Hyperspectral_normal_images\Hyperspectral_kidney_normal_3352.jpg,Normal,0
train,dataset\Hyperspectral_normal_images\Hyperspectral_kidney_normal_3086.jpg,Normal,0
train,dataset\Hyperspectral_normal_images\Hyperspectral_kidney_normal_4135.jpg,Normal,0
train,dataset\Hyperspectral_normal_images\Hyperspectral_kidney_normal_0372.jpg,Normal,0
train,dataset\Hyperspectral_normal_images\Hyperspectral_kidney_normal_4699.jpg,Normal,0
train,dataset\Hyperspectral_normal_images\Hyperspectral_kidney_normal_2812.jpg,Normal,0
train,dataset\Hyperspectral_tumor_images\Hyperspectral_kidney_tumor_4127.jpg,Tumor,1
train,dataset\Hyperspectral_normal_images\Hyperspectral_kidney_normal_2895.jpg,Normal,0
train,dataset\Hyperspectral_tumor_images\Hyperspectral_kidney_tumor_1485.jpg,Tumor,1
train,dataset\Hyperspectral_tumor_images\Hyperspectral_kidney_tumor_2260.jpg,Tumor,1
train,dataset\Hyperspectral_tumor_images\Hyperspectral_kidney_tumor_0606.jpg,Tumor,1
train,dataset\Hyperspectral_tumor_images\Hyperspectral_kidney_tumor_4351.jpg,Tumor,1
train,dataset\Hyperspectral_normal_images\Hyperspectral_kidney_normal_3464.jpg,Normal,0
train,dataset\Hyperspectral_tumor_images\Hyperspectral_kidney_tumor_0372.jpg,Tumor,1
train,dataset\Hyperspectral_tumor_images\Hyperspectral_kidney_tumor_1811.jpg,Tumor,1
train,dataset\Hyperspectral_normal_images\Hyperspectral_kidney_normal_1941.jpg,Normal,0
train,dataset\Hyperspectral_normal_images\Hyperspectral_kidney_normal_3678.jpg,Normal,0
train,dataset\Hyperspectral_normal_images\Hyperspectral_kidney_normal_3917.jpg,Normal,0
train,dataset\Hyperspectral_tumor_images\Hyperspectral_kidney_tumor_3009.jpg,Tumor,1
train,dataset\Hyperspectral_normal_images\Hyperspectral_kidney_normal_0696.jpg,Normal,0
train,dataset\Hyperspectral_tumor_images\Hyperspectral_kidney_tumor_1582.jpg,Tumor,1
train,dataset\Hyperspectral_tumor_images\Hyperspectral_kidney_tumor_0498.jpg,Tumor,1
train,dataset\Hyperspectral_normal_images\Hyperspectral_kidney_normal_3599.jpg,Normal,0
train,dataset\Hyperspectral_normal_images\Hyperspectral_kidney_normal_2444.jpg,Normal,0
train,dataset\Hyperspectral_tumor_images\Hyperspectral_kidney_tumor_2217.jpg,Tumor,1
train,dataset\Hyperspectral_normal_images\Hyperspectral_kidney_normal_2857.jpg,Normal,0
train,dataset\Hyperspectral_normal_images\Hyperspectral_kidney_normal_3824.jpg,Normal,0
train,dataset\Hyperspectral_normal_images\Hyperspectral_kidney_normal_4464.jpg,Normal,0
train,dataset\Hyperspectral_tumor_images\Hyperspectral_kidney_tumor_0266.jpg,Tumor,1
train,dataset\Hyperspectral_normal_images\Hyperspectral_kidney_normal_4791.jpg,Normal,0
train,dataset\Hyperspectral_normal_images\Hyperspectral_kidney_normal_1193.jpg,Normal,0
train,dataset\Hyperspectral_normal_images\Hyperspectral_kidney_normal_3642.jpg,Normal,0
train,dataset\Hyperspectral_tumor_images\Hyperspectral_kidney_tumor_3309.jpg,Tumor,1
train,dataset\Hyperspectral_normal_images\Hyperspectral_kidney_normal_3685.jpg,Normal,0
train,dataset\Hyperspectral_tumor_images\Hyperspectral_kidney_tumor_1699.jpg,Tumor,1
train,dataset\Hyperspectral_tumor_images\Hyperspectral_kidney_tumor_2721.jpg,Tumor,1
train,dataset\Hyperspectral_tumor_images\Hyperspectral_kidney_tumor_0448.jpg,Tumor,1
train,dataset\Hyperspectral_tumor_images\Hyperspectral_kidney_tumor_1990.jpg,Tumor,1
train,dataset\Hyperspectral_tumor_images\Hyperspectral_kidney_tumor_3007.jpg,Tumor,1
train,dataset\Hyperspectral_normal_images\Hyperspectral_kidney_normal_0780.jpg,Normal,0
train,dataset\Hyperspectral_tumor_images\Hyperspectral_kidney_tumor_3210.jpg,Tumor,1
train,dataset\Hyperspectral_tumor_images\Hyperspectral_kidney_tumor_0454.jpg,Tumor,1
train,dataset\Hyperspectral_tumor_images\Hyperspectral_kidney_tumor_0146.jpg,Tumor,1
train,dataset\Hyperspectral_tumor_images\Hyperspectral_kidney_tumor_1437.jpg,Tumor,1
train,dataset\Hyperspectral_normal_images\Hyperspectral_kidney_normal_4686.jpg,Normal,0
train,dataset\Hyperspectral_tumor_images\Hyperspectral_kidney_tumor_2242.jpg,Tumor,1
train,dataset\Hyperspectral_tumor_images\Hyperspectral_kidney_tumor_3833.jpg,Tumor,1
train,dataset\Hyperspectral_tumor_images\Hyperspectral_kidney_tumor_3329.jpg,Tumor,1
train,dataset\Hyperspectral_tumor_images\Hyperspectral_kidney_tumor_4436.jpg,Tumor,1
train,dataset\Hyperspectral_tumor_images\Hyperspectral_kidney_tumor_3858.jpg,Tumor,1
train,dataset\Hyperspectral_tumor_images\Hyperspectral_kidney_tumor_2921.jpg,Tumor,1
train,dataset\Hyperspectral_normal_images\Hyperspectral_kidney_normal_2183.jpg,Normal,0
train,dataset\Hyperspectral_tumor_images\Hyperspectral_kidney_tumor_2461.jpg,Tumor,1
train,dataset\Hyperspectral_tumor_images\Hyperspectral_kidney_tumor_2182.jpg,Tumor,1
train,dataset\Hyperspectral_tumor_images\Hyperspectral_kidney_tumor_2670.jpg,Tumor,1
train,dataset\Hyperspectral_normal_images\Hyperspectral_kidney_normal_4987.jpg,Normal,0
train,dataset\Hyperspectral_tumor_images\Hyperspectral_kidney_tumor_0425.jpg,Tumor,1
train,dataset\Hyperspectral_tumor_images\Hyperspectral_kidney_tumor_0972.jpg,Tumor,1
train,dataset\Hyperspectral_tumor_images\Hyperspectral_kidney_tumor_0227.jpg,Tumor,1
train,dataset\Hyperspectral_normal_images\Hyperspectral_kidney_normal_4771.jpg,Normal,0
train,dataset\Hyperspectral_tumor_images\Hyperspectral_kidney_tumor_4860.jpg,Tumor,1
train,dataset\Hyperspectral_tumor_images\Hyperspectral_kidney_tumor_3964.jpg,Tumor,1
train,dataset\Hyperspectral_tumor_images\Hyperspectral_kidney_tumor_4192.jpg,Tumor,1
train,dataset\Hyperspectral_normal_images\Hyperspectral_kidney_normal_0042.jpg,Normal,0
train,dataset\Hyperspectral_normal_images\Hyperspectral_kidney_normal_2207.jpg,Normal,0
train,dataset\Hyperspectral_normal_images\Hyperspectral_kidney_normal_0200.jpg,Normal,0
train,dataset\Hyperspectral_tumor_images\Hyperspectral_kidney_tumor_0887.jpg,Tumor,1
train,dataset\Hyperspectral_tumor_images\Hyperspectral_kidney_tumor_2356.jpg,Tumor,1
train,dataset\Hyperspectral_tumor_images\Hyperspectral_kidney_tumor_1557.jpg,Tumor,1
train,dataset\Hyperspectral_normal_images\Hyperspectral_kidney_normal_1935.jpg,Normal,0
train,dataset\Hyperspectral_tumor_images\Hyperspectral_kidney_tumor_3059.jpg,Tumor,1
train,dataset\Hyperspectral_normal_images\Hyperspectral_kidney_normal_0120.jpg,Normal,0
train,dataset\Hyperspectral_normal_images\Hyperspectral_kidney_normal_4472.jpg,Normal,0
train,dataset\Hyperspectral_tumor_images\Hyperspectral_kidney_tumor_1835.jpg,Tumor,1
train,dataset\Hyperspectral_normal_images\Hyperspectral_kidney_normal_0032.jpg,Normal,0
train,dataset\Hyperspectral_normal_images\Hyperspectral_kidney_normal_2185.jpg,Normal,0
train,dataset\Hyperspectral_tumor_images\Hyperspectral_kidney_tumor_1784.jpg,Tumor,1
train,dataset\Hyperspectral_tumor_images\Hyperspectral_kidney_tumor_0971.jpg,Tumor,1
train,dataset\Hyperspectral_tumor_images\Hyperspectral_kidney_tumor_1095.jpg,Tumor,1
train,dataset\Hyperspectral_tumor_images\Hyperspectral_kidney_tumor_1804.jpg,Tumor,1
train,dataset\Hyperspectral_normal_images\Hyperspectral_kidney_normal_1989.jpg,Normal,0
train,dataset\Hyperspectral_tumor_images\Hyperspectral_kidney_tumor_0313.jpg,Tumor,1
train,dataset\Hyperspectral_tumor_images\Hyperspectral_kidney_tumor_4193.jpg,Tumor,1
train,dataset\Hyperspectral_tumor_images\Hyperspectral_kidney_tumor_0464.jpg,Tumor,1
train,dataset\Hyperspectral_normal_images\Hyperspectral_kidney_normal_0976.jpg,Normal,0
train,dataset\Hyperspectral_tumor_images\Hyperspectral_kidney_tumor_4288.jpg,Tumor,1
train,dataset\Hyperspectral_normal_images\Hyperspectral_kidney_normal_1759.jpg,Normal,0
train,dataset\Hyperspectral_tumor_images\Hyperspectral_kidney_tumor_1659.jpg,Tumor,1
train,dataset\Hyperspectral_tumor_images\Hyperspectral_kidney_tumor_0896.jpg,Tumor,1
train,dataset\Hyperspectral_normal_images\Hyperspectral_kidney_normal_3468.jpg,Normal,0
train,dataset\Hyperspectral_normal_images\Hyperspectral_kidney_normal_4177.jpg,Normal,0
train,dataset\Hyperspectral_normal_images\Hyperspectral_kidney_normal_1376.jpg,Normal,0
train,dataset\Hyperspectral_normal_images\Hyperspectral_kidney_normal_3174.jpg,Normal,0
train,dataset\Hyperspectral_normal_images\Hyperspectral_kidney_normal_3323.jpg,Normal,0
train,dataset\Hyperspectral_tumor_images\Hyperspectral_kidney_tumor_3388.jpg,Tumor,1
train,dataset\Hyperspectral_tumor_images\Hyperspectral_kidney_tumor_1137.jpg,Tumor,1
train,dataset\Hyperspectral_tumor_images\Hyperspectral_kidney_tumor_3441.jpg,Tumor,1
train,dataset\Hyperspectral_tumor_images\Hyperspectral_kidney_tumor_4253.jpg,Tumor,1
train,dataset\Hyperspectral_normal_images\Hyperspectral_kidney_normal_4484.jpg,Normal,0
train,dataset\Hyperspectral_tumor_images\Hyperspectral_kidney_tumor_2946.jpg,Tumor,1
train,dataset\Hyperspectral_tumor_images\Hyperspectral_kidney_tumor_3451.jpg,Tumor,1
train,dataset\Hyperspectral_tumor_images\Hyperspectral_kidney_tumor_1478.jpg,Tumor,1
train,dataset\Hyperspectral_normal_images\Hyperspectral_kidney_normal_1220.jpg,Normal,0
train,dataset\Hyperspectral_tumor_images\Hyperspectral_kidney_tumor_0516.jpg,Tumor,1
train,dataset\Hyperspectral_tumor_images\Hyperspectral_kidney_tumor_3042.jpg,Tumor,1
train,dataset\Hyperspectral_normal_images\Hyperspectral_kidney_normal_4545.jpg,Normal,0
train,dataset\Hyperspectral_tumor_images\Hyperspectral_kidney_tumor_2244.jpg,Tumor,1
train,dataset\Hyperspectral_tumor_images\Hyperspectral_kidney_tumor_1206.jpg,Tumor,1
train,dataset\Hyperspectral_tumor_images\Hyperspectral_kidney_tumor_3721.jpg,Tumor,1
train,dataset\Hyperspectral_tumor_images\Hyperspectral_kidney_tumor_1399.jpg,Tumor,1
train,dataset\Hyperspectral_tumor_images\Hyperspectral_kidney_tumor_0776.jpg,Tumor,1
train,dataset\Hyperspectral_tumor_images\Hyperspectral_kidney_tumor_3346.jpg,Tumor,1
train,dataset\Hyperspectral_tumor_images\Hyperspectral_kidney_tumor_0908.jpg,Tumor,1
train,dataset\Hyperspectral_normal_images\Hyperspectral_kidney_normal_2344.jpg,Normal,0
train,dataset\Hyperspectral_normal_images\Hyperspectral_kidney_normal_0171.jpg,Normal,0
train,dataset\Hyperspectral_tumor_images\Hyperspectral_kidney_tumor_2937.jpg,Tumor,1
train,dataset\Hyperspectral_tumor_images\Hyperspectral_kidney_tumor_0810.jpg,Tumor,1
train,dataset\Hyperspectral_tumor_images\Hyperspectral_kidney_tumor_4665.jpg,Tumor,1
train,dataset\Hyperspectral_tumor_images\Hyperspectral_kidney_tumor_4938.jpg,Tumor,1
train,dataset\Hyperspectral_tumor_images\Hyperspectral_kidney_tumor_0410.jpg,Tumor,1
train,dataset\Hyperspectral_normal_images\Hyperspectral_kidney_normal_1948.jpg,Normal,0
train,dataset\Hyperspectral_normal_images\Hyperspectral_kidney_normal_4551.jpg,Normal,0
train,dataset\Hyperspectral_normal_images\Hyperspectral_kidney_normal_3319.jpg,Normal,0
train,dataset\Hyperspectral_tumor_images\Hyperspectral_kidney_tumor_2026.jpg,Tumor,1
train,dataset\Hyperspectral_normal_images\Hyperspectral_kidney_normal_3928.jpg,Normal,0
train,dataset\Hyperspectral_tumor_images\Hyperspectral_kidney_tumor_1140.jpg,Tumor,1
train,dataset\Hyperspectral_normal_images\Hyperspectral_kidney_normal_1417.jpg,Normal,0
train,dataset\Hyperspectral_normal_images\Hyperspectral_kidney_normal_2040.jpg,Normal,0
train,dataset\Hyperspectral_normal_images\Hyperspectral_kidney_normal_2244.jpg,Normal,0
train,dataset\Hyperspectral_tumor_images\Hyperspectral_kidney_tumor_3186.jpg,Tumor,1
train,dataset\Hyperspectral_tumor_images\Hyperspectral_kidney_tumor_0108.jpg,Tumor,1
train,dataset\Hyperspectral_normal_images\Hyperspectral_kidney_normal_0338.jpg,Normal,0
train,dataset\Hyperspectral_tumor_images\Hyperspectral_kidney_tumor_4866.jpg,Tumor,1
train,dataset\Hyperspectral_tumor_images\Hyperspectral_kidney_tumor_0900.jpg,Tumor,1
train,dataset\Hyperspectral_normal_images\Hyperspectral_kidney_normal_1299.jpg,Normal,0
train,dataset\Hyperspectral_normal_images\Hyperspectral_kidney_normal_1334.jpg,Normal,0
train,dataset\Hyperspectral_tumor_images\Hyperspectral_kidney_tumor_2788.jpg,Tumor,1
train,dataset\Hyperspectral_tumor_images\Hyperspectral_kidney_tumor_2922.jpg,Tumor,1
train,dataset\Hyperspectral_normal_images\Hyperspectral_kidney_normal_2980.jpg,Normal,0
train,dataset\Hyperspectral_tumor_images\Hyperspectral_kidney_tumor_2233.jpg,Tumor,1
train,dataset\Hyperspectral_normal_images\Hyperspectral_kidney_normal_1237.jpg,Normal,0
train,dataset\Hyperspectral_normal_images\Hyperspectral_kidney_normal_2836.jpg,Normal,0
train,dataset\Hyperspectral_tumor_images\Hyperspectral_kidney_tumor_0264.jpg,Tumor,1
train,dataset\Hyperspectral_tumor_images\Hyperspectral_kidney_tumor_0186.jpg,Tumor,1
train,dataset\Hyperspectral_normal_images\Hyperspectral_kidney_normal_0704.jpg,Normal,0
train,dataset\Hyperspectral_normal_images\Hyperspectral_kidney_normal_3393.jpg,Normal,0
train,dataset\Hyperspectral_normal_images\Hyperspectral_kidney_normal_0147.jpg,Normal,0
train,dataset\Hyperspectral_tumor_images\Hyperspectral_kidney_tumor_4273.jpg,Tumor,1
train,dataset\Hyperspectral_normal_images\Hyperspectral_kidney_normal_0023.jpg,Normal,0
train,dataset\Hyperspectral_normal_images\Hyperspectral_kidney_normal_0492.jpg,Normal,0
train,dataset\Hyperspectral_tumor_images\Hyperspectral_kidney_tumor_0666.jpg,Tumor,1
train,dataset\Hyperspectral_tumor_images\Hyperspectral_kidney_tumor_0681.jpg,Tumor,1
train,dataset\Hyperspectral_tumor_images\Hyperspectral_kidney_tumor_2414.jpg,Tumor,1
train,dataset\Hyperspectral_tumor_images\Hyperspectral_kidney_tumor_3663.jpg,Tumor,1
train,dataset\Hyperspectral_normal_images\Hyperspectral_kidney_normal_3665.jpg,Normal,0
train,dataset\Hyperspectral_tumor_images\Hyperspectral_kidney_tumor_3984.jpg,Tumor,1
train,dataset\Hyperspectral_normal_images\Hyperspectral_kidney_normal_4532.jpg,Normal,0
train,dataset\Hyperspectral_normal_images\Hyperspectral_kidney_normal_0836.jpg,Normal,0
train,dataset\Hyperspectral_normal_images\Hyperspectral_kidney_normal_2669.jpg,Normal,0
train,dataset\Hyperspectral_normal_images\Hyperspectral_kidney_normal_3712.jpg,Normal,0
train,dataset\Hyperspectral_normal_images\Hyperspectral_kidney_normal_1250.jpg,Normal,0
train,dataset\Hyperspectral_normal_images\Hyperspectral_kidney_normal_0455.jpg,Normal,0
train,dataset\Hyperspectral_normal_images\Hyperspectral_kidney_normal_1838.jpg,Normal,0
train,dataset\Hyperspectral_tumor_images\Hyperspectral_kidney_tumor_2106.jpg,Tumor,1
train,dataset\Hyperspectral_normal_images\Hyperspectral_kidney_normal_1985.jpg,Normal,0
train,dataset\Hyperspectral_tumor_images\Hyperspectral_kidney_tumor_0945.jpg,Tumor,1
train,dataset\Hyperspectral_normal_images\Hyperspectral_kidney_normal_0463.jpg,Normal,0
train,dataset\Hyperspectral_tumor_images\Hyperspectral_kidney_tumor_3501.jpg,Tumor,1
train,dataset\Hyperspectral_normal_images\Hyperspectral_kidney_normal_4251.jpg,Normal,0
train,dataset\Hyperspectral_tumor_images\Hyperspectral_kidney_tumor_3929.jpg,Tumor,1
train,dataset\Hyperspectral_tumor_images\Hyperspectral_kidney_tumor_0261.jpg,Tumor,1
train,dataset\Hyperspectral_tumor_images\Hyperspectral_kidney_tumor_0011.jpg,Tumor,1
train,dataset\Hyperspectral_normal_images\Hyperspectral_kidney_normal_2753.jpg,Normal,0
train,dataset\Hyperspectral_tumor_images\Hyperspectral_kidney_tumor_1976.jpg,Tumor,1
train,dataset\Hyperspectral_tumor_images\Hyperspectral_kidney_tumor_1722.jpg,Tumor,1
train,dataset\Hyperspectral_normal_images\Hyperspectral_kidney_normal_4377.jpg,Normal,0
train,dataset\Hyperspectral_normal_images\Hyperspectral_kidney_normal_0981.jpg,Normal,0
train,dataset\Hyperspectral_normal_images\Hyperspectral_kidney_normal_2674.jpg,Normal,0
train,dataset\Hyperspectral_tumor_images\Hyperspectral_kidney_tumor_4714.jpg,Tumor,1
train,dataset\Hyperspectral_normal_images\Hyperspectral_kidney_normal_0931.jpg,Normal,0
train,dataset\Hyperspectral_normal_images\Hyperspectral_kidney_normal_2419.jpg,Normal,0
train,dataset\Hyperspectral_normal_images\Hyperspectral_kidney_normal_2627.jpg,Normal,0
train,dataset\Hyperspectral_tumor_images\Hyperspectral_kidney_tumor_0438.jpg,Tumor,1
train,dataset\Hyperspectral_tumor_images\Hyperspectral_kidney_tumor_4930.jpg,Tumor,1
train,dataset\Hyperspectral_tumor_images\Hyperspectral_kidney_tumor_3023.jpg,Tumor,1
train,dataset\Hyperspectral_normal_images\Hyperspectral_kidney_normal_1620.jpg,Normal,0
train,dataset\Hyperspectral_tumor_images\Hyperspectral_kidney_tumor_4681.jpg,Tumor,1
train,dataset\Hyperspectral_tumor_images\Hyperspectral_kidney_tumor_3222.jpg,Tumor,1
train,dataset\Hyperspectral_tumor_images\Hyperspectral_kidney_tumor_0921.jpg,Tumor,1
train,dataset\Hyperspectral_tumor_images\Hyperspectral_kidney_tumor_4995.jpg,Tumor,1
train,dataset\Hyperspectral_normal_images\Hyperspectral_kidney_normal_4027.jpg,Normal,0
train,dataset\Hyperspectral_normal_images\Hyperspectral_kidney_normal_2227.jpg,Normal,0
train,dataset\Hyperspectral_normal_images\Hyperspectral_kidney_normal_2357.jpg,Normal,0
train,dataset\Hyperspectral_normal_images\Hyperspectral_kidney_normal_0276.jpg,Normal,0
train,dataset\Hyperspectral_normal_images\Hyperspectral_kidney_normal_3147.jpg,Normal,0
train,dataset\Hyperspectral_tumor_images\Hyperspectral_kidney_tumor_0363.jpg,Tumor,1
train,dataset\Hyperspectral_tumor_images\Hyperspectral_kidney_tumor_3471.jpg,Tumor,1
train,dataset\Hyperspectral_normal_images\Hyperspectral_kidney_normal_1915.jpg,Normal,0
train,dataset\Hyperspectral_normal_images\Hyperspectral_kidney_normal_2923.jpg,Normal,0
train,dataset\Hyperspectral_normal_images\Hyperspectral_kidney_normal_2936.jpg,Normal,0
train,dataset\Hyperspectral_tumor_images\Hyperspectral_kidney_tumor_1200.jpg,Tumor,1
train,dataset\Hyperspectral_tumor_images\Hyperspectral_kidney_tumor_2533.jpg,Tumor,1
train,dataset\Hyperspectral_normal_images\Hyperspectral_kidney_normal_1147.jpg,Normal,0
train,dataset\Hyperspectral_normal_images\Hyperspectral_kidney_normal_4696.jpg,Normal,0
train,dataset\Hyperspectral_tumor_images\Hyperspectral_kidney_tumor_4048.jpg,Tumor,1
train,dataset\Hyperspectral_normal_images\Hyperspectral_kidney_normal_0787.jpg,Normal,0
train,dataset\Hyperspectral_tumor_images\Hyperspectral_kidney_tumor_3673.jpg,Tumor,1
train,dataset\Hyperspectral_tumor_images\Hyperspectral_kidney_tumor_2822.jpg,Tumor,1
train,dataset\Hyperspectral_tumor_images\Hyperspectral_kidney_tumor_2216.jpg,Tumor,1
train,dataset\Hyperspectral_tumor_images\Hyperspectral_kidney_tumor_3051.jpg,Tumor,1
train,dataset\Hyperspectral_normal_images\Hyperspectral_kidney_normal_4479.jpg,Normal,0
train,dataset\Hyperspectral_tumor_images\Hyperspectral_kidney_tumor_1597.jpg,Tumor,1
train,dataset\Hyperspectral_tumor_images\Hyperspectral_kidney_tumor_4378.jpg,Tumor,1
train,dataset\Hyperspectral_normal_images\Hyperspectral_kidney_normal_2735.jpg,Normal,0
train,dataset\Hyperspectral_tumor_images\Hyperspectral_kidney_tumor_4797.jpg,Tumor,1
train,dataset\Hyperspectral_tumor_images\Hyperspectral_kidney_tumor_4600.jpg,Tumor,1
train,dataset\Hyperspectral_tumor_images\Hyperspectral_kidney_tumor_2636.jpg,Tumor,1
train,dataset\Hyperspectral_normal_images\Hyperspectral_kidney_normal_0612.jpg,Normal,0
train,dataset\Hyperspectral_normal_images\Hyperspectral_kidney_normal_0786.jpg,Normal,0
train,dataset\Hyperspectral_normal_images\Hyperspectral_kidney_normal_2074.jpg,Normal,0
train,dataset\Hyperspectral_normal_images\Hyperspectral_kidney_normal_2831.jpg,Normal,0
train,dataset\Hyperspectral_normal_images\Hyperspectral_kidney_normal_1279.jpg,Normal,0
train,dataset\Hyperspectral_normal_images\Hyperspectral_kidney_normal_4709.jpg,Normal,0
train,dataset\Hyperspectral_normal_images\Hyperspectral_kidney_normal_0805.jpg,Normal,0
train,dataset\Hyperspectral_normal_images\Hyperspectral_kidney_normal_3148.jpg,Normal,0
train,dataset\Hyperspectral_normal_images\Hyperspectral_kidney_normal_1263.jpg,Normal,0
train,dataset\Hyperspectral_tumor_images\Hyperspectral_kidney_tumor_2832.jpg,Tumor,1
train,dataset\Hyperspectral_tumor_images\Hyperspectral_kidney_tumor_4990.jpg,Tumor,1
train,dataset\Hyperspectral_tumor_images\Hyperspectral_kidney_tumor_2346.jpg,Tumor,1
train,dataset\Hyperspectral_tumor_images\Hyperspectral_kidney_tumor_4158.jpg,Tumor,1
train,dataset\Hyperspectral_normal_images\Hyperspectral_kidney_normal_3248.jpg,Normal,0
train,dataset\Hyperspectral_normal_images\Hyperspectral_kidney_normal_0414.jpg,Normal,0
train,dataset\Hyperspectral_normal_images\Hyperspectral_kidney_normal_0393.jpg,Normal,0
train,dataset\Hyperspectral_normal_images\Hyperspectral_kidney_normal_2496.jpg,Normal,0
train,dataset\Hyperspectral_tumor_images\Hyperspectral_kidney_tumor_0651.jpg,Tumor,1
train,dataset\Hyperspectral_tumor_images\Hyperspectral_kidney_tumor_3866.jpg,Tumor,1
train,dataset\Hyperspectral_normal_images\Hyperspectral_kidney_normal_2533.jpg,Normal,0
train,dataset\Hyperspectral_tumor_images\Hyperspectral_kidney_tumor_4154.jpg,Tumor,1
train,dataset\Hyperspectral_normal_images\Hyperspectral_kidney_normal_3079.jpg,Normal,0
train,dataset\Hyperspectral_tumor_images\Hyperspectral_kidney_tumor_1520.jpg,Tumor,1
train,dataset\Hyperspectral_tumor_images\Hyperspectral_kidney_tumor_0458.jpg,Tumor,1
train,dataset\Hyperspectral_normal_images\Hyperspectral_kidney_normal_4557.jpg,Normal,0
train,dataset\Hyperspectral_tumor_images\Hyperspectral_kidney_tumor_1063.jpg,Tumor,1
train,dataset\Hyperspectral_normal_images\Hyperspectral_kidney_normal_4933.jpg,Normal,0
train,dataset\Hyperspectral_normal_images\Hyperspectral_kidney_normal_4002.jpg,Normal,0
train,dataset\Hyperspectral_normal_images\Hyperspectral_kidney_normal_2475.jpg,Normal,0
train,dataset\Hyperspectral_normal_images\Hyperspectral_kidney_normal_0753.jpg,Normal,0
train,dataset\Hyperspectral_normal_images\Hyperspectral_kidney_normal_3259.jpg,Normal,0
train,dataset\Hyperspectral_tumor_images\Hyperspectral_kidney_tumor_4225.jpg,Tumor,1
train,dataset\Hyperspectral_tumor_images\Hyperspectral_kidney_tumor_2397.jpg,Tumor,1
train,dataset\Hyperspectral_normal_images\Hyperspectral_kidney_normal_4794.jpg,Normal,0
train,dataset\Hyperspectral_normal_images\Hyperspectral_kidney_normal_2274.jpg,Normal,0
train,dataset\Hyperspectral_normal_images\Hyperspectral_kidney_normal_2311.jpg,Normal,0
train,dataset\Hyperspectral_tumor_images\Hyperspectral_kidney_tumor_2731.jpg,Tumor,1
train,dataset\Hyperspectral_normal_images\Hyperspectral_kidney_normal_0457.jpg,Normal,0
train,dataset\Hyperspectral_normal_images\Hyperspectral_kidney_normal_2933.jpg,Normal,0
train,dataset\Hyperspectral_tumor_images\Hyperspectral_kidney_tumor_1354.jpg,Tumor,1
train,dataset\Hyperspectral_normal_images\Hyperspectral_kidney_normal_3969.jpg,Normal,0
train,dataset\Hyperspectral_tumor_images\Hyperspectral_kidney_tumor_0773.jpg,Tumor,1
train,dataset\Hyperspectral_tumor_images\Hyperspectral_kidney_tumor_0786.jpg,Tumor,1
train,dataset\Hyperspectral_tumor_images\Hyperspectral_kidney_tumor_1135.jpg,Tumor,1
train,dataset\Hyperspectral_tumor_images\Hyperspectral_kidney_tumor_1105.jpg,Tumor,1
train,dataset\Hyperspectral_normal_images\Hyperspectral_kidney_normal_4301.jpg,Normal,0
train,dataset\Hyperspectral_normal_images\Hyperspectral_kidney_normal_1016.jpg,Normal,0
train,dataset\Hyperspectral_tumor_images\Hyperspectral_kidney_tumor_1323.jpg,Tumor,1
train,dataset\Hyperspectral_tumor_images\Hyperspectral_kidney_tumor_0030.jpg,Tumor,1
train,dataset\Hyperspectral_normal_images\Hyperspectral_kidney_normal_3780.jpg,Normal,0
train,dataset\Hyperspectral_tumor_images\Hyperspectral_kidney_tumor_4593.jpg,Tumor,1
train,dataset\Hyperspectral_tumor_images\Hyperspectral_kidney_tumor_2969.jpg,Tumor,1
train,dataset\Hyperspectral_tumor_images\Hyperspectral_kidney_tumor_4674.jpg,Tumor,1
train,dataset\Hyperspectral_normal_images\Hyperspectral_kidney_normal_4477.jpg,Normal,0
train,dataset\Hyperspectral_tumor_images\Hyperspectral_kidney_tumor_2654.jpg,Tumor,1
train,dataset\Hyperspectral_tumor_images\Hyperspectral_kidney_tumor_4360.jpg,Tumor,1
train,dataset\Hyperspectral_normal_images\Hyperspectral_kidney_normal_4902.jpg,Normal,0
train,dataset\Hyperspectral_tumor_images\Hyperspectral_kidney_tumor_2948.jpg,Tumor,1
train,dataset\Hyperspectral_normal_images\Hyperspectral_kidney_normal_4876.jpg,Normal,0
train,dataset\Hyperspectral_tumor_images\Hyperspectral_kidney_tumor_1902.jpg,Tumor,1
train,dataset\Hyperspectral_tumor_images\Hyperspectral_kidney_tumor_3102.jpg,Tumor,1
train,dataset\Hyperspectral_normal_images\Hyperspectral_kidney_normal_2230.jpg,Normal,0
train,dataset\Hyperspectral_normal_images\Hyperspectral_kidney_normal_0822.jpg,Normal,0
train,dataset\Hyperspectral_tumor_images\Hyperspectral_kidney_tumor_1796.jpg,Tumor,1
train,dataset\Hyperspectral_tumor_images\Hyperspectral_kidney_tumor_1030.jpg,Tumor,1
train,dataset\Hyperspectral_normal_images\Hyperspectral_kidney_normal_3788.jpg,Normal,0
train,dataset\Hyperspectral_tumor_images\Hyperspectral_kidney_tumor_1033.jpg,Tumor,1
train,dataset\Hyperspectral_normal_images\Hyperspectral_kidney_normal_4530.jpg,Normal,0
train,dataset\Hyperspectral_tumor_images\Hyperspectral_kidney_tumor_4179.jpg,Tumor,1
train,dataset\Hyperspectral_tumor_images\Hyperspectral_kidney_tumor_1012.jpg,Tumor,1
train,dataset\Hyperspectral_normal_images\Hyperspectral_kidney_normal_0257.jpg,Normal,0
train,dataset\Hyperspectral_tumor_images\Hyperspectral_kidney_tumor_3504.jpg,Tumor,1
train,dataset\Hyperspectral_normal_images\Hyperspectral_kidney_normal_3565.jpg,Normal,0
train,dataset\Hyperspectral_tumor_images\Hyperspectral_kidney_tumor_3184.jpg,Tumor,1
train,dataset\Hyperspectral_tumor_images\Hyperspectral_kidney_tumor_3787.jpg,Tumor,1
train,dataset\Hyperspectral_normal_images\Hyperspectral_kidney_normal_2716.jpg,Normal,0
train,dataset\Hyperspectral_tumor_images\Hyperspectral_kidney_tumor_1069.jpg,Tumor,1
train,dataset\Hyperspectral_normal_images\Hyperspectral_kidney_normal_2422.jpg,Normal,0
train,dataset\Hyperspectral_normal_images\Hyperspectral_kidney_normal_3964.jpg,Normal,0
train,dataset\Hyperspectral_tumor_images\Hyperspectral_kidney_tumor_0178.jpg,Tumor,1
train,dataset\Hyperspectral_normal_images\Hyperspectral_kidney_normal_1189.jpg,Normal,0
train,dataset\Hyperspectral_tumor_images\Hyperspectral_kidney_tumor_3344.jpg,Tumor,1
train,dataset\Hyperspectral_normal_images\Hyperspectral_kidney_normal_0922.jpg,Normal,0
train,dataset\Hyperspectral_tumor_images\Hyperspectral_kidney_tumor_4869.jpg,Tumor,1
train,dataset\Hyperspectral_normal_images\Hyperspectral_kidney_normal_2565.jpg,Normal,0
train,dataset\Hyperspectral_tumor_images\Hyperspectral_kidney_tumor_4289.jpg,Tumor,1
train,dataset\Hyperspectral_normal_images\Hyperspectral_kidney_normal_3219.jpg,Normal,0
train,dataset\Hyperspectral_normal_images\Hyperspectral_kidney_normal_4748.jpg,Normal,0
train,dataset\Hyperspectral_tumor_images\Hyperspectral_kidney_tumor_0081.jpg,Tumor,1
train,dataset\Hyperspectral_tumor_images\Hyperspectral_kidney_tumor_3448.jpg,Tumor,1
train,dataset\Hyperspectral_tumor_images\Hyperspectral_kidney_tumor_1700.jpg,Tumor,1
train,dataset\Hyperspectral_tumor_images\Hyperspectral_kidney_tumor_4963.jpg,Tumor,1
train,dataset\Hyperspectral_tumor_images\Hyperspectral_kidney_tumor_2199.jpg,Tumor,1
train,dataset\Hyperspectral_normal_images\Hyperspectral_kidney_normal_0479.jpg,Normal,0
train,dataset\Hyperspectral_tumor_images\Hyperspectral_kidney_tumor_1734.jpg,Tumor,1
train,dataset\Hyperspectral_normal_images\Hyperspectral_kidney_normal_0616.jpg,Normal,0
train,dataset\Hyperspectral_normal_images\Hyperspectral_kidney_normal_2469.jpg,Normal,0
train,dataset\Hyperspectral_tumor_images\Hyperspectral_kidney_tumor_4438.jpg,Tumor,1
train,dataset\Hyperspectral_normal_images\Hyperspectral_kidney_normal_0680.jpg,Normal,0
train,dataset\Hyperspectral_tumor_images\Hyperspectral_kidney_tumor_1393.jpg,Tumor,1
train,dataset\Hyperspectral_tumor_images\Hyperspectral_kidney_tumor_2965.jpg,Tumor,1
train,dataset\Hyperspectral_normal_images\Hyperspectral_kidney_normal_2284.jpg,Normal,0
train,dataset\Hyperspectral_normal_images\Hyperspectral_kidney_normal_4011.jpg,Normal,0
train,dataset\Hyperspectral_normal_images\Hyperspectral_kidney_normal_1787.jpg,Normal,0
train,dataset\Hyperspectral_normal_images\Hyperspectral_kidney_normal_2730.jpg,Normal,0
train,dataset\Hyperspectral_normal_images\Hyperspectral_kidney_normal_3784.jpg,Normal,0
train,dataset\Hyperspectral_normal_images\Hyperspectral_kidney_normal_4460.jpg,Normal,0
train,dataset\Hyperspectral_normal_images\Hyperspectral_kidney_normal_3310.jpg,Normal,0
train,dataset\Hyperspectral_normal_images\Hyperspectral_kidney_normal_3662.jpg,Normal,0
train,dataset\Hyperspectral_normal_images\Hyperspectral_kidney_normal_4061.jpg,Normal,0
train,dataset\Hyperspectral_tumor_images\Hyperspectral_kidney_tumor_4097.jpg,Tumor,1
train,dataset\Hyperspectral_normal_images\Hyperspectral_kidney_normal_3081.jpg,Normal,0
train,dataset\Hyperspectral_normal_images\Hyperspectral_kidney_normal_1893.jpg,Normal,0
train,dataset\Hyperspectral_normal_images\Hyperspectral_kidney_normal_1959.jpg,Normal,0
train,dataset\Hyperspectral_normal_images\Hyperspectral_kidney_normal_3766.jpg,Normal,0
train,dataset\Hyperspectral_normal_images\Hyperspectral_kidney_normal_1781.jpg,Normal,0
train,dataset\Hyperspectral_tumor_images\Hyperspectral_kidney_tumor_4357.jpg,Tumor,1
train,dataset\Hyperspectral_normal_images\Hyperspectral_kidney_normal_4156.jpg,Normal,0
train,dataset\Hyperspectral_normal_images\Hyperspectral_kidney_normal_3660.jpg,Normal,0
train,dataset\Hyperspectral_tumor_images\Hyperspectral_kidney_tumor_2729.jpg,Tumor,1
train,dataset\Hyperspectral_normal_images\Hyperspectral_kidney_normal_1270.jpg,Normal,0
train,dataset\Hyperspectral_normal_images\Hyperspectral_kidney_normal_3847.jpg,Normal,0
train,dataset\Hyperspectral_tumor_images\Hyperspectral_kidney_tumor_2608.jpg,Tumor,1
train,dataset\Hyperspectral_tumor_images\Hyperspectral_kidney_tumor_2089.jpg,Tumor,1
train,dataset\Hyperspectral_normal_images\Hyperspectral_kidney_normal_2739.jpg,Normal,0
train,dataset\Hyperspectral_tumor_images\Hyperspectral_kidney_tumor_1003.jpg,Tumor,1
train,dataset\Hyperspectral_tumor_images\Hyperspectral_kidney_tumor_1438.jpg,Tumor,1
train,dataset\Hyperspectral_normal_images\Hyperspectral_kidney_normal_0868.jpg,Normal,0
train,dataset\Hyperspectral_normal_images\Hyperspectral_kidney_normal_3636.jpg,Normal,0
train,dataset\Hyperspectral_tumor_images\Hyperspectral_kidney_tumor_2866.jpg,Tumor,1
train,dataset\Hyperspectral_tumor_images\Hyperspectral_kidney_tumor_2601.jpg,Tumor,1
train,dataset\Hyperspectral_normal_images\Hyperspectral_kidney_normal_1774.jpg,Normal,0
train,dataset\Hyperspectral_tumor_images\Hyperspectral_kidney_tumor_2426.jpg,Tumor,1
train,dataset\Hyperspectral_normal_images\Hyperspectral_kidney_normal_0449.jpg,Normal,0
train,dataset\Hyperspectral_tumor_images\Hyperspectral_kidney_tumor_1763.jpg,Tumor,1
train,dataset\Hyperspectral_tumor_images\Hyperspectral_kidney_tumor_4007.jpg,Tumor,1
train,dataset\Hyperspectral_tumor_images\Hyperspectral_kidney_tumor_0809.jpg,Tumor,1
train,dataset\Hyperspectral_tumor_images\Hyperspectral_kidney_tumor_3827.jpg,Tumor,1
train,dataset\Hyperspectral_tumor_images\Hyperspectral_kidney_tumor_3257.jpg,Tumor,1
train,dataset\Hyperspectral_normal_images\Hyperspectral_kidney_normal_0586.jpg,Normal,0
train,dataset\Hyperspectral_tumor_images\Hyperspectral_kidney_tumor_2179.jpg,Tumor,1
train,dataset\Hyperspectral_tumor_images\Hyperspectral_kidney_tumor_3702.jpg,Tumor,1
train,dataset\Hyperspectral_normal_images\Hyperspectral_kidney_normal_0970.jpg,Normal,0
train,dataset\Hyperspectral_normal_images\Hyperspectral_kidney_normal_1926.jpg,Normal,0
train,dataset\Hyperspectral_normal_images\Hyperspectral_kidney_normal_4550.jpg,Normal,0
train,dataset\Hyperspectral_normal_images\Hyperspectral_kidney_normal_3940.jpg,Normal,0
train,dataset\Hyperspectral_normal_images\Hyperspectral_kidney_normal_1350.jpg,Normal,0
train,dataset\Hyperspectral_tumor_images\Hyperspectral_kidney_tumor_4181.jpg,Tumor,1
train,dataset\Hyperspectral_tumor_images\Hyperspectral_kidney_tumor_3801.jpg,Tumor,1
train,dataset\Hyperspectral_tumor_images\Hyperspectral_kidney_tumor_4510.jpg,Tumor,1
train,dataset\Hyperspectral_normal_images\Hyperspectral_kidney_normal_3071.jpg,Normal,0
train,dataset\Hyperspectral_tumor_images\Hyperspectral_kidney_tumor_0813.jpg,Tumor,1
train,dataset\Hyperspectral_tumor_images\Hyperspectral_kidney_tumor_0912.jpg,Tumor,1
train,dataset\Hyperspectral_normal_images\Hyperspectral_kidney_normal_3046.jpg,Normal,0
train,dataset\Hyperspectral_normal_images\Hyperspectral_kidney_normal_1923.jpg,Normal,0
train,dataset\Hyperspectral_normal_images\Hyperspectral_kidney_normal_3122.jpg,Normal,0
train,dataset\Hyperspectral_tumor_images\Hyperspectral_kidney_tumor_3058.jpg,Tumor,1
train,dataset\Hyperspectral_normal_images\Hyperspectral_kidney_normal_3076.jpg,Normal,0
train,dataset\Hyperspectral_tumor_images\Hyperspectral_kidney_tumor_1162.jpg,Tumor,1
train,dataset\Hyperspectral_tumor_images\Hyperspectral_kidney_tumor_3830.jpg,Tumor,1
train,dataset\Hyperspectral_normal_images\Hyperspectral_kidney_normal_1723.jpg,Normal,0
train,dataset\Hyperspectral_tumor_images\Hyperspectral_kidney_tumor_0775.jpg,Tumor,1
train,dataset\Hyperspectral_normal_images\Hyperspectral_kidney_normal_2994.jpg,Normal,0
train,dataset\Hyperspectral_normal_images\Hyperspectral_kidney_normal_1069.jpg,Normal,0
train,dataset\Hyperspectral_tumor_images\Hyperspectral_kidney_tumor_2669.jpg,Tumor,1
train,dataset\Hyperspectral_tumor_images\Hyperspectral_kidney_tumor_4291.jpg,Tumor,1
train,dataset\Hyperspectral_tumor_images\Hyperspectral_kidney_tumor_4417.jpg,Tumor,1
train,dataset\Hyperspectral_tumor_images\Hyperspectral_kidney_tumor_1583.jpg,Tumor,1
train,dataset\Hyperspectral_normal_images\Hyperspectral_kidney_normal_4829.jpg,Normal,0
train,dataset\Hyperspectral_normal_images\Hyperspectral_kidney_normal_3843.jpg,Normal,0
train,dataset\Hyperspectral_normal_images\Hyperspectral_kidney_normal_3825.jpg,Normal,0
train,dataset\Hyperspectral_tumor_images\Hyperspectral_kidney_tumor_4751.jpg,Tumor,1
train,dataset\Hyperspectral_tumor_images\Hyperspectral_kidney_tumor_0903.jpg,Tumor,1
train,dataset\Hyperspectral_normal_images\Hyperspectral_kidney_normal_2782.jpg,Normal,0
train,dataset\Hyperspectral_normal_images\Hyperspectral_kidney_normal_1011.jpg,Normal,0
train,dataset\Hyperspectral_normal_images\Hyperspectral_kidney_normal_0141.jpg,Normal,0
train,dataset\Hyperspectral_normal_images\Hyperspectral_kidney_normal_0997.jpg,Normal,0
train,dataset\Hyperspectral_tumor_images\Hyperspectral_kidney_tumor_4944.jpg,Tumor,1
train,dataset\Hyperspectral_tumor_images\Hyperspectral_kidney_tumor_4543.jpg,Tumor,1
train,dataset\Hyperspectral_tumor_images\Hyperspectral_kidney_tumor_0145.jpg,Tumor,1
train,dataset\Hyperspectral_normal_images\Hyperspectral_kidney_normal_4924.jpg,Normal,0
train,dataset\Hyperspectral_normal_images\Hyperspectral_kidney_normal_4392.jpg,Normal,0
train,dataset\Hyperspectral_tumor_images\Hyperspectral_kidney_tumor_1098.jpg,Tumor,1
train,dataset\Hyperspectral_normal_images\Hyperspectral_kidney_normal_0727.jpg,Normal,0
train,dataset\Hyperspectral_normal_images\Hyperspectral_kidney_normal_0856.jpg,Normal,0
train,dataset\Hyperspectral_tumor_images\Hyperspectral_kidney_tumor_1408.jpg,Tumor,1
train,dataset\Hyperspectral_tumor_images\Hyperspectral_kidney_tumor_4989.jpg,Tumor,1
train,dataset\Hyperspectral_tumor_images\Hyperspectral_kidney_tumor_3265.jpg,Tumor,1
train,dataset\Hyperspectral_tumor_images\Hyperspectral_kidney_tumor_2600.jpg,Tumor,1
train,dataset\Hyperspectral_tumor_images\Hyperspectral_kidney_tumor_0279.jpg,Tumor,1
train,dataset\Hyperspectral_normal_images\Hyperspectral_kidney_normal_3907.jpg,Normal,0
train,dataset\Hyperspectral_normal_images\Hyperspectral_kidney_normal_4795.jpg,Normal,0
train,dataset\Hyperspectral_normal_images\Hyperspectral_kidney_normal_2846.jpg,Normal,0
train,dataset\Hyperspectral_normal_images\Hyperspectral_kidney_normal_2417.jpg,Normal,0
train,dataset\Hyperspectral_normal_images\Hyperspectral_kidney_normal_2216.jpg,Normal,0
train,dataset\Hyperspectral_tumor_images\Hyperspectral_kidney_tumor_2450.jpg,Tumor,1
train,dataset\Hyperspectral_normal_images\Hyperspectral_kidney_normal_2251.jpg,Normal,0
train,dataset\Hyperspectral_tumor_images\Hyperspectral_kidney_tumor_4144.jpg,Tumor,1
train,dataset\Hyperspectral_normal_images\Hyperspectral_kidney_normal_1434.jpg,Normal,0
train,dataset\Hyperspectral_normal_images\Hyperspectral_kidney_normal_0375.jpg,Normal,0
train,dataset\Hyperspectral_normal_images\Hyperspectral_kidney_normal_2962.jpg,Normal,0
train,dataset\Hyperspectral_normal_images\Hyperspectral_kidney_normal_3381.jpg,Normal,0
train,dataset\Hyperspectral_tumor_images\Hyperspectral_kidney_tumor_4172.jpg,Tumor,1
train,dataset\Hyperspectral_normal_images\Hyperspectral_kidney_normal_4287.jpg,Normal,0
train,dataset\Hyperspectral_normal_images\Hyperspectral_kidney_normal_2425.jpg,Normal,0
train,dataset\Hyperspectral_tumor_images\Hyperspectral_kidney_tumor_0882.jpg,Tumor,1
train,dataset\Hyperspectral_normal_images\Hyperspectral_kidney_normal_2582.jpg,Normal,0
train,dataset\Hyperspectral_normal_images\Hyperspectral_kidney_normal_0627.jpg,Normal,0
train,dataset\Hyperspectral_normal_images\Hyperspectral_kidney_normal_4119.jpg,Normal,0
train,dataset\Hyperspectral_tumor_images\Hyperspectral_kidney_tumor_2816.jpg,Tumor,1
train,dataset\Hyperspectral_tumor_images\Hyperspectral_kidney_tumor_1294.jpg,Tumor,1
train,dataset\Hyperspectral_normal_images\Hyperspectral_kidney_normal_4165.jpg,Normal,0
train,dataset\Hyperspectral_tumor_images\Hyperspectral_kidney_tumor_2098.jpg,Tumor,1
train,dataset\Hyperspectral_tumor_images\Hyperspectral_kidney_tumor_0629.jpg,Tumor,1
train,dataset\Hyperspectral_tumor_images\Hyperspectral_kidney_tumor_0326.jpg,Tumor,1
train,dataset\Hyperspectral_normal_images\Hyperspectral_kidney_normal_3861.jpg,Normal,0
train,dataset\Hyperspectral_normal_images\Hyperspectral_kidney_normal_0410.jpg,Normal,0
train,dataset\Hyperspectral_tumor_images\Hyperspectral_kidney_tumor_4575.jpg,Tumor,1
train,dataset\Hyperspectral_tumor_images\Hyperspectral_kidney_tumor_3048.jpg,Tumor,1
train,dataset\Hyperspectral_normal_images\Hyperspectral_kidney_normal_1079.jpg,Normal,0
train,dataset\Hyperspectral_normal_images\Hyperspectral_kidney_normal_1397.jpg,Normal,0
train,dataset\Hyperspectral_tumor_images\Hyperspectral_kidney_tumor_2747.jpg,Tumor,1
train,dataset\Hyperspectral_tumor_images\Hyperspectral_kidney_tumor_3684.jpg,Tumor,1
train,dataset\Hyperspectral_normal_images\Hyperspectral_kidney_normal_4181.jpg,Normal,0
train,dataset\Hyperspectral_normal_images\Hyperspectral_kidney_normal_0839.jpg,Normal,0
train,dataset\Hyperspectral_tumor_images\Hyperspectral_kidney_tumor_0034.jpg,Tumor,1
train,dataset\Hyperspectral_normal_images\Hyperspectral_kidney_normal_1975.jpg,Normal,0
train,dataset\Hyperspectral_normal_images\Hyperspectral_kidney_normal_2020.jpg,Normal,0
train,dataset\Hyperspectral_tumor_images\Hyperspectral_kidney_tumor_1155.jpg,Tumor,1
train,dataset\Hyperspectral_tumor_images\Hyperspectral_kidney_tumor_1789.jpg,Tumor,1
train,dataset\Hyperspectral_normal_images\Hyperspectral_kidney_normal_3675.jpg,Normal,0
train,dataset\Hyperspectral_normal_images\Hyperspectral_kidney_normal_3314.jpg,Normal,0
train,dataset\Hyperspectral_normal_images\Hyperspectral_kidney_normal_0502.jpg,Normal,0
train,dataset\Hyperspectral_tumor_images\Hyperspectral_kidney_tumor_2188.jpg,Tumor,1
train,dataset\Hyperspectral_normal_images\Hyperspectral_kidney_normal_1315.jpg,Normal,0
train,dataset\Hyperspectral_tumor_images\Hyperspectral_kidney_tumor_3483.jpg,Tumor,1
train,dataset\Hyperspectral_tumor_images\Hyperspectral_kidney_tumor_4443.jpg,Tumor,1
train,dataset\Hyperspectral_tumor_images\Hyperspectral_kidney_tumor_2959.jpg,Tumor,1
train,dataset\Hyperspectral_tumor_images\Hyperspectral_kidney_tumor_0508.jpg,Tumor,1
train,dataset\Hyperspectral_tumor_images\Hyperspectral_kidney_tumor_2621.jpg,Tumor,1
train,dataset\Hyperspectral_normal_images\Hyperspectral_kidney_normal_4653.jpg,Normal,0
train,dataset\Hyperspectral_normal_images\Hyperspectral_kidney_normal_2517.jpg,Normal,0
train,dataset\Hyperspectral_normal_images\Hyperspectral_kidney_normal_1313.jpg,Normal,0
train,dataset\Hyperspectral_normal_images\Hyperspectral_kidney_normal_4010.jpg,Normal,0
train,dataset\Hyperspectral_tumor_images\Hyperspectral_kidney_tumor_2874.jpg,Tumor,1
train,dataset\Hyperspectral_normal_images\Hyperspectral_kidney_normal_2408.jpg,Normal,0
train,dataset\Hyperspectral_tumor_images\Hyperspectral_kidney_tumor_2502.jpg,Tumor,1
train,dataset\Hyperspectral_tumor_images\Hyperspectral_kidney_tumor_2432.jpg,Tumor,1
train,dataset\Hyperspectral_tumor_images\Hyperspectral_kidney_tumor_2955.jpg,Tumor,1
train,dataset\Hyperspectral_normal_images\Hyperspectral_kidney_normal_0277.jpg,Normal,0
train,dataset\Hyperspectral_normal_images\Hyperspectral_kidney_normal_1602.jpg,Normal,0
train,dataset\Hyperspectral_normal_images\Hyperspectral_kidney_normal_1429.jpg,Normal,0
train,dataset\Hyperspectral_normal_images\Hyperspectral_kidney_normal_0360.jpg,Normal,0
train,dataset\Hyperspectral_tumor_images\Hyperspectral_kidney_tumor_1671.jpg,Tumor,1
train,dataset\Hyperspectral_normal_images\Hyperspectral_kidney_normal_4080.jpg,Normal,0
train,dataset\Hyperspectral_normal_images\Hyperspectral_kidney_normal_1689.jpg,Normal,0
train,dataset\Hyperspectral_normal_images\Hyperspectral_kidney_normal_1020.jpg,Normal,0
train,dataset\Hyperspectral_tumor_images\Hyperspectral_kidney_tumor_0152.jpg,Tumor,1
train,dataset\Hyperspectral_normal_images\Hyperspectral_kidney_normal_0747.jpg,Normal,0
train,dataset\Hyperspectral_tumor_images\Hyperspectral_kidney_tumor_1397.jpg,Tumor,1
train,dataset\Hyperspectral_normal_images\Hyperspectral_kidney_normal_2718.jpg,Normal,0
train,dataset\Hyperspectral_tumor_images\Hyperspectral_kidney_tumor_2776.jpg,Tumor,1
train,dataset\Hyperspectral_normal_images\Hyperspectral_kidney_normal_0416.jpg,Normal,0
train,dataset\Hyperspectral_normal_images\Hyperspectral_kidney_normal_1088.jpg,Normal,0
train,dataset\Hyperspectral_tumor_images\Hyperspectral_kidney_tumor_4116.jpg,Tumor,1
train,dataset\Hyperspectral_tumor_images\Hyperspectral_kidney_tumor_4533.jpg,Tumor,1
train,dataset\Hyperspectral_tumor_images\Hyperspectral_kidney_tumor_0888.jpg,Tumor,1
train,dataset\Hyperspectral_tumor_images\Hyperspectral_kidney_tumor_0757.jpg,Tumor,1
train,dataset\Hyperspectral_tumor_images\Hyperspectral_kidney_tumor_2735.jpg,Tumor,1
train,dataset\Hyperspectral_normal_images\Hyperspectral_kidney_normal_2082.jpg,Normal,0
train,dataset\Hyperspectral_normal_images\Hyperspectral_kidney_normal_2638.jpg,Normal,0
train,dataset\Hyperspectral_normal_images\Hyperspectral_kidney_normal_3175.jpg,Normal,0
train,dataset\Hyperspectral_tumor_images\Hyperspectral_kidney_tumor_2516.jpg,Tumor,1
train,dataset\Hyperspectral_normal_images\Hyperspectral_kidney_normal_2091.jpg,Normal,0
train,dataset\Hyperspectral_tumor_images\Hyperspectral_kidney_tumor_3127.jpg,Tumor,1
train,dataset\Hyperspectral_normal_images\Hyperspectral_kidney_normal_0667.jpg,Normal,0
train,dataset\Hyperspectral_normal_images\Hyperspectral_kidney_normal_0731.jpg,Normal,0
train,dataset\Hyperspectral_normal_images\Hyperspectral_kidney_normal_2590.jpg,Normal,0
train,dataset\Hyperspectral_tumor_images\Hyperspectral_kidney_tumor_0024.jpg,Tumor,1
train,dataset\Hyperspectral_tumor_images\Hyperspectral_kidney_tumor_4153.jpg,Tumor,1
train,dataset\Hyperspectral_normal_images\Hyperspectral_kidney_normal_2750.jpg,Normal,0
train,dataset\Hyperspectral_normal_images\Hyperspectral_kidney_normal_4235.jpg,Normal,0
train,dataset\Hyperspectral_tumor_images\Hyperspectral_kidney_tumor_0041.jpg,Tumor,1
train,dataset\Hyperspectral_tumor_images\Hyperspectral_kidney_tumor_3502.jpg,Tumor,1
train,dataset\Hyperspectral_tumor_images\Hyperspectral_kidney_tumor_3105.jpg,Tumor,1
train,dataset\Hyperspectral_tumor_images\Hyperspectral_kidney_tumor_0768.jpg,Tumor,1
train,dataset\Hyperspectral_normal_images\Hyperspectral_kidney_normal_1132.jpg,Normal,0
train,dataset\Hyperspectral_tumor_images\Hyperspectral_kidney_tumor_3941.jpg,Tumor,1
train,dataset\Hyperspectral_normal_images\Hyperspectral_kidney_normal_0033.jpg,Normal,0
train,dataset\Hyperspectral_normal_images\Hyperspectral_kidney_normal_3232.jpg,Normal,0
train,dataset\Hyperspectral_normal_images\Hyperspectral_kidney_normal_2998.jpg,Normal,0
train,dataset\Hyperspectral_normal_images\Hyperspectral_kidney_normal_0247.jpg,Normal,0
train,dataset\Hyperspectral_tumor_images\Hyperspectral_kidney_tumor_3152.jpg,Tumor,1
train,dataset\Hyperspectral_tumor_images\Hyperspectral_kidney_tumor_2053.jpg,Tumor,1
train,dataset\Hyperspectral_tumor_images\Hyperspectral_kidney_tumor_3732.jpg,Tumor,1
train,dataset\Hyperspectral_tumor_images\Hyperspectral_kidney_tumor_1416.jpg,Tumor,1
train,dataset\Hyperspectral_normal_images\Hyperspectral_kidney_normal_0777.jpg,Normal,0
train,dataset\Hyperspectral_normal_images\Hyperspectral_kidney_normal_3854.jpg,Normal,0
train,dataset\Hyperspectral_tumor_images\Hyperspectral_kidney_tumor_0375.jpg,Tumor,1
train,dataset\Hyperspectral_tumor_images\Hyperspectral_kidney_tumor_1882.jpg,Tumor,1
train,dataset\Hyperspectral_normal_images\Hyperspectral_kidney_normal_0165.jpg,Normal,0
train,dataset\Hyperspectral_normal_images\Hyperspectral_kidney_normal_0203.jpg,Normal,0
train,dataset\Hyperspectral_tumor_images\Hyperspectral_kidney_tumor_0974.jpg,Tumor,1
train,dataset\Hyperspectral_tumor_images\Hyperspectral_kidney_tumor_4611.jpg,Tumor,1
train,dataset\Hyperspectral_normal_images\Hyperspectral_kidney_normal_4313.jpg,Normal,0
train,dataset\Hyperspectral_tumor_images\Hyperspectral_kidney_tumor_4115.jpg,Tumor,1
train,dataset\Hyperspectral_tumor_images\Hyperspectral_kidney_tumor_3853.jpg,Tumor,1
train,dataset\Hyperspectral_normal_images\Hyperspectral_kidney_normal_0721.jpg,Normal,0
train,dataset\Hyperspectral_normal_images\Hyperspectral_kidney_normal_3332.jpg,Normal,0
train,dataset\Hyperspectral_normal_images\Hyperspectral_kidney_normal_4102.jpg,Normal,0
train,dataset\Hyperspectral_normal_images\Hyperspectral_kidney_normal_4228.jpg,Normal,0
train,dataset\Hyperspectral_normal_images\Hyperspectral_kidney_normal_4370.jpg,Normal,0
train,dataset\Hyperspectral_tumor_images\Hyperspectral_kidney_tumor_2130.jpg,Tumor,1
train,dataset\Hyperspectral_normal_images\Hyperspectral_kidney_normal_4047.jpg,Normal,0
train,dataset\Hyperspectral_normal_images\Hyperspectral_kidney_normal_0846.jpg,Normal,0
train,dataset\Hyperspectral_normal_images\Hyperspectral_kidney_normal_2555.jpg,Normal,0
train,dataset\Hyperspectral_normal_images\Hyperspectral_kidney_normal_2504.jpg,Normal,0
train,dataset\Hyperspectral_tumor_images\Hyperspectral_kidney_tumor_2555.jpg,Tumor,1
train,dataset\Hyperspectral_tumor_images\Hyperspectral_kidney_tumor_4470.jpg,Tumor,1
train,dataset\Hyperspectral_normal_images\Hyperspectral_kidney_normal_3606.jpg,Normal,0
train,dataset\Hyperspectral_tumor_images\Hyperspectral_kidney_tumor_2676.jpg,Tumor,1
train,dataset\Hyperspectral_normal_images\Hyperspectral_kidney_normal_0164.jpg,Normal,0
train,dataset\Hyperspectral_normal_images\Hyperspectral_kidney_normal_2275.jpg,Normal,0
train,dataset\Hyperspectral_tumor_images\Hyperspectral_kidney_tumor_0898.jpg,Tumor,1
train,dataset\Hyperspectral_normal_images\Hyperspectral_kidney_normal_0251.jpg,Normal,0
train,dataset\Hyperspectral_tumor_images\Hyperspectral_kidney_tumor_0056.jpg,Tumor,1
train,dataset\Hyperspectral_normal_images\Hyperspectral_kidney_normal_2044.jpg,Normal,0
train,dataset\Hyperspectral_normal_images\Hyperspectral_kidney_normal_0124.jpg,Normal,0
train,dataset\Hyperspectral_normal_images\Hyperspectral_kidney_normal_3163.jpg,Normal,0
train,dataset\Hyperspectral_normal_images\Hyperspectral_kidney_normal_0571.jpg,Normal,0
train,dataset\Hyperspectral_normal_images\Hyperspectral_kidney_normal_1475.jpg,Normal,0
train,dataset\Hyperspectral_tumor_images\Hyperspectral_kidney_tumor_1834.jpg,Tumor,1
train,dataset\Hyperspectral_normal_images\Hyperspectral_kidney_normal_2392.jpg,Normal,0
train,dataset\Hyperspectral_tumor_images\Hyperspectral_kidney_tumor_1814.jpg,Tumor,1
train,dataset\Hyperspectral_tumor_images\Hyperspectral_kidney_tumor_4136.jpg,Tumor,1
train,dataset\Hyperspectral_tumor_images\Hyperspectral_kidney_tumor_3258.jpg,Tumor,1
train,dataset\Hyperspectral_normal_images\Hyperspectral_kidney_normal_1731.jpg,Normal,0
train,dataset\Hyperspectral_tumor_images\Hyperspectral_kidney_tumor_2644.jpg,Tumor,1
train,dataset\Hyperspectral_tumor_images\Hyperspectral_kidney_tumor_2168.jpg,Tumor,1
train,dataset\Hyperspectral_normal_images\Hyperspectral_kidney_normal_4883.jpg,Normal,0
train,dataset\Hyperspectral_normal_images\Hyperspectral_kidney_normal_3956.jpg,Normal,0
train,dataset\Hyperspectral_normal_images\Hyperspectral_kidney_normal_4746.jpg,Normal,0
train,dataset\Hyperspectral_tumor_images\Hyperspectral_kidney_tumor_3345.jpg,Tumor,1
train,dataset\Hyperspectral_tumor_images\Hyperspectral_kidney_tumor_1070.jpg,Tumor,1
train,dataset\Hyperspectral_normal_images\Hyperspectral_kidney_normal_0653.jpg,Normal,0
train,dataset\Hyperspectral_tumor_images\Hyperspectral_kidney_tumor_2772.jpg,Tumor,1
train,dataset\Hyperspectral_tumor_images\Hyperspectral_kidney_tumor_3445.jpg,Tumor,1
train,dataset\Hyperspectral_tumor_images\Hyperspectral_kidney_tumor_2436.jpg,Tumor,1
train,dataset\Hyperspectral_normal_images\Hyperspectral_kidney_normal_0515.jpg,Normal,0
train,dataset\Hyperspectral_normal_images\Hyperspectral_kidney_normal_1437.jpg,Normal,0
train,dataset\Hyperspectral_tumor_images\Hyperspectral_kidney_tumor_2057.jpg,Tumor,1
train,dataset\Hyperspectral_normal_images\Hyperspectral_kidney_normal_4487.jpg,Normal,0
train,dataset\Hyperspectral_tumor_images\Hyperspectral_kidney_tumor_4790.jpg,Tumor,1
train,dataset\Hyperspectral_normal_images\Hyperspectral_kidney_normal_3342.jpg,Normal,0
train,dataset\Hyperspectral_normal_images\Hyperspectral_kidney_normal_2338.jpg,Normal,0
train,dataset\Hyperspectral_normal_images\Hyperspectral_kidney_normal_1540.jpg,Normal,0
train,dataset\Hyperspectral_tumor_images\Hyperspectral_kidney_tumor_4578.jpg,Tumor,1
train,dataset\Hyperspectral_normal_images\Hyperspectral_kidney_normal_0737.jpg,Normal,0
train,dataset\Hyperspectral_normal_images\Hyperspectral_kidney_normal_0009.jpg,Normal,0
train,dataset\Hyperspectral_normal_images\Hyperspectral_kidney_normal_3962.jpg,Normal,0
train,dataset\Hyperspectral_normal_images\Hyperspectral_kidney_normal_4853.jpg,Normal,0
train,dataset\Hyperspectral_normal_images\Hyperspectral_kidney_normal_0013.jpg,Normal,0
train,dataset\Hyperspectral_tumor_images\Hyperspectral_kidney_tumor_1530.jpg,Tumor,1
train,dataset\Hyperspectral_tumor_images\Hyperspectral_kidney_tumor_3819.jpg,Tumor,1
train,dataset\Hyperspectral_tumor_images\Hyperspectral_kidney_tumor_3603.jpg,Tumor,1
train,dataset\Hyperspectral_tumor_images\Hyperspectral_kidney_tumor_1705.jpg,Tumor,1
train,dataset\Hyperspectral_normal_images\Hyperspectral_kidney_normal_3270.jpg,Normal,0
train,dataset\Hyperspectral_tumor_images\Hyperspectral_kidney_tumor_1424.jpg,Tumor,1
train,dataset\Hyperspectral_tumor_images\Hyperspectral_kidney_tumor_3672.jpg,Tumor,1
train,dataset\Hyperspectral_tumor_images\Hyperspectral_kidney_tumor_1745.jpg,Tumor,1
train,dataset\Hyperspectral_tumor_images\Hyperspectral_kidney_tumor_4403.jpg,Tumor,1
train,dataset\Hyperspectral_normal_images\Hyperspectral_kidney_normal_0752.jpg,Normal,0
train,dataset\Hyperspectral_normal_images\Hyperspectral_kidney_normal_3026.jpg,Normal,0
train,dataset\Hyperspectral_normal_images\Hyperspectral_kidney_normal_4999.jpg,Normal,0
train,dataset\Hyperspectral_tumor_images\Hyperspectral_kidney_tumor_3733.jpg,Tumor,1
train,dataset\Hyperspectral_normal_images\Hyperspectral_kidney_normal_4737.jpg,Normal,0
train,dataset\Hyperspectral_tumor_images\Hyperspectral_kidney_tumor_1718.jpg,Tumor,1
train,dataset\Hyperspectral_normal_images\Hyperspectral_kidney_normal_1063.jpg,Normal,0
train,dataset\Hyperspectral_tumor_images\Hyperspectral_kidney_tumor_0466.jpg,Tumor,1
train,dataset\Hyperspectral_tumor_images\Hyperspectral_kidney_tumor_4488.jpg,Tumor,1
train,dataset\Hyperspectral_tumor_images\Hyperspectral_kidney_tumor_0526.jpg,Tumor,1
train,dataset\Hyperspectral_tumor_images\Hyperspectral_kidney_tumor_2840.jpg,Tumor,1
train,dataset\Hyperspectral_normal_images\Hyperspectral_kidney_normal_4397.jpg,Normal,0
train,dataset\Hyperspectral_tumor_images\Hyperspectral_kidney_tumor_4658.jpg,Tumor,1
train,dataset\Hyperspectral_tumor_images\Hyperspectral_kidney_tumor_1039.jpg,Tumor,1
train,dataset\Hyperspectral_normal_images\Hyperspectral_kidney_normal_0269.jpg,Normal,0
train,dataset\Hyperspectral_tumor_images\Hyperspectral_kidney_tumor_2658.jpg,Tumor,1
train,dataset\Hyperspectral_tumor_images\Hyperspectral_kidney_tumor_3119.jpg,Tumor,1
train,dataset\Hyperspectral_normal_images\Hyperspectral_kidney_normal_3171.jpg,Normal,0
train,dataset\Hyperspectral_tumor_images\Hyperspectral_kidney_tumor_0727.jpg,Tumor,1
train,dataset\Hyperspectral_normal_images\Hyperspectral_kidney_normal_3591.jpg,Normal,0
train,dataset\Hyperspectral_normal_images\Hyperspectral_kidney_normal_4540.jpg,Normal,0
train,dataset\Hyperspectral_tumor_images\Hyperspectral_kidney_tumor_0072.jpg,Tumor,1
train,dataset\Hyperspectral_tumor_images\Hyperspectral_kidney_tumor_1958.jpg,Tumor,1
train,dataset\Hyperspectral_tumor_images\Hyperspectral_kidney_tumor_4078.jpg,Tumor,1
train,dataset\Hyperspectral_normal_images\Hyperspectral_kidney_normal_3374.jpg,Normal,0
train,dataset\Hyperspectral_tumor_images\Hyperspectral_kidney_tumor_0816.jpg,Tumor,1
train,dataset\Hyperspectral_normal_images\Hyperspectral_kidney_normal_3719.jpg,Normal,0
train,dataset\Hyperspectral_tumor_images\Hyperspectral_kidney_tumor_4846.jpg,Tumor,1
train,dataset\Hyperspectral_normal_images\Hyperspectral_kidney_normal_0110.jpg,Normal,0
train,dataset\Hyperspectral_normal_images\Hyperspectral_kidney_normal_4700.jpg,Normal,0
train,dataset\Hyperspectral_normal_images\Hyperspectral_kidney_normal_4842.jpg,Normal,0
train,dataset\Hyperspectral_tumor_images\Hyperspectral_kidney_tumor_4505.jpg,Tumor,1
train,dataset\Hyperspectral_tumor_images\Hyperspectral_kidney_tumor_4621.jpg,Tumor,1
train,dataset\Hyperspectral_normal_images\Hyperspectral_kidney_normal_0742.jpg,Normal,0
train,dataset\Hyperspectral_tumor_images\Hyperspectral_kidney_tumor_2225.jpg,Tumor,1
train,dataset\Hyperspectral_normal_images\Hyperspectral_kidney_normal_1122.jpg,Normal,0
train,dataset\Hyperspectral_normal_images\Hyperspectral_kidney_normal_0260.jpg,Normal,0
train,dataset\Hyperspectral_normal_images\Hyperspectral_kidney_normal_3110.jpg,Normal,0
train,dataset\Hyperspectral_normal_images\Hyperspectral_kidney_normal_1379.jpg,Normal,0
train,dataset\Hyperspectral_normal_images\Hyperspectral_kidney_normal_3775.jpg,Normal,0
train,dataset\Hyperspectral_normal_images\Hyperspectral_kidney_normal_1984.jpg,Normal,0
train,dataset\Hyperspectral_normal_images\Hyperspectral_kidney_normal_0156.jpg,Normal,0
train,dataset\Hyperspectral_normal_images\Hyperspectral_kidney_normal_1369.jpg,Normal,0
train,dataset\Hyperspectral_tumor_images\Hyperspectral_kidney_tumor_1818.jpg,Tumor,1
train,dataset\Hyperspectral_normal_images\Hyperspectral_kidney_normal_2004.jpg,Normal,0
train,dataset\Hyperspectral_tumor_images\Hyperspectral_kidney_tumor_1466.jpg,Tumor,1
train,dataset\Hyperspectral_normal_images\Hyperspectral_kidney_normal_3597.jpg,Normal,0
train,dataset\Hyperspectral_normal_images\Hyperspectral_kidney_normal_3559.jpg,Normal,0
train,dataset\Hyperspectral_tumor_images\Hyperspectral_kidney_tumor_3747.jpg,Tumor,1
train,dataset\Hyperspectral_tumor_images\Hyperspectral_kidney_tumor_0023.jpg,Tumor,1
train,dataset\Hyperspectral_tumor_images\Hyperspectral_kidney_tumor_3687.jpg,Tumor,1
train,dataset\Hyperspectral_tumor_images\Hyperspectral_kidney_tumor_2613.jpg,Tumor,1
train,dataset\Hyperspectral_normal_images\Hyperspectral_kidney_normal_2421.jpg,Normal,0
train,dataset\Hyperspectral_normal_images\Hyperspectral_kidney_normal_0485.jpg,Normal,0
train,dataset\Hyperspectral_normal_images\Hyperspectral_kidney_normal_4032.jpg,Normal,0
train,dataset\Hyperspectral_normal_images\Hyperspectral_kidney_normal_0044.jpg,Normal,0
train,dataset\Hyperspectral_tumor_images\Hyperspectral_kidney_tumor_4295.jpg,Tumor,1
train,dataset\Hyperspectral_tumor_images\Hyperspectral_kidney_tumor_3872.jpg,Tumor,1
train,dataset\Hyperspectral_normal_images\Hyperspectral_kidney_normal_2993.jpg,Normal,0
train,dataset\Hyperspectral_tumor_images\Hyperspectral_kidney_tumor_2464.jpg,Tumor,1
train,dataset\Hyperspectral_tumor_images\Hyperspectral_kidney_tumor_3450.jpg,Tumor,1
train,dataset\Hyperspectral_tumor_images\Hyperspectral_kidney_tumor_4474.jpg,Tumor,1
train,dataset\Hyperspectral_normal_images\Hyperspectral_kidney_normal_2797.jpg,Normal,0
train,dataset\Hyperspectral_normal_images\Hyperspectral_kidney_normal_1431.jpg,Normal,0
train,dataset\Hyperspectral_tumor_images\Hyperspectral_kidney_tumor_2635.jpg,Tumor,1
train,dataset\Hyperspectral_normal_images\Hyperspectral_kidney_normal_0323.jpg,Normal,0
train,dataset\Hyperspectral_normal_images\Hyperspectral_kidney_normal_4706.jpg,Normal,0
train,dataset\Hyperspectral_tumor_images\Hyperspectral_kidney_tumor_0608.jpg,Tumor,1
train,dataset\Hyperspectral_tumor_images\Hyperspectral_kidney_tumor_4191.jpg,Tumor,1
train,dataset\Hyperspectral_normal_images\Hyperspectral_kidney_normal_4009.jpg,Normal,0
train,dataset\Hyperspectral_tumor_images\Hyperspectral_kidney_tumor_3337.jpg,Tumor,1
train,dataset\Hyperspectral_tumor_images\Hyperspectral_kidney_tumor_1229.jpg,Tumor,1
train,dataset\Hyperspectral_normal_images\Hyperspectral_kidney_normal_0491.jpg,Normal,0
train,dataset\Hyperspectral_tumor_images\Hyperspectral_kidney_tumor_3867.jpg,Tumor,1
train,dataset\Hyperspectral_normal_images\Hyperspectral_kidney_normal_0920.jpg,Normal,0
train,dataset\Hyperspectral_tumor_images\Hyperspectral_kidney_tumor_1973.jpg,Tumor,1
train,dataset\Hyperspectral_normal_images\Hyperspectral_kidney_normal_2314.jpg,Normal,0
train,dataset\Hyperspectral_tumor_images\Hyperspectral_kidney_tumor_2620.jpg,Tumor,1
train,dataset\Hyperspectral_tumor_images\Hyperspectral_kidney_tumor_3146.jpg,Tumor,1
train,dataset\Hyperspectral_tumor_images\Hyperspectral_kidney_tumor_0173.jpg,Tumor,1
train,dataset\Hyperspectral_tumor_images\Hyperspectral_kidney_tumor_0119.jpg,Tumor,1
train,dataset\Hyperspectral_normal_images\Hyperspectral_kidney_normal_4970.jpg,Normal,0
train,dataset\Hyperspectral_normal_images\Hyperspectral_kidney_normal_2242.jpg,Normal,0
train,dataset\Hyperspectral_tumor_images\Hyperspectral_kidney_tumor_4133.jpg,Tumor,1
train,dataset\Hyperspectral_normal_images\Hyperspectral_kidney_normal_2472.jpg,Normal,0
train,dataset\Hyperspectral_tumor_images\Hyperspectral_kidney_tumor_1172.jpg,Tumor,1
train,dataset\Hyperspectral_tumor_images\Hyperspectral_kidney_tumor_4740.jpg,Tumor,1
train,dataset\Hyperspectral_normal_images\Hyperspectral_kidney_normal_3580.jpg,Normal,0
train,dataset\Hyperspectral_normal_images\Hyperspectral_kidney_normal_1855.jpg,Normal,0
train,dataset\Hyperspectral_normal_images\Hyperspectral_kidney_normal_3032.jpg,Normal,0
train,dataset\Hyperspectral_tumor_images\Hyperspectral_kidney_tumor_2425.jpg,Tumor,1
train,dataset\Hyperspectral_normal_images\Hyperspectral_kidney_normal_4720.jpg,Normal,0
train,dataset\Hyperspectral_tumor_images\Hyperspectral_kidney_tumor_0853.jpg,Tumor,1
train,dataset\Hyperspectral_normal_images\Hyperspectral_kidney_normal_3537.jpg,Normal,0
train,dataset\Hyperspectral_tumor_images\Hyperspectral_kidney_tumor_3590.jpg,Tumor,1
train,dataset\Hyperspectral_tumor_images\Hyperspectral_kidney_tumor_2294.jpg,Tumor,1
train,dataset\Hyperspectral_normal_images\Hyperspectral_kidney_normal_4299.jpg,Normal,0
train,dataset\Hyperspectral_tumor_images\Hyperspectral_kidney_tumor_4976.jpg,Tumor,1
train,dataset\Hyperspectral_tumor_images\Hyperspectral_kidney_tumor_1752.jpg,Tumor,1
train,dataset\Hyperspectral_tumor_images\Hyperspectral_kidney_tumor_2972.jpg,Tumor,1
train,dataset\Hyperspectral_normal_images\Hyperspectral_kidney_normal_4437.jpg,Normal,0
train,dataset\Hyperspectral_tumor_images\Hyperspectral_kidney_tumor_1311.jpg,Tumor,1
train,dataset\Hyperspectral_tumor_images\Hyperspectral_kidney_tumor_2771.jpg,Tumor,1
train,dataset\Hyperspectral_tumor_images\Hyperspectral_kidney_tumor_1072.jpg,Tumor,1
train,dataset\Hyperspectral_tumor_images\Hyperspectral_kidney_tumor_0298.jpg,Tumor,1
train,dataset\Hyperspectral_normal_images\Hyperspectral_kidney_normal_3151.jpg,Normal,0
train,dataset\Hyperspectral_tumor_images\Hyperspectral_kidney_tumor_1511.jpg,Tumor,1
train,dataset\Hyperspectral_tumor_images\Hyperspectral_kidney_tumor_0206.jpg,Tumor,1
train,dataset\Hyperspectral_tumor_images\Hyperspectral_kidney_tumor_1746.jpg,Tumor,1
train,dataset\Hyperspectral_tumor_images\Hyperspectral_kidney_tumor_3147.jpg,Tumor,1
train,dataset\Hyperspectral_normal_images\Hyperspectral_kidney_normal_1678.jpg,Normal,0
train,dataset\Hyperspectral_normal_images\Hyperspectral_kidney_normal_4839.jpg,Normal,0
train,dataset\Hyperspectral_normal_images\Hyperspectral_kidney_normal_2511.jpg,Normal,0
train,dataset\Hyperspectral_normal_images\Hyperspectral_kidney_normal_0462.jpg,Normal,0
train,dataset\Hyperspectral_tumor_images\Hyperspectral_kidney_tumor_4134.jpg,Tumor,1
train,dataset\Hyperspectral_normal_images\Hyperspectral_kidney_normal_3424.jpg,Normal,0
train,dataset\Hyperspectral_tumor_images\Hyperspectral_kidney_tumor_2546.jpg,Tumor,1
train,dataset\Hyperspectral_tumor_images\Hyperspectral_kidney_tumor_1348.jpg,Tumor,1
train,dataset\Hyperspectral_normal_images\Hyperspectral_kidney_normal_3214.jpg,Normal,0
train,dataset\Hyperspectral_tumor_images\Hyperspectral_kidney_tumor_1484.jpg,Tumor,1
train,dataset\Hyperspectral_tumor_images\Hyperspectral_kidney_tumor_0883.jpg,Tumor,1
train,dataset\Hyperspectral_normal_images\Hyperspectral_kidney_normal_3449.jpg,Normal,0
train,dataset\Hyperspectral_normal_images\Hyperspectral_kidney_normal_4071.jpg,Normal,0
train,dataset\Hyperspectral_normal_images\Hyperspectral_kidney_normal_0554.jpg,Normal,0
train,dataset\Hyperspectral_normal_images\Hyperspectral_kidney_normal_2481.jpg,Normal,0
train,dataset\Hyperspectral_tumor_images\Hyperspectral_kidney_tumor_0385.jpg,Tumor,1
train,dataset\Hyperspectral_tumor_images\Hyperspectral_kidney_tumor_1783.jpg,Tumor,1
train,dataset\Hyperspectral_normal_images\Hyperspectral_kidney_normal_0181.jpg,Normal,0
train,dataset\Hyperspectral_normal_images\Hyperspectral_kidney_normal_3761.jpg,Normal,0
train,dataset\Hyperspectral_normal_images\Hyperspectral_kidney_normal_2896.jpg,Normal,0
train,dataset\Hyperspectral_tumor_images\Hyperspectral_kidney_tumor_1196.jpg,Tumor,1
train,dataset\Hyperspectral_normal_images\Hyperspectral_kidney_normal_4266.jpg,Normal,0
train,dataset\Hyperspectral_normal_images\Hyperspectral_kidney_normal_3388.jpg,Normal,0
train,dataset\Hyperspectral_tumor_images\Hyperspectral_kidney_tumor_1141.jpg,Tumor,1
train,dataset\Hyperspectral_tumor_images\Hyperspectral_kidney_tumor_1988.jpg,Tumor,1
train,dataset\Hyperspectral_tumor_images\Hyperspectral_kidney_tumor_4664.jpg,Tumor,1
train,dataset\Hyperspectral_normal_images\Hyperspectral_kidney_normal_1728.jpg,Normal,0
train,dataset\Hyperspectral_normal_images\Hyperspectral_kidney_normal_1619.jpg,Normal,0
train,dataset\Hyperspectral_tumor_images\Hyperspectral_kidney_tumor_4706.jpg,Tumor,1
train,dataset\Hyperspectral_normal_images\Hyperspectral_kidney_normal_1654.jpg,Normal,0
train,dataset\Hyperspectral_tumor_images\Hyperspectral_kidney_tumor_4736.jpg,Tumor,1
train,dataset\Hyperspectral_tumor_images\Hyperspectral_kidney_tumor_0967.jpg,Tumor,1
train,dataset\Hyperspectral_normal_images\Hyperspectral_kidney_normal_0365.jpg,Normal,0
train,dataset\Hyperspectral_normal_images\Hyperspectral_kidney_normal_1930.jpg,Normal,0
train,dataset\Hyperspectral_normal_images\Hyperspectral_kidney_normal_2130.jpg,Normal,0
train,dataset\Hyperspectral_tumor_images\Hyperspectral_kidney_tumor_0646.jpg,Tumor,1
train,dataset\Hyperspectral_normal_images\Hyperspectral_kidney_normal_2615.jpg,Normal,0
train,dataset\Hyperspectral_tumor_images\Hyperspectral_kidney_tumor_3825.jpg,Tumor,1
train,dataset\Hyperspectral_tumor_images\Hyperspectral_kidney_tumor_1709.jpg,Tumor,1
train,dataset\Hyperspectral_normal_images\Hyperspectral_kidney_normal_3164.jpg,Normal,0
train,dataset\Hyperspectral_normal_images\Hyperspectral_kidney_normal_0193.jpg,Normal,0
train,dataset\Hyperspectral_normal_images\Hyperspectral_kidney_normal_1612.jpg,Normal,0
train,dataset\Hyperspectral_tumor_images\Hyperspectral_kidney_tumor_0157.jpg,Tumor,1
train,dataset\Hyperspectral_normal_images\Hyperspectral_kidney_normal_1203.jpg,Normal,0
train,dataset\Hyperspectral_tumor_images\Hyperspectral_kidney_tumor_0191.jpg,Tumor,1
train,dataset\Hyperspectral_normal_images\Hyperspectral_kidney_normal_3371.jpg,Normal,0
train,dataset\Hyperspectral_normal_images\Hyperspectral_kidney_normal_1030.jpg,Normal,0
train,dataset\Hyperspectral_tumor_images\Hyperspectral_kidney_tumor_1939.jpg,Tumor,1
train,dataset\Hyperspectral_tumor_images\Hyperspectral_kidney_tumor_0753.jpg,Tumor,1
train,dataset\Hyperspectral_tumor_images\Hyperspectral_kidney_tumor_0586.jpg,Tumor,1
train,dataset\Hyperspectral_tumor_images\Hyperspectral_kidney_tumor_2504.jpg,Tumor,1
train,dataset\Hyperspectral_tumor_images\Hyperspectral_kidney_tumor_2908.jpg,Tumor,1
train,dataset\Hyperspectral_tumor_images\Hyperspectral_kidney_tumor_2603.jpg,Tumor,1
train,dataset\Hyperspectral_normal_images\Hyperspectral_kidney_normal_1944.jpg,Normal,0
train,dataset\Hyperspectral_normal_images\Hyperspectral_kidney_normal_3769.jpg,Normal,0
train,dataset\Hyperspectral_normal_images\Hyperspectral_kidney_normal_1754.jpg,Normal,0
train,dataset\Hyperspectral_normal_images\Hyperspectral_kidney_normal_3535.jpg,Normal,0
train,dataset\Hyperspectral_normal_images\Hyperspectral_kidney_normal_0535.jpg,Normal,0
train,dataset\Hyperspectral_normal_images\Hyperspectral_kidney_normal_2738.jpg,Normal,0
train,dataset\Hyperspectral_tumor_images\Hyperspectral_kidney_tumor_1288.jpg,Tumor,1
train,dataset\Hyperspectral_normal_images\Hyperspectral_kidney_normal_3321.jpg,Normal,0
train,dataset\Hyperspectral_normal_images\Hyperspectral_kidney_normal_3543.jpg,Normal,0
train,dataset\Hyperspectral_tumor_images\Hyperspectral_kidney_tumor_1848.jpg,Tumor,1
train,dataset\Hyperspectral_tumor_images\Hyperspectral_kidney_tumor_2285.jpg,Tumor,1
train,dataset\Hyperspectral_tumor_images\Hyperspectral_kidney_tumor_0158.jpg,Tumor,1
train,dataset\Hyperspectral_tumor_images\Hyperspectral_kidney_tumor_3197.jpg,Tumor,1
train,dataset\Hyperspectral_tumor_images\Hyperspectral_kidney_tumor_1868.jpg,Tumor,1
train,dataset\Hyperspectral_normal_images\Hyperspectral_kidney_normal_1216.jpg,Normal,0
train,dataset\Hyperspectral_tumor_images\Hyperspectral_kidney_tumor_2451.jpg,Tumor,1
train,dataset\Hyperspectral_tumor_images\Hyperspectral_kidney_tumor_3359.jpg,Tumor,1
train,dataset\Hyperspectral_tumor_images\Hyperspectral_kidney_tumor_1572.jpg,Tumor,1
train,dataset\Hyperspectral_tumor_images\Hyperspectral_kidney_tumor_4864.jpg,Tumor,1
train,dataset\Hyperspectral_tumor_images\Hyperspectral_kidney_tumor_1129.jpg,Tumor,1
train,dataset\Hyperspectral_normal_images\Hyperspectral_kidney_normal_0809.jpg,Normal,0
train,dataset\Hyperspectral_normal_images\Hyperspectral_kidney_normal_0352.jpg,Normal,0
train,dataset\Hyperspectral_tumor_images\Hyperspectral_kidney_tumor_3609.jpg,Tumor,1
train,dataset\Hyperspectral_normal_images\Hyperspectral_kidney_normal_2855.jpg,Normal,0
train,dataset\Hyperspectral_normal_images\Hyperspectral_kidney_normal_0029.jpg,Normal,0
train,dataset\Hyperspectral_tumor_images\Hyperspectral_kidney_tumor_4873.jpg,Tumor,1
train,dataset\Hyperspectral_tumor_images\Hyperspectral_kidney_tumor_2236.jpg,Tumor,1
train,dataset\Hyperspectral_normal_images\Hyperspectral_kidney_normal_2589.jpg,Normal,0
train,dataset\Hyperspectral_normal_images\Hyperspectral_kidney_normal_4316.jpg,Normal,0
train,dataset\Hyperspectral_normal_images\Hyperspectral_kidney_normal_3862.jpg,Normal,0
train,dataset\Hyperspectral_tumor_images\Hyperspectral_kidney_tumor_2465.jpg,Tumor,1
train,dataset\Hyperspectral_normal_images\Hyperspectral_kidney_normal_4482.jpg,Normal,0
train,dataset\Hyperspectral_normal_images\Hyperspectral_kidney_normal_4486.jpg,Normal,0
train,dataset\Hyperspectral_normal_images\Hyperspectral_kidney_normal_3120.jpg,Normal,0
train,dataset\Hyperspectral_normal_images\Hyperspectral_kidney_normal_4378.jpg,Normal,0
train,dataset\Hyperspectral_normal_images\Hyperspectral_kidney_normal_4038.jpg,Normal,0
train,dataset\Hyperspectral_tumor_images\Hyperspectral_kidney_tumor_3511.jpg,Tumor,1
train,dataset\Hyperspectral_tumor_images\Hyperspectral_kidney_tumor_2916.jpg,Tumor,1
train,dataset\Hyperspectral_tumor_images\Hyperspectral_kidney_tumor_0935.jpg,Tumor,1
train,dataset\Hyperspectral_tumor_images\Hyperspectral_kidney_tumor_3287.jpg,Tumor,1
train,dataset\Hyperspectral_normal_images\Hyperspectral_kidney_normal_3882.jpg,Normal,0
train,dataset\Hyperspectral_normal_images\Hyperspectral_kidney_normal_4492.jpg,Normal,0
train,dataset\Hyperspectral_tumor_images\Hyperspectral_kidney_tumor_1698.jpg,Tumor,1
train,dataset\Hyperspectral_normal_images\Hyperspectral_kidney_normal_0383.jpg,Normal,0
train,dataset\Hyperspectral_normal_images\Hyperspectral_kidney_normal_4440.jpg,Normal,0
train,dataset\Hyperspectral_normal_images\Hyperspectral_kidney_normal_4588.jpg,Normal,0
train,dataset\Hyperspectral_normal_images\Hyperspectral_kidney_normal_1580.jpg,Normal,0
train,dataset\Hyperspectral_tumor_images\Hyperspectral_kidney_tumor_0637.jpg,Tumor,1
train,dataset\Hyperspectral_normal_images\Hyperspectral_kidney_normal_4625.jpg,Normal,0
train,dataset\Hyperspectral_normal_images\Hyperspectral_kidney_normal_1794.jpg,Normal,0
train,dataset\Hyperspectral_tumor_images\Hyperspectral_kidney_tumor_3789.jpg,Tumor,1
train,dataset\Hyperspectral_tumor_images\Hyperspectral_kidney_tumor_0172.jpg,Tumor,1
train,dataset\Hyperspectral_tumor_images\Hyperspectral_kidney_tumor_0323.jpg,Tumor,1
train,dataset\Hyperspectral_tumor_images\Hyperspectral_kidney_tumor_3187.jpg,Tumor,1
train,dataset\Hyperspectral_normal_images\Hyperspectral_kidney_normal_4286.jpg,Normal,0
train,dataset\Hyperspectral_tumor_images\Hyperspectral_kidney_tumor_1061.jpg,Tumor,1
train,dataset\Hyperspectral_tumor_images\Hyperspectral_kidney_tumor_2510.jpg,Tumor,1
train,dataset\Hyperspectral_normal_images\Hyperspectral_kidney_normal_3469.jpg,Normal,0
train,dataset\Hyperspectral_tumor_images\Hyperspectral_kidney_tumor_0619.jpg,Tumor,1
train,dataset\Hyperspectral_tumor_images\Hyperspectral_kidney_tumor_4388.jpg,Tumor,1
train,dataset\Hyperspectral_tumor_images\Hyperspectral_kidney_tumor_3327.jpg,Tumor,1
train,dataset\Hyperspectral_normal_images\Hyperspectral_kidney_normal_1070.jpg,Normal,0
train,dataset\Hyperspectral_tumor_images\Hyperspectral_kidney_tumor_2031.jpg,Tumor,1
train,dataset\Hyperspectral_normal_images\Hyperspectral_kidney_normal_2463.jpg,Normal,0
train,dataset\Hyperspectral_normal_images\Hyperspectral_kidney_normal_4524.jpg,Normal,0
train,dataset\Hyperspectral_normal_images\Hyperspectral_kidney_normal_0549.jpg,Normal,0
train,dataset\Hyperspectral_normal_images\Hyperspectral_kidney_normal_3558.jpg,Normal,0
train,dataset\Hyperspectral_normal_images\Hyperspectral_kidney_normal_1987.jpg,Normal,0
train,dataset\Hyperspectral_normal_images\Hyperspectral_kidney_normal_3021.jpg,Normal,0
train,dataset\Hyperspectral_normal_images\Hyperspectral_kidney_normal_4620.jpg,Normal,0
train,dataset\Hyperspectral_normal_images\Hyperspectral_kidney_normal_4291.jpg,Normal,0
train,dataset\Hyperspectral_tumor_images\Hyperspectral_kidney_tumor_4792.jpg,Tumor,1
train,dataset\Hyperspectral_tumor_images\Hyperspectral_kidney_tumor_3106.jpg,Tumor,1
train,dataset\Hyperspectral_tumor_images\Hyperspectral_kidney_tumor_1768.jpg,Tumor,1
train,dataset\Hyperspectral_tumor_images\Hyperspectral_kidney_tumor_0014.jpg,Tumor,1
train,dataset\Hyperspectral_normal_images\Hyperspectral_kidney_normal_3503.jpg,Normal,0
train,dataset\Hyperspectral_normal_images\Hyperspectral_kidney_normal_0568.jpg,Normal,0
train,dataset\Hyperspectral_normal_images\Hyperspectral_kidney_normal_4526.jpg,Normal,0
train,dataset\Hyperspectral_normal_images\Hyperspectral_kidney_normal_1337.jpg,Normal,0
train,dataset\Hyperspectral_tumor_images\Hyperspectral_kidney_tumor_0090.jpg,Tumor,1
train,dataset\Hyperspectral_tumor_images\Hyperspectral_kidney_tumor_1776.jpg,Tumor,1
train,dataset\Hyperspectral_normal_images\Hyperspectral_kidney_normal_2773.jpg,Normal,0
train,dataset\Hyperspectral_tumor_images\Hyperspectral_kidney_tumor_0916.jpg,Tumor,1
train,dataset\Hyperspectral_tumor_images\Hyperspectral_kidney_tumor_0752.jpg,Tumor,1
train,dataset\Hyperspectral_normal_images\Hyperspectral_kidney_normal_1246.jpg,Normal,0
train,dataset\Hyperspectral_tumor_images\Hyperspectral_kidney_tumor_2511.jpg,Tumor,1
train,dataset\Hyperspectral_normal_images\Hyperspectral_kidney_normal_4395.jpg,Normal,0
train,dataset\Hyperspectral_normal_images\Hyperspectral_kidney_normal_4361.jpg,Normal,0
train,dataset\Hyperspectral_normal_images\Hyperspectral_kidney_normal_4847.jpg,Normal,0
train,dataset\Hyperspectral_normal_images\Hyperspectral_kidney_normal_0391.jpg,Normal,0
train,dataset\Hyperspectral_normal_images\Hyperspectral_kidney_normal_0464.jpg,Normal,0
train,dataset\Hyperspectral_tumor_images\Hyperspectral_kidney_tumor_0546.jpg,Tumor,1
train,dataset\Hyperspectral_tumor_images\Hyperspectral_kidney_tumor_0242.jpg,Tumor,1
train,dataset\Hyperspectral_normal_images\Hyperspectral_kidney_normal_4366.jpg,Normal,0
train,dataset\Hyperspectral_normal_images\Hyperspectral_kidney_normal_0977.jpg,Normal,0
train,dataset\Hyperspectral_normal_images\Hyperspectral_kidney_normal_1186.jpg,Normal,0
train,dataset\Hyperspectral_tumor_images\Hyperspectral_kidney_tumor_2459.jpg,Tumor,1
train,dataset\Hyperspectral_tumor_images\Hyperspectral_kidney_tumor_1602.jpg,Tumor,1
train,dataset\Hyperspectral_tumor_images\Hyperspectral_kidney_tumor_2003.jpg,Tumor,1
train,dataset\Hyperspectral_normal_images\Hyperspectral_kidney_normal_2803.jpg,Normal,0
train,dataset\Hyperspectral_normal_images\Hyperspectral_kidney_normal_1785.jpg,Normal,0
train,dataset\Hyperspectral_tumor_images\Hyperspectral_kidney_tumor_4228.jpg,Tumor,1
train,dataset\Hyperspectral_tumor_images\Hyperspectral_kidney_tumor_0164.jpg,Tumor,1
train,dataset\Hyperspectral_normal_images\Hyperspectral_kidney_normal_3038.jpg,Normal,0
train,dataset\Hyperspectral_tumor_images\Hyperspectral_kidney_tumor_3682.jpg,Tumor,1
train,dataset\Hyperspectral_normal_images\Hyperspectral_kidney_normal_0381.jpg,Normal,0
train,dataset\Hyperspectral_tumor_images\Hyperspectral_kidney_tumor_2651.jpg,Tumor,1
train,dataset\Hyperspectral_tumor_images\Hyperspectral_kidney_tumor_2284.jpg,Tumor,1
train,dataset\Hyperspectral_normal_images\Hyperspectral_kidney_normal_2997.jpg,Normal,0
train,dataset\Hyperspectral_normal_images\Hyperspectral_kidney_normal_0151.jpg,Normal,0
train,dataset\Hyperspectral_normal_images\Hyperspectral_kidney_normal_0195.jpg,Normal,0
train,dataset\Hyperspectral_tumor_images\Hyperspectral_kidney_tumor_3505.jpg,Tumor,1
train,dataset\Hyperspectral_tumor_images\Hyperspectral_kidney_tumor_3836.jpg,Tumor,1
train,dataset\Hyperspectral_tumor_images\Hyperspectral_kidney_tumor_2304.jpg,Tumor,1
train,dataset\Hyperspectral_tumor_images\Hyperspectral_kidney_tumor_0355.jpg,Tumor,1
train,dataset\Hyperspectral_normal_images\Hyperspectral_kidney_normal_2133.jpg,Normal,0
train,dataset\Hyperspectral_tumor_images\Hyperspectral_kidney_tumor_0767.jpg,Tumor,1
train,dataset\Hyperspectral_normal_images\Hyperspectral_kidney_normal_0560.jpg,Normal,0
train,dataset\Hyperspectral_normal_images\Hyperspectral_kidney_normal_3674.jpg,Normal,0
train,dataset\Hyperspectral_normal_images\Hyperspectral_kidney_normal_1684.jpg,Normal,0
train,dataset\Hyperspectral_normal_images\Hyperspectral_kidney_normal_2749.jpg,Normal,0
train,dataset\Hyperspectral_normal_images\Hyperspectral_kidney_normal_3696.jpg,Normal,0
train,dataset\Hyperspectral_normal_images\Hyperspectral_kidney_normal_3594.jpg,Normal,0
train,dataset\Hyperspectral_tumor_images\Hyperspectral_kidney_tumor_0936.jpg,Tumor,1
train,dataset\Hyperspectral_normal_images\Hyperspectral_kidney_normal_2847.jpg,Normal,0
train,dataset\Hyperspectral_normal_images\Hyperspectral_kidney_normal_2852.jpg,Normal,0
train,dataset\Hyperspectral_tumor_images\Hyperspectral_kidney_tumor_0863.jpg,Tumor,1
train,dataset\Hyperspectral_normal_images\Hyperspectral_kidney_normal_2415.jpg,Normal,0
train,dataset\Hyperspectral_tumor_images\Hyperspectral_kidney_tumor_3675.jpg,Tumor,1
train,dataset\Hyperspectral_tumor_images\Hyperspectral_kidney_tumor_0084.jpg,Tumor,1
train,dataset\Hyperspectral_tumor_images\Hyperspectral_kidney_tumor_4020.jpg,Tumor,1
train,dataset\Hyperspectral_normal_images\Hyperspectral_kidney_normal_2015.jpg,Normal,0
train,dataset\Hyperspectral_tumor_images\Hyperspectral_kidney_tumor_4027.jpg,Tumor,1
train,dataset\Hyperspectral_tumor_images\Hyperspectral_kidney_tumor_4274.jpg,Tumor,1
train,dataset\Hyperspectral_normal_images\Hyperspectral_kidney_normal_2617.jpg,Normal,0
train,dataset\Hyperspectral_normal_images\Hyperspectral_kidney_normal_2935.jpg,Normal,0
train,dataset\Hyperspectral_tumor_images\Hyperspectral_kidney_tumor_1185.jpg,Tumor,1
train,dataset\Hyperspectral_tumor_images\Hyperspectral_kidney_tumor_1013.jpg,Tumor,1
train,dataset\Hyperspectral_normal_images\Hyperspectral_kidney_normal_0118.jpg,Normal,0
train,dataset\Hyperspectral_normal_images\Hyperspectral_kidney_normal_1278.jpg,Normal,0
train,dataset\Hyperspectral_normal_images\Hyperspectral_kidney_normal_1092.jpg,Normal,0
train,dataset\Hyperspectral_tumor_images\Hyperspectral_kidney_tumor_1670.jpg,Tumor,1
train,dataset\Hyperspectral_tumor_images\Hyperspectral_kidney_tumor_4287.jpg,Tumor,1
train,dataset\Hyperspectral_tumor_images\Hyperspectral_kidney_tumor_2607.jpg,Tumor,1
train,dataset\Hyperspectral_tumor_images\Hyperspectral_kidney_tumor_4142.jpg,Tumor,1
train,dataset\Hyperspectral_tumor_images\Hyperspectral_kidney_tumor_4596.jpg,Tumor,1
train,dataset\Hyperspectral_normal_images\Hyperspectral_kidney_normal_2128.jpg,Normal,0
train,dataset\Hyperspectral_normal_images\Hyperspectral_kidney_normal_0131.jpg,Normal,0
train,dataset\Hyperspectral_normal_images\Hyperspectral_kidney_normal_2354.jpg,Normal,0
train,dataset\Hyperspectral_normal_images\Hyperspectral_kidney_normal_3754.jpg,Normal,0
train,dataset\Hyperspectral_tumor_images\Hyperspectral_kidney_tumor_2599.jpg,Tumor,1
train,dataset\Hyperspectral_tumor_images\Hyperspectral_kidney_tumor_3015.jpg,Tumor,1
train,dataset\Hyperspectral_tumor_images\Hyperspectral_kidney_tumor_2476.jpg,Tumor,1
train,dataset\Hyperspectral_normal_images\Hyperspectral_kidney_normal_0854.jpg,Normal,0
train,dataset\Hyperspectral_normal_images\Hyperspectral_kidney_normal_4590.jpg,Normal,0
train,dataset\Hyperspectral_tumor_images\Hyperspectral_kidney_tumor_2273.jpg,Tumor,1
train,dataset\Hyperspectral_normal_images\Hyperspectral_kidney_normal_4205.jpg,Normal,0
train,dataset\Hyperspectral_tumor_images\Hyperspectral_kidney_tumor_4879.jpg,Tumor,1
train,dataset\Hyperspectral_normal_images\Hyperspectral_kidney_normal_2366.jpg,Normal,0
train,dataset\Hyperspectral_normal_images\Hyperspectral_kidney_normal_2378.jpg,Normal,0
train,dataset\Hyperspectral_normal_images\Hyperspectral_kidney_normal_4603.jpg,Normal,0
train,dataset\Hyperspectral_normal_images\Hyperspectral_kidney_normal_4760.jpg,Normal,0
train,dataset\Hyperspectral_tumor_images\Hyperspectral_kidney_tumor_4342.jpg,Tumor,1
train,dataset\Hyperspectral_tumor_images\Hyperspectral_kidney_tumor_0751.jpg,Tumor,1
train,dataset\Hyperspectral_tumor_images\Hyperspectral_kidney_tumor_4704.jpg,Tumor,1
train,dataset\Hyperspectral_normal_images\Hyperspectral_kidney_normal_3518.jpg,Normal,0
train,dataset\Hyperspectral_tumor_images\Hyperspectral_kidney_tumor_4372.jpg,Tumor,1
train,dataset\Hyperspectral_tumor_images\Hyperspectral_kidney_tumor_1415.jpg,Tumor,1
train,dataset\Hyperspectral_normal_images\Hyperspectral_kidney_normal_1647.jpg,Normal,0
train,dataset\Hyperspectral_tumor_images\Hyperspectral_kidney_tumor_2777.jpg,Tumor,1
train,dataset\Hyperspectral_tumor_images\Hyperspectral_kidney_tumor_4774.jpg,Tumor,1
train,dataset\Hyperspectral_tumor_images\Hyperspectral_kidney_tumor_2351.jpg,Tumor,1
train,dataset\Hyperspectral_normal_images\Hyperspectral_kidney_normal_2148.jpg,Normal,0
train,dataset\Hyperspectral_tumor_images\Hyperspectral_kidney_tumor_2430.jpg,Tumor,1
train,dataset\Hyperspectral_normal_images\Hyperspectral_kidney_normal_2048.jpg,Normal,0
train,dataset\Hyperspectral_normal_images\Hyperspectral_kidney_normal_0368.jpg,Normal,0
train,dataset\Hyperspectral_tumor_images\Hyperspectral_kidney_tumor_4799.jpg,Tumor,1
train,dataset\Hyperspectral_normal_images\Hyperspectral_kidney_normal_0873.jpg,Normal,0
train,dataset\Hyperspectral_tumor_images\Hyperspectral_kidney_tumor_2340.jpg,Tumor,1
train,dataset\Hyperspectral_normal_images\Hyperspectral_kidney_normal_1885.jpg,Normal,0
train,dataset\Hyperspectral_tumor_images\Hyperspectral_kidney_tumor_0664.jpg,Tumor,1
train,dataset\Hyperspectral_normal_images\Hyperspectral_kidney_normal_0902.jpg,Normal,0
train,dataset\Hyperspectral_normal_images\Hyperspectral_kidney_normal_2532.jpg,Normal,0
train,dataset\Hyperspectral_tumor_images\Hyperspectral_kidney_tumor_4781.jpg,Tumor,1
train,dataset\Hyperspectral_normal_images\Hyperspectral_kidney_normal_2072.jpg,Normal,0
train,dataset\Hyperspectral_tumor_images\Hyperspectral_kidney_tumor_0697.jpg,Tumor,1
train,dataset\Hyperspectral_normal_images\Hyperspectral_kidney_normal_4217.jpg,Normal,0
train,dataset\Hyperspectral_tumor_images\Hyperspectral_kidney_tumor_2457.jpg,Tumor,1
train,dataset\Hyperspectral_tumor_images\Hyperspectral_kidney_tumor_3926.jpg,Tumor,1
train,dataset\Hyperspectral_tumor_images\Hyperspectral_kidney_tumor_2374.jpg,Tumor,1
train,dataset\Hyperspectral_normal_images\Hyperspectral_kidney_normal_4708.jpg,Normal,0
train,dataset\Hyperspectral_normal_images\Hyperspectral_kidney_normal_2387.jpg,Normal,0
train,dataset\Hyperspectral_normal_images\Hyperspectral_kidney_normal_3677.jpg,Normal,0
train,dataset\Hyperspectral_tumor_images\Hyperspectral_kidney_tumor_3753.jpg,Tumor,1
train,dataset\Hyperspectral_normal_images\Hyperspectral_kidney_normal_3316.jpg,Normal,0
train,dataset\Hyperspectral_tumor_images\Hyperspectral_kidney_tumor_4909.jpg,Tumor,1
train,dataset\Hyperspectral_tumor_images\Hyperspectral_kidney_tumor_1193.jpg,Tumor,1
train,dataset\Hyperspectral_tumor_images\Hyperspectral_kidney_tumor_0837.jpg,Tumor,1
train,dataset\Hyperspectral_normal_images\Hyperspectral_kidney_normal_0956.jpg,Normal,0
train,dataset\Hyperspectral_normal_images\Hyperspectral_kidney_normal_1848.jpg,Normal,0
train,dataset\Hyperspectral_tumor_images\Hyperspectral_kidney_tumor_3275.jpg,Tumor,1
train,dataset\Hyperspectral_normal_images\Hyperspectral_kidney_normal_0639.jpg,Normal,0
train,dataset\Hyperspectral_tumor_images\Hyperspectral_kidney_tumor_1649.jpg,Tumor,1
train,dataset\Hyperspectral_normal_images\Hyperspectral_kidney_normal_1235.jpg,Normal,0
train,dataset\Hyperspectral_normal_images\Hyperspectral_kidney_normal_3874.jpg,Normal,0
train,dataset\Hyperspectral_normal_images\Hyperspectral_kidney_normal_4581.jpg,Normal,0
train,dataset\Hyperspectral_tumor_images\Hyperspectral_kidney_tumor_0807.jpg,Tumor,1
train,dataset\Hyperspectral_tumor_images\Hyperspectral_kidney_tumor_2496.jpg,Tumor,1
train,dataset\Hyperspectral_tumor_images\Hyperspectral_kidney_tumor_0571.jpg,Tumor,1
train,dataset\Hyperspectral_tumor_images\Hyperspectral_kidney_tumor_2901.jpg,Tumor,1
train,dataset\Hyperspectral_normal_images\Hyperspectral_kidney_normal_4831.jpg,Normal,0
train,dataset\Hyperspectral_tumor_images\Hyperspectral_kidney_tumor_0999.jpg,Tumor,1
train,dataset\Hyperspectral_normal_images\Hyperspectral_kidney_normal_1026.jpg,Normal,0
train,dataset\Hyperspectral_tumor_images\Hyperspectral_kidney_tumor_4567.jpg,Tumor,1
train,dataset\Hyperspectral_normal_images\Hyperspectral_kidney_normal_1345.jpg,Normal,0
train,dataset\Hyperspectral_normal_images\Hyperspectral_kidney_normal_0109.jpg,Normal,0
train,dataset\Hyperspectral_normal_images\Hyperspectral_kidney_normal_3338.jpg,Normal,0
train,dataset\Hyperspectral_tumor_images\Hyperspectral_kidney_tumor_2319.jpg,Tumor,1
train,dataset\Hyperspectral_tumor_images\Hyperspectral_kidney_tumor_4712.jpg,Tumor,1
train,dataset\Hyperspectral_normal_images\Hyperspectral_kidney_normal_4671.jpg,Normal,0
train,dataset\Hyperspectral_tumor_images\Hyperspectral_kidney_tumor_1342.jpg,Tumor,1
train,dataset\Hyperspectral_tumor_images\Hyperspectral_kidney_tumor_3658.jpg,Tumor,1
train,dataset\Hyperspectral_normal_images\Hyperspectral_kidney_normal_3570.jpg,Normal,0
train,dataset\Hyperspectral_normal_images\Hyperspectral_kidney_normal_0784.jpg,Normal,0
train,dataset\Hyperspectral_tumor_images\Hyperspectral_kidney_tumor_0729.jpg,Tumor,1
train,dataset\Hyperspectral_tumor_images\Hyperspectral_kidney_tumor_1561.jpg,Tumor,1
train,dataset\Hyperspectral_tumor_images\Hyperspectral_kidney_tumor_2238.jpg,Tumor,1
train,dataset\Hyperspectral_normal_images\Hyperspectral_kidney_normal_1609.jpg,Normal,0
train,dataset\Hyperspectral_normal_images\Hyperspectral_kidney_normal_1224.jpg,Normal,0
train,dataset\Hyperspectral_normal_images\Hyperspectral_kidney_normal_0299.jpg,Normal,0
train,dataset\Hyperspectral_tumor_images\Hyperspectral_kidney_tumor_3304.jpg,Tumor,1
train,dataset\Hyperspectral_normal_images\Hyperspectral_kidney_normal_3182.jpg,Normal,0
train,dataset\Hyperspectral_normal_images\Hyperspectral_kidney_normal_4701.jpg,Normal,0
train,dataset\Hyperspectral_normal_images\Hyperspectral_kidney_normal_0879.jpg,Normal,0
train,dataset\Hyperspectral_normal_images\Hyperspectral_kidney_normal_3756.jpg,Normal,0
train,dataset\Hyperspectral_tumor_images\Hyperspectral_kidney_tumor_0394.jpg,Tumor,1
train,dataset\Hyperspectral_tumor_images\Hyperspectral_kidney_tumor_4942.jpg,Tumor,1
train,dataset\Hyperspectral_tumor_images\Hyperspectral_kidney_tumor_0518.jpg,Tumor,1
train,dataset\Hyperspectral_tumor_images\Hyperspectral_kidney_tumor_4615.jpg,Tumor,1
train,dataset\Hyperspectral_tumor_images\Hyperspectral_kidney_tumor_3167.jpg,Tumor,1
train,dataset\Hyperspectral_normal_images\Hyperspectral_kidney_normal_0954.jpg,Normal,0
train,dataset\Hyperspectral_normal_images\Hyperspectral_kidney_normal_4473.jpg,Normal,0
train,dataset\Hyperspectral_normal_images\Hyperspectral_kidney_normal_1972.jpg,Normal,0
train,dataset\Hyperspectral_normal_images\Hyperspectral_kidney_normal_4074.jpg,Normal,0
train,dataset\Hyperspectral_normal_images\Hyperspectral_kidney_normal_2604.jpg,Normal,0
train,dataset\Hyperspectral_normal_images\Hyperspectral_kidney_normal_2901.jpg,Normal,0
train,dataset\Hyperspectral_normal_images\Hyperspectral_kidney_normal_0292.jpg,Normal,0
train,dataset\Hyperspectral_tumor_images\Hyperspectral_kidney_tumor_3205.jpg,Tumor,1
train,dataset\Hyperspectral_normal_images\Hyperspectral_kidney_normal_3097.jpg,Normal,0
train,dataset\Hyperspectral_tumor_images\Hyperspectral_kidney_tumor_2249.jpg,Tumor,1
train,dataset\Hyperspectral_tumor_images\Hyperspectral_kidney_tumor_4324.jpg,Tumor,1
train,dataset\Hyperspectral_tumor_images\Hyperspectral_kidney_tumor_3300.jpg,Tumor,1
train,dataset\Hyperspectral_normal_images\Hyperspectral_kidney_normal_4402.jpg,Normal,0
train,dataset\Hyperspectral_tumor_images\Hyperspectral_kidney_tumor_0512.jpg,Tumor,1
train,dataset\Hyperspectral_tumor_images\Hyperspectral_kidney_tumor_4367.jpg,Tumor,1
train,dataset\Hyperspectral_normal_images\Hyperspectral_kidney_normal_2348.jpg,Normal,0
train,dataset\Hyperspectral_normal_images\Hyperspectral_kidney_normal_3634.jpg,Normal,0
train,dataset\Hyperspectral_tumor_images\Hyperspectral_kidney_tumor_2823.jpg,Tumor,1
train,dataset\Hyperspectral_normal_images\Hyperspectral_kidney_normal_4254.jpg,Normal,0
train,dataset\Hyperspectral_tumor_images\Hyperspectral_kidney_tumor_3861.jpg,Tumor,1
train,dataset\Hyperspectral_tumor_images\Hyperspectral_kidney_tumor_0468.jpg,Tumor,1
train,dataset\Hyperspectral_tumor_images\Hyperspectral_kidney_tumor_0028.jpg,Tumor,1
train,dataset\Hyperspectral_normal_images\Hyperspectral_kidney_normal_4077.jpg,Normal,0
train,dataset\Hyperspectral_normal_images\Hyperspectral_kidney_normal_0280.jpg,Normal,0
train,dataset\Hyperspectral_normal_images\Hyperspectral_kidney_normal_1835.jpg,Normal,0
train,dataset\Hyperspectral_tumor_images\Hyperspectral_kidney_tumor_3259.jpg,Tumor,1
train,dataset\Hyperspectral_tumor_images\Hyperspectral_kidney_tumor_3889.jpg,Tumor,1
train,dataset\Hyperspectral_normal_images\Hyperspectral_kidney_normal_4427.jpg,Normal,0
train,dataset\Hyperspectral_tumor_images\Hyperspectral_kidney_tumor_3579.jpg,Tumor,1
train,dataset\Hyperspectral_normal_images\Hyperspectral_kidney_normal_4769.jpg,Normal,0
train,dataset\Hyperspectral_normal_images\Hyperspectral_kidney_normal_2995.jpg,Normal,0
train,dataset\Hyperspectral_normal_images\Hyperspectral_kidney_normal_3698.jpg,Normal,0
train,dataset\Hyperspectral_normal_images\Hyperspectral_kidney_normal_3945.jpg,Normal,0
train,dataset\Hyperspectral_tumor_images\Hyperspectral_kidney_tumor_3678.jpg,Tumor,1
train,dataset\Hyperspectral_tumor_images\Hyperspectral_kidney_tumor_1282.jpg,Tumor,1
train,dataset\Hyperspectral_tumor_images\Hyperspectral_kidney_tumor_0402.jpg,Tumor,1
train,dataset\Hyperspectral_tumor_images\Hyperspectral_kidney_tumor_0615.jpg,Tumor,1
train,dataset\Hyperspectral_normal_images\Hyperspectral_kidney_normal_0537.jpg,Normal,0
train,dataset\Hyperspectral_tumor_images\Hyperspectral_kidney_tumor_2145.jpg,Tumor,1
train,dataset\Hyperspectral_tumor_images\Hyperspectral_kidney_tumor_3589.jpg,Tumor,1
train,dataset\Hyperspectral_normal_images\Hyperspectral_kidney_normal_3357.jpg,Normal,0
train,dataset\Hyperspectral_tumor_images\Hyperspectral_kidney_tumor_2437.jpg,Tumor,1
train,dataset\Hyperspectral_tumor_images\Hyperspectral_kidney_tumor_4770.jpg,Tumor,1
train,dataset\Hyperspectral_tumor_images\Hyperspectral_kidney_tumor_4804.jpg,Tumor,1
train,dataset\Hyperspectral_tumor_images\Hyperspectral_kidney_tumor_0758.jpg,Tumor,1
train,dataset\Hyperspectral_tumor_images\Hyperspectral_kidney_tumor_4090.jpg,Tumor,1
train,dataset\Hyperspectral_normal_images\Hyperspectral_kidney_normal_2768.jpg,Normal,0
train,dataset\Hyperspectral_normal_images\Hyperspectral_kidney_normal_1048.jpg,Normal,0
train,dataset\Hyperspectral_normal_images\Hyperspectral_kidney_normal_2347.jpg,Normal,0
train,dataset\Hyperspectral_normal_images\Hyperspectral_kidney_normal_3251.jpg,Normal,0
train,dataset\Hyperspectral_tumor_images\Hyperspectral_kidney_tumor_0112.jpg,Tumor,1
train,dataset\Hyperspectral_normal_images\Hyperspectral_kidney_normal_1428.jpg,Normal,0
train,dataset\Hyperspectral_normal_images\Hyperspectral_kidney_normal_1981.jpg,Normal,0
train,dataset\Hyperspectral_tumor_images\Hyperspectral_kidney_tumor_0536.jpg,Tumor,1
train,dataset\Hyperspectral_normal_images\Hyperspectral_kidney_normal_4001.jpg,Normal,0
train,dataset\Hyperspectral_normal_images\Hyperspectral_kidney_normal_0750.jpg,Normal,0
train,dataset\Hyperspectral_tumor_images\Hyperspectral_kidney_tumor_4017.jpg,Tumor,1
train,dataset\Hyperspectral_tumor_images\Hyperspectral_kidney_tumor_1547.jpg,Tumor,1
train,dataset\Hyperspectral_tumor_images\Hyperspectral_kidney_tumor_2181.jpg,Tumor,1
train,dataset\Hyperspectral_normal_images\Hyperspectral_kidney_normal_1326.jpg,Normal,0
train,dataset\Hyperspectral_normal_images\Hyperspectral_kidney_normal_4250.jpg,Normal,0
train,dataset\Hyperspectral_tumor_images\Hyperspectral_kidney_tumor_2779.jpg,Tumor,1
train,dataset\Hyperspectral_tumor_images\Hyperspectral_kidney_tumor_3608.jpg,Tumor,1
train,dataset\Hyperspectral_normal_images\Hyperspectral_kidney_normal_0814.jpg,Normal,0
train,dataset\Hyperspectral_tumor_images\Hyperspectral_kidney_tumor_3203.jpg,Tumor,1
train,dataset\Hyperspectral_tumor_images\Hyperspectral_kidney_tumor_2479.jpg,Tumor,1
train,dataset\Hyperspectral_tumor_images\Hyperspectral_kidney_tumor_3605.jpg,Tumor,1
train,dataset\Hyperspectral_normal_images\Hyperspectral_kidney_normal_1596.jpg,Normal,0
train,dataset\Hyperspectral_normal_images\Hyperspectral_kidney_normal_4055.jpg,Normal,0
train,dataset\Hyperspectral_tumor_images\Hyperspectral_kidney_tumor_4081.jpg,Tumor,1
train,dataset\Hyperspectral_normal_images\Hyperspectral_kidney_normal_4268.jpg,Normal,0
train,dataset\Hyperspectral_normal_images\Hyperspectral_kidney_normal_1265.jpg,Normal,0
train,dataset\Hyperspectral_tumor_images\Hyperspectral_kidney_tumor_0867.jpg,Tumor,1
train,dataset\Hyperspectral_tumor_images\Hyperspectral_kidney_tumor_4328.jpg,Tumor,1
train,dataset\Hyperspectral_tumor_images\Hyperspectral_kidney_tumor_4052.jpg,Tumor,1
train,dataset\Hyperspectral_tumor_images\Hyperspectral_kidney_tumor_3365.jpg,Tumor,1
train,dataset\Hyperspectral_normal_images\Hyperspectral_kidney_normal_3895.jpg,Normal,0
train,dataset\Hyperspectral_normal_images\Hyperspectral_kidney_normal_1459.jpg,Normal,0
train,dataset\Hyperspectral_tumor_images\Hyperspectral_kidney_tumor_4903.jpg,Tumor,1
train,dataset\Hyperspectral_normal_images\Hyperspectral_kidney_normal_2160.jpg,Normal,0
train,dataset\Hyperspectral_tumor_images\Hyperspectral_kidney_tumor_0849.jpg,Tumor,1
train,dataset\Hyperspectral_normal_images\Hyperspectral_kidney_normal_0538.jpg,Normal,0
train,dataset\Hyperspectral_tumor_images\Hyperspectral_kidney_tumor_3749.jpg,Tumor,1
train,dataset\Hyperspectral_tumor_images\Hyperspectral_kidney_tumor_4271.jpg,Tumor,1
train,dataset\Hyperspectral_tumor_images\Hyperspectral_kidney_tumor_2784.jpg,Tumor,1
train,dataset\Hyperspectral_tumor_images\Hyperspectral_kidney_tumor_1482.jpg,Tumor,1
train,dataset\Hyperspectral_tumor_images\Hyperspectral_kidney_tumor_2755.jpg,Tumor,1
train,dataset\Hyperspectral_tumor_images\Hyperspectral_kidney_tumor_1978.jpg,Tumor,1
train,dataset\Hyperspectral_normal_images\Hyperspectral_kidney_normal_1750.jpg,Normal,0
train,dataset\Hyperspectral_normal_images\Hyperspectral_kidney_normal_1682.jpg,Normal,0
train,dataset\Hyperspectral_tumor_images\Hyperspectral_kidney_tumor_0132.jpg,Tumor,1
train,dataset\Hyperspectral_tumor_images\Hyperspectral_kidney_tumor_2667.jpg,Tumor,1
train,dataset\Hyperspectral_tumor_images\Hyperspectral_kidney_tumor_4339.jpg,Tumor,1
train,dataset\Hyperspectral_normal_images\Hyperspectral_kidney_normal_1322.jpg,Normal,0
train,dataset\Hyperspectral_normal_images\Hyperspectral_kidney_normal_4164.jpg,Normal,0
train,dataset\Hyperspectral_normal_images\Hyperspectral_kidney_normal_4758.jpg,Normal,0
train,dataset\Hyperspectral_tumor_images\Hyperspectral_kidney_tumor_3993.jpg,Tumor,1
train,dataset\Hyperspectral_normal_images\Hyperspectral_kidney_normal_4764.jpg,Normal,0
train,dataset\Hyperspectral_normal_images\Hyperspectral_kidney_normal_3458.jpg,Normal,0
train,dataset\Hyperspectral_tumor_images\Hyperspectral_kidney_tumor_1345.jpg,Tumor,1
train,dataset\Hyperspectral_normal_images\Hyperspectral_kidney_normal_1584.jpg,Normal,0
train,dataset\Hyperspectral_normal_images\Hyperspectral_kidney_normal_4836.jpg,Normal,0
train,dataset\Hyperspectral_normal_images\Hyperspectral_kidney_normal_4380.jpg,Normal,0
train,dataset\Hyperspectral_tumor_images\Hyperspectral_kidney_tumor_1852.jpg,Tumor,1
train,dataset\Hyperspectral_normal_images\Hyperspectral_kidney_normal_1866.jpg,Normal,0
train,dataset\Hyperspectral_tumor_images\Hyperspectral_kidney_tumor_3610.jpg,Tumor,1
train,dataset\Hyperspectral_tumor_images\Hyperspectral_kidney_tumor_4657.jpg,Tumor,1
train,dataset\Hyperspectral_tumor_images\Hyperspectral_kidney_tumor_4946.jpg,Tumor,1
train,dataset\Hyperspectral_tumor_images\Hyperspectral_kidney_tumor_1138.jpg,Tumor,1
train,dataset\Hyperspectral_tumor_images\Hyperspectral_kidney_tumor_1008.jpg,Tumor,1
train,dataset\Hyperspectral_normal_images\Hyperspectral_kidney_normal_2925.jpg,Normal,0
train,dataset\Hyperspectral_tumor_images\Hyperspectral_kidney_tumor_2715.jpg,Tumor,1
train,dataset\Hyperspectral_normal_images\Hyperspectral_kidney_normal_3159.jpg,Normal,0
train,dataset\Hyperspectral_tumor_images\Hyperspectral_kidney_tumor_4076.jpg,Tumor,1
train,dataset\Hyperspectral_tumor_images\Hyperspectral_kidney_tumor_3916.jpg,Tumor,1
train,dataset\Hyperspectral_tumor_images\Hyperspectral_kidney_tumor_4442.jpg,Tumor,1
train,dataset\Hyperspectral_normal_images\Hyperspectral_kidney_normal_2871.jpg,Normal,0
train,dataset\Hyperspectral_tumor_images\Hyperspectral_kidney_tumor_1151.jpg,Tumor,1
train,dataset\Hyperspectral_normal_images\Hyperspectral_kidney_normal_4279.jpg,Normal,0
train,dataset\Hyperspectral_normal_images\Hyperspectral_kidney_normal_4330.jpg,Normal,0
train,dataset\Hyperspectral_normal_images\Hyperspectral_kidney_normal_2540.jpg,Normal,0
train,dataset\Hyperspectral_tumor_images\Hyperspectral_kidney_tumor_4051.jpg,Tumor,1
train,dataset\Hyperspectral_normal_images\Hyperspectral_kidney_normal_4373.jpg,Normal,0
train,dataset\Hyperspectral_normal_images\Hyperspectral_kidney_normal_4780.jpg,Normal,0
train,dataset\Hyperspectral_normal_images\Hyperspectral_kidney_normal_2972.jpg,Normal,0
train,dataset\Hyperspectral_normal_images\Hyperspectral_kidney_normal_0071.jpg,Normal,0
train,dataset\Hyperspectral_tumor_images\Hyperspectral_kidney_tumor_4608.jpg,Tumor,1
train,dataset\Hyperspectral_tumor_images\Hyperspectral_kidney_tumor_2028.jpg,Tumor,1
train,dataset\Hyperspectral_tumor_images\Hyperspectral_kidney_tumor_3298.jpg,Tumor,1
train,dataset\Hyperspectral_normal_images\Hyperspectral_kidney_normal_2635.jpg,Normal,0
train,dataset\Hyperspectral_normal_images\Hyperspectral_kidney_normal_2356.jpg,Normal,0
train,dataset\Hyperspectral_tumor_images\Hyperspectral_kidney_tumor_4217.jpg,Tumor,1
train,dataset\Hyperspectral_tumor_images\Hyperspectral_kidney_tumor_3558.jpg,Tumor,1
train,dataset\Hyperspectral_normal_images\Hyperspectral_kidney_normal_4806.jpg,Normal,0
train,dataset\Hyperspectral_tumor_images\Hyperspectral_kidney_tumor_4772.jpg,Tumor,1
train,dataset\Hyperspectral_tumor_images\Hyperspectral_kidney_tumor_0784.jpg,Tumor,1
train,dataset\Hyperspectral_tumor_images\Hyperspectral_kidney_tumor_2612.jpg,Tumor,1
train,dataset\Hyperspectral_tumor_images\Hyperspectral_kidney_tumor_2896.jpg,Tumor,1
train,dataset\Hyperspectral_normal_images\Hyperspectral_kidney_normal_4539.jpg,Normal,0
train,dataset\Hyperspectral_normal_images\Hyperspectral_kidney_normal_1508.jpg,Normal,0
train,dataset\Hyperspectral_tumor_images\Hyperspectral_kidney_tumor_1987.jpg,Tumor,1
train,dataset\Hyperspectral_tumor_images\Hyperspectral_kidney_tumor_3616.jpg,Tumor,1
train,dataset\Hyperspectral_normal_images\Hyperspectral_kidney_normal_3213.jpg,Normal,0
train,dataset\Hyperspectral_normal_images\Hyperspectral_kidney_normal_2930.jpg,Normal,0
train,dataset\Hyperspectral_tumor_images\Hyperspectral_kidney_tumor_3576.jpg,Tumor,1
train,dataset\Hyperspectral_tumor_images\Hyperspectral_kidney_tumor_4330.jpg,Tumor,1
train,dataset\Hyperspectral_tumor_images\Hyperspectral_kidney_tumor_1995.jpg,Tumor,1
train,dataset\Hyperspectral_tumor_images\Hyperspectral_kidney_tumor_0316.jpg,Tumor,1
train,dataset\Hyperspectral_tumor_images\Hyperspectral_kidney_tumor_4940.jpg,Tumor,1
train,dataset\Hyperspectral_normal_images\Hyperspectral_kidney_normal_0017.jpg,Normal,0
train,dataset\Hyperspectral_normal_images\Hyperspectral_kidney_normal_0306.jpg,Normal,0
train,dataset\Hyperspectral_tumor_images\Hyperspectral_kidney_tumor_4310.jpg,Tumor,1
train,dataset\Hyperspectral_tumor_images\Hyperspectral_kidney_tumor_1937.jpg,Tumor,1
train,dataset\Hyperspectral_normal_images\Hyperspectral_kidney_normal_1790.jpg,Normal,0
train,dataset\Hyperspectral_tumor_images\Hyperspectral_kidney_tumor_0147.jpg,Tumor,1
train,dataset\Hyperspectral_tumor_images\Hyperspectral_kidney_tumor_0252.jpg,Tumor,1
train,dataset\Hyperspectral_tumor_images\Hyperspectral_kidney_tumor_4733.jpg,Tumor,1
train,dataset\Hyperspectral_normal_images\Hyperspectral_kidney_normal_3896.jpg,Normal,0
train,dataset\Hyperspectral_normal_images\Hyperspectral_kidney_normal_1024.jpg,Normal,0
train,dataset\Hyperspectral_normal_images\Hyperspectral_kidney_normal_4346.jpg,Normal,0
train,dataset\Hyperspectral_tumor_images\Hyperspectral_kidney_tumor_2741.jpg,Tumor,1
train,dataset\Hyperspectral_normal_images\Hyperspectral_kidney_normal_0081.jpg,Normal,0
train,dataset\Hyperspectral_tumor_images\Hyperspectral_kidney_tumor_3865.jpg,Tumor,1
train,dataset\Hyperspectral_tumor_images\Hyperspectral_kidney_tumor_1514.jpg,Tumor,1
train,dataset\Hyperspectral_tumor_images\Hyperspectral_kidney_tumor_2858.jpg,Tumor,1
train,dataset\Hyperspectral_normal_images\Hyperspectral_kidney_normal_4984.jpg,Normal,0
train,dataset\Hyperspectral_tumor_images\Hyperspectral_kidney_tumor_2906.jpg,Tumor,1
train,dataset\Hyperspectral_tumor_images\Hyperspectral_kidney_tumor_0031.jpg,Tumor,1
train,dataset\Hyperspectral_tumor_images\Hyperspectral_kidney_tumor_4925.jpg,Tumor,1
train,dataset\Hyperspectral_tumor_images\Hyperspectral_kidney_tumor_2624.jpg,Tumor,1
train,dataset\Hyperspectral_normal_images\Hyperspectral_kidney_normal_0637.jpg,Normal,0
train,dataset\Hyperspectral_tumor_images\Hyperspectral_kidney_tumor_3036.jpg,Tumor,1
train,dataset\Hyperspectral_normal_images\Hyperspectral_kidney_normal_4909.jpg,Normal,0
train,dataset\Hyperspectral_tumor_images\Hyperspectral_kidney_tumor_1574.jpg,Tumor,1
train,dataset\Hyperspectral_normal_images\Hyperspectral_kidney_normal_0179.jpg,Normal,0
train,dataset\Hyperspectral_normal_images\Hyperspectral_kidney_normal_3451.jpg,Normal,0
train,dataset\Hyperspectral_tumor_images\Hyperspectral_kidney_tumor_4141.jpg,Tumor,1
train,dataset\Hyperspectral_tumor_images\Hyperspectral_kidney_tumor_1385.jpg,Tumor,1
train,dataset\Hyperspectral_normal_images\Hyperspectral_kidney_normal_3072.jpg,Normal,0
train,dataset\Hyperspectral_normal_images\Hyperspectral_kidney_normal_4665.jpg,Normal,0
train,dataset\Hyperspectral_normal_images\Hyperspectral_kidney_normal_2200.jpg,Normal,0
train,dataset\Hyperspectral_tumor_images\Hyperspectral_kidney_tumor_1253.jpg,Tumor,1
train,dataset\Hyperspectral_normal_images\Hyperspectral_kidney_normal_2257.jpg,Normal,0
train,dataset\Hyperspectral_tumor_images\Hyperspectral_kidney_tumor_1296.jpg,Tumor,1
train,dataset\Hyperspectral_tumor_images\Hyperspectral_kidney_tumor_0106.jpg,Tumor,1
train,dataset\Hyperspectral_tumor_images\Hyperspectral_kidney_tumor_3312.jpg,Tumor,1
train,dataset\Hyperspectral_normal_images\Hyperspectral_kidney_normal_0024.jpg,Normal,0
train,dataset\Hyperspectral_normal_images\Hyperspectral_kidney_normal_2400.jpg,Normal,0
train,dataset\Hyperspectral_normal_images\Hyperspectral_kidney_normal_2478.jpg,Normal,0
train,dataset\Hyperspectral_normal_images\Hyperspectral_kidney_normal_3600.jpg,Normal,0
train,dataset\Hyperspectral_normal_images\Hyperspectral_kidney_normal_3423.jpg,Normal,0
train,dataset\Hyperspectral_normal_images\Hyperspectral_kidney_normal_0052.jpg,Normal,0
train,dataset\Hyperspectral_tumor_images\Hyperspectral_kidney_tumor_1787.jpg,Tumor,1
train,dataset\Hyperspectral_normal_images\Hyperspectral_kidney_normal_2513.jpg,Normal,0
train,dataset\Hyperspectral_tumor_images\Hyperspectral_kidney_tumor_4776.jpg,Tumor,1
train,dataset\Hyperspectral_tumor_images\Hyperspectral_kidney_tumor_2170.jpg,Tumor,1
train,dataset\Hyperspectral_normal_images\Hyperspectral_kidney_normal_2744.jpg,Normal,0
train,dataset\Hyperspectral_tumor_images\Hyperspectral_kidney_tumor_1506.jpg,Tumor,1
train,dataset\Hyperspectral_tumor_images\Hyperspectral_kidney_tumor_3249.jpg,Tumor,1
train,dataset\Hyperspectral_tumor_images\Hyperspectral_kidney_tumor_3521.jpg,Tumor,1
train,dataset\Hyperspectral_tumor_images\Hyperspectral_kidney_tumor_4970.jpg,Tumor,1
train,dataset\Hyperspectral_tumor_images\Hyperspectral_kidney_tumor_3927.jpg,Tumor,1
train,dataset\Hyperspectral_normal_images\Hyperspectral_kidney_normal_3088.jpg,Normal,0
train,dataset\Hyperspectral_tumor_images\Hyperspectral_kidney_tumor_1406.jpg,Tumor,1
train,dataset\Hyperspectral_tumor_images\Hyperspectral_kidney_tumor_3914.jpg,Tumor,1
train,dataset\Hyperspectral_normal_images\Hyperspectral_kidney_normal_2367.jpg,Normal,0
train,dataset\Hyperspectral_tumor_images\Hyperspectral_kidney_tumor_3577.jpg,Tumor,1
train,dataset\Hyperspectral_normal_images\Hyperspectral_kidney_normal_1814.jpg,Normal,0
train,dataset\Hyperspectral_normal_images\Hyperspectral_kidney_normal_1501.jpg,Normal,0
train,dataset\Hyperspectral_tumor_images\Hyperspectral_kidney_tumor_4713.jpg,Tumor,1
train,dataset\Hyperspectral_normal_images\Hyperspectral_kidney_normal_0850.jpg,Normal,0
train,dataset\Hyperspectral_normal_images\Hyperspectral_kidney_normal_3733.jpg,Normal,0
train,dataset\Hyperspectral_tumor_images\Hyperspectral_kidney_tumor_1480.jpg,Tumor,1
train,dataset\Hyperspectral_normal_images\Hyperspectral_kidney_normal_3683.jpg,Normal,0
train,dataset\Hyperspectral_tumor_images\Hyperspectral_kidney_tumor_0503.jpg,Tumor,1
train,dataset\Hyperspectral_tumor_images\Hyperspectral_kidney_tumor_0841.jpg,Tumor,1
train,dataset\Hyperspectral_tumor_images\Hyperspectral_kidney_tumor_2275.jpg,Tumor,1
train,dataset\Hyperspectral_tumor_images\Hyperspectral_kidney_tumor_1801.jpg,Tumor,1
train,dataset\Hyperspectral_tumor_images\Hyperspectral_kidney_tumor_2749.jpg,Tumor,1
train,dataset\Hyperspectral_normal_images\Hyperspectral_kidney_normal_2125.jpg,Normal,0
train,dataset\Hyperspectral_normal_images\Hyperspectral_kidney_normal_0640.jpg,Normal,0
train,dataset\Hyperspectral_tumor_images\Hyperspectral_kidney_tumor_4204.jpg,Tumor,1
train,dataset\Hyperspectral_tumor_images\Hyperspectral_kidney_tumor_1871.jpg,Tumor,1
train,dataset\Hyperspectral_tumor_images\Hyperspectral_kidney_tumor_1222.jpg,Tumor,1
train,dataset\Hyperspectral_normal_images\Hyperspectral_kidney_normal_3140.jpg,Normal,0
train,dataset\Hyperspectral_tumor_images\Hyperspectral_kidney_tumor_0388.jpg,Tumor,1
train,dataset\Hyperspectral_tumor_images\Hyperspectral_kidney_tumor_4197.jpg,Tumor,1
train,dataset\Hyperspectral_tumor_images\Hyperspectral_kidney_tumor_2390.jpg,Tumor,1
train,dataset\Hyperspectral_tumor_images\Hyperspectral_kidney_tumor_4975.jpg,Tumor,1
train,dataset\Hyperspectral_normal_images\Hyperspectral_kidney_normal_3130.jpg,Normal,0
train,dataset\Hyperspectral_normal_images\Hyperspectral_kidney_normal_0418.jpg,Normal,0
train,dataset\Hyperspectral_tumor_images\Hyperspectral_kidney_tumor_0711.jpg,Tumor,1
train,dataset\Hyperspectral_tumor_images\Hyperspectral_kidney_tumor_4545.jpg,Tumor,1
train,dataset\Hyperspectral_normal_images\Hyperspectral_kidney_normal_4384.jpg,Normal,0
train,dataset\Hyperspectral_normal_images\Hyperspectral_kidney_normal_3328.jpg,Normal,0
train,dataset\Hyperspectral_tumor_images\Hyperspectral_kidney_tumor_1794.jpg,Tumor,1
train,dataset\Hyperspectral_tumor_images\Hyperspectral_kidney_tumor_0650.jpg,Tumor,1
train,dataset\Hyperspectral_tumor_images\Hyperspectral_kidney_tumor_4331.jpg,Tumor,1
train,dataset\Hyperspectral_normal_images\Hyperspectral_kidney_normal_1395.jpg,Normal,0
train,dataset\Hyperspectral_tumor_images\Hyperspectral_kidney_tumor_3959.jpg,Tumor,1
train,dataset\Hyperspectral_normal_images\Hyperspectral_kidney_normal_4634.jpg,Normal,0
train,dataset\Hyperspectral_tumor_images\Hyperspectral_kidney_tumor_3438.jpg,Tumor,1
train,dataset\Hyperspectral_tumor_images\Hyperspectral_kidney_tumor_2677.jpg,Tumor,1
train,dataset\Hyperspectral_normal_images\Hyperspectral_kidney_normal_0590.jpg,Normal,0
train,dataset\Hyperspectral_normal_images\Hyperspectral_kidney_normal_1801.jpg,Normal,0
train,dataset\Hyperspectral_normal_images\Hyperspectral_kidney_normal_4525.jpg,Normal,0
train,dataset\Hyperspectral_normal_images\Hyperspectral_kidney_normal_3752.jpg,Normal,0
train,dataset\Hyperspectral_normal_images\Hyperspectral_kidney_normal_1945.jpg,Normal,0
train,dataset\Hyperspectral_normal_images\Hyperspectral_kidney_normal_2027.jpg,Normal,0
train,dataset\Hyperspectral_normal_images\Hyperspectral_kidney_normal_4362.jpg,Normal,0
train,dataset\Hyperspectral_normal_images\Hyperspectral_kidney_normal_1743.jpg,Normal,0
train,dataset\Hyperspectral_normal_images\Hyperspectral_kidney_normal_1815.jpg,Normal,0
train,dataset\Hyperspectral_normal_images\Hyperspectral_kidney_normal_0278.jpg,Normal,0
train,dataset\Hyperspectral_tumor_images\Hyperspectral_kidney_tumor_0371.jpg,Tumor,1
train,dataset\Hyperspectral_tumor_images\Hyperspectral_kidney_tumor_1402.jpg,Tumor,1
train,dataset\Hyperspectral_tumor_images\Hyperspectral_kidney_tumor_4673.jpg,Tumor,1
train,dataset\Hyperspectral_normal_images\Hyperspectral_kidney_normal_0304.jpg,Normal,0
train,dataset\Hyperspectral_normal_images\Hyperspectral_kidney_normal_2238.jpg,Normal,0
train,dataset\Hyperspectral_tumor_images\Hyperspectral_kidney_tumor_3542.jpg,Tumor,1
train,dataset\Hyperspectral_tumor_images\Hyperspectral_kidney_tumor_3052.jpg,Tumor,1
train,dataset\Hyperspectral_normal_images\Hyperspectral_kidney_normal_0876.jpg,Normal,0
train,dataset\Hyperspectral_tumor_images\Hyperspectral_kidney_tumor_3466.jpg,Tumor,1
train,dataset\Hyperspectral_normal_images\Hyperspectral_kidney_normal_4566.jpg,Normal,0
train,dataset\Hyperspectral_tumor_images\Hyperspectral_kidney_tumor_2063.jpg,Tumor,1
train,dataset\Hyperspectral_tumor_images\Hyperspectral_kidney_tumor_1518.jpg,Tumor,1
train,dataset\Hyperspectral_normal_images\Hyperspectral_kidney_normal_3197.jpg,Normal,0
train,dataset\Hyperspectral_normal_images\Hyperspectral_kidney_normal_0707.jpg,Normal,0
train,dataset\Hyperspectral_normal_images\Hyperspectral_kidney_normal_2924.jpg,Normal,0
train,dataset\Hyperspectral_tumor_images\Hyperspectral_kidney_tumor_0422.jpg,Tumor,1
train,dataset\Hyperspectral_tumor_images\Hyperspectral_kidney_tumor_3049.jpg,Tumor,1
train,dataset\Hyperspectral_tumor_images\Hyperspectral_kidney_tumor_4895.jpg,Tumor,1
train,dataset\Hyperspectral_normal_images\Hyperspectral_kidney_normal_1553.jpg,Normal,0
train,dataset\Hyperspectral_normal_images\Hyperspectral_kidney_normal_3447.jpg,Normal,0
train,dataset\Hyperspectral_normal_images\Hyperspectral_kidney_normal_3920.jpg,Normal,0
train,dataset\Hyperspectral_tumor_images\Hyperspectral_kidney_tumor_0250.jpg,Tumor,1
train,dataset\Hyperspectral_normal_images\Hyperspectral_kidney_normal_2837.jpg,Normal,0
train,dataset\Hyperspectral_normal_images\Hyperspectral_kidney_normal_2902.jpg,Normal,0
train,dataset\Hyperspectral_tumor_images\Hyperspectral_kidney_tumor_2452.jpg,Tumor,1
train,dataset\Hyperspectral_tumor_images\Hyperspectral_kidney_tumor_1180.jpg,Tumor,1
train,dataset\Hyperspectral_normal_images\Hyperspectral_kidney_normal_2527.jpg,Normal,0
train,dataset\Hyperspectral_tumor_images\Hyperspectral_kidney_tumor_0557.jpg,Tumor,1
train,dataset\Hyperspectral_tumor_images\Hyperspectral_kidney_tumor_4812.jpg,Tumor,1
train,dataset\Hyperspectral_tumor_images\Hyperspectral_kidney_tumor_3841.jpg,Tumor,1
train,dataset\Hyperspectral_normal_images\Hyperspectral_kidney_normal_3661.jpg,Normal,0
train,dataset\Hyperspectral_normal_images\Hyperspectral_kidney_normal_0825.jpg,Normal,0
train,dataset\Hyperspectral_tumor_images\Hyperspectral_kidney_tumor_4791.jpg,Tumor,1
train,dataset\Hyperspectral_tumor_images\Hyperspectral_kidney_tumor_3936.jpg,Tumor,1
train,dataset\Hyperspectral_normal_images\Hyperspectral_kidney_normal_1577.jpg,Normal,0
train,dataset\Hyperspectral_tumor_images\Hyperspectral_kidney_tumor_0181.jpg,Tumor,1
train,dataset\Hyperspectral_normal_images\Hyperspectral_kidney_normal_2245.jpg,Normal,0
train,dataset\Hyperspectral_normal_images\Hyperspectral_kidney_normal_4893.jpg,Normal,0
train,dataset\Hyperspectral_normal_images\Hyperspectral_kidney_normal_0903.jpg,Normal,0
train,dataset\Hyperspectral_tumor_images\Hyperspectral_kidney_tumor_1536.jpg,Tumor,1
train,dataset\Hyperspectral_tumor_images\Hyperspectral_kidney_tumor_1396.jpg,Tumor,1
train,dataset\Hyperspectral_tumor_images\Hyperspectral_kidney_tumor_2200.jpg,Tumor,1
train,dataset\Hyperspectral_normal_images\Hyperspectral_kidney_normal_0125.jpg,Normal,0
train,dataset\Hyperspectral_tumor_images\Hyperspectral_kidney_tumor_0574.jpg,Tumor,1
train,dataset\Hyperspectral_tumor_images\Hyperspectral_kidney_tumor_3533.jpg,Tumor,1
train,dataset\Hyperspectral_tumor_images\Hyperspectral_kidney_tumor_4061.jpg,Tumor,1
train,dataset\Hyperspectral_tumor_images\Hyperspectral_kidney_tumor_3907.jpg,Tumor,1
train,dataset\Hyperspectral_normal_images\Hyperspectral_kidney_normal_2143.jpg,Normal,0
train,dataset\Hyperspectral_tumor_images\Hyperspectral_kidney_tumor_4405.jpg,Tumor,1
train,dataset\Hyperspectral_normal_images\Hyperspectral_kidney_normal_4320.jpg,Normal,0
train,dataset\Hyperspectral_normal_images\Hyperspectral_kidney_normal_4865.jpg,Normal,0
train,dataset\Hyperspectral_normal_images\Hyperspectral_kidney_normal_2359.jpg,Normal,0
train,dataset\Hyperspectral_tumor_images\Hyperspectral_kidney_tumor_3654.jpg,Tumor,1
train,dataset\Hyperspectral_normal_images\Hyperspectral_kidney_normal_2975.jpg,Normal,0
train,dataset\Hyperspectral_normal_images\Hyperspectral_kidney_normal_2516.jpg,Normal,0
train,dataset\Hyperspectral_tumor_images\Hyperspectral_kidney_tumor_1065.jpg,Tumor,1
train,dataset\Hyperspectral_normal_images\Hyperspectral_kidney_normal_0964.jpg,Normal,0
train,dataset\Hyperspectral_normal_images\Hyperspectral_kidney_normal_0083.jpg,Normal,0
train,dataset\Hyperspectral_normal_images\Hyperspectral_kidney_normal_2112.jpg,Normal,0
train,dataset\Hyperspectral_normal_images\Hyperspectral_kidney_normal_4558.jpg,Normal,0
train,dataset\Hyperspectral_normal_images\Hyperspectral_kidney_normal_3484.jpg,Normal,0
train,dataset\Hyperspectral_normal_images\Hyperspectral_kidney_normal_1982.jpg,Normal,0
train,dataset\Hyperspectral_tumor_images\Hyperspectral_kidney_tumor_0721.jpg,Tumor,1
train,dataset\Hyperspectral_tumor_images\Hyperspectral_kidney_tumor_0665.jpg,Tumor,1
train,dataset\Hyperspectral_tumor_images\Hyperspectral_kidney_tumor_0200.jpg,Tumor,1
train,dataset\Hyperspectral_normal_images\Hyperspectral_kidney_normal_1358.jpg,Normal,0
train,dataset\Hyperspectral_tumor_images\Hyperspectral_kidney_tumor_0358.jpg,Tumor,1
train,dataset\Hyperspectral_tumor_images\Hyperspectral_kidney_tumor_3700.jpg,Tumor,1
train,dataset\Hyperspectral_normal_images\Hyperspectral_kidney_normal_4616.jpg,Normal,0
train,dataset\Hyperspectral_normal_images\Hyperspectral_kidney_normal_3018.jpg,Normal,0
train,dataset\Hyperspectral_normal_images\Hyperspectral_kidney_normal_2521.jpg,Normal,0
train,dataset\Hyperspectral_tumor_images\Hyperspectral_kidney_tumor_3241.jpg,Tumor,1
train,dataset\Hyperspectral_normal_images\Hyperspectral_kidney_normal_4560.jpg,Normal,0
train,dataset\Hyperspectral_normal_images\Hyperspectral_kidney_normal_1900.jpg,Normal,0
train,dataset\Hyperspectral_tumor_images\Hyperspectral_kidney_tumor_3810.jpg,Tumor,1
train,dataset\Hyperspectral_tumor_images\Hyperspectral_kidney_tumor_2944.jpg,Tumor,1
train,dataset\Hyperspectral_normal_images\Hyperspectral_kidney_normal_2457.jpg,Normal,0
train,dataset\Hyperspectral_normal_images\Hyperspectral_kidney_normal_0811.jpg,Normal,0
train,dataset\Hyperspectral_tumor_images\Hyperspectral_kidney_tumor_2381.jpg,Tumor,1
train,dataset\Hyperspectral_tumor_images\Hyperspectral_kidney_tumor_4260.jpg,Tumor,1
train,dataset\Hyperspectral_normal_images\Hyperspectral_kidney_normal_3641.jpg,Normal,0
train,dataset\Hyperspectral_tumor_images\Hyperspectral_kidney_tumor_0906.jpg,Tumor,1
train,dataset\Hyperspectral_normal_images\Hyperspectral_kidney_normal_0548.jpg,Normal,0
train,dataset\Hyperspectral_normal_images\Hyperspectral_kidney_normal_1139.jpg,Normal,0
train,dataset\Hyperspectral_normal_images\Hyperspectral_kidney_normal_1316.jpg,Normal,0
train,dataset\Hyperspectral_normal_images\Hyperspectral_kidney_normal_1190.jpg,Normal,0
train,dataset\Hyperspectral_normal_images\Hyperspectral_kidney_normal_0392.jpg,Normal,0
train,dataset\Hyperspectral_tumor_images\Hyperspectral_kidney_tumor_2131.jpg,Tumor,1
train,dataset\Hyperspectral_tumor_images\Hyperspectral_kidney_tumor_0426.jpg,Tumor,1
train,dataset\Hyperspectral_tumor_images\Hyperspectral_kidney_tumor_1208.jpg,Tumor,1
train,dataset\Hyperspectral_tumor_images\Hyperspectral_kidney_tumor_0380.jpg,Tumor,1
train,dataset\Hyperspectral_normal_images\Hyperspectral_kidney_normal_3436.jpg,Normal,0
train,dataset\Hyperspectral_normal_images\Hyperspectral_kidney_normal_2095.jpg,Normal,0
train,dataset\Hyperspectral_normal_images\Hyperspectral_kidney_normal_0064.jpg,Normal,0
train,dataset\Hyperspectral_normal_images\Hyperspectral_kidney_normal_2981.jpg,Normal,0
train,dataset\Hyperspectral_normal_images\Hyperspectral_kidney_normal_1739.jpg,Normal,0
train,dataset\Hyperspectral_normal_images\Hyperspectral_kidney_normal_2414.jpg,Normal,0
train,dataset\Hyperspectral_tumor_images\Hyperspectral_kidney_tumor_3522.jpg,Tumor,1
train,dataset\Hyperspectral_tumor_images\Hyperspectral_kidney_tumor_4381.jpg,Tumor,1
train,dataset\Hyperspectral_tumor_images\Hyperspectral_kidney_tumor_4960.jpg,Tumor,1
train,dataset\Hyperspectral_tumor_images\Hyperspectral_kidney_tumor_4319.jpg,Tumor,1
train,dataset\Hyperspectral_normal_images\Hyperspectral_kidney_normal_2159.jpg,Normal,0
train,dataset\Hyperspectral_tumor_images\Hyperspectral_kidney_tumor_0521.jpg,Tumor,1
train,dataset\Hyperspectral_tumor_images\Hyperspectral_kidney_tumor_2881.jpg,Tumor,1
train,dataset\Hyperspectral_normal_images\Hyperspectral_kidney_normal_1565.jpg,Normal,0
train,dataset\Hyperspectral_tumor_images\Hyperspectral_kidney_tumor_3947.jpg,Tumor,1
train,dataset\Hyperspectral_tumor_images\Hyperspectral_kidney_tumor_0321.jpg,Tumor,1
train,dataset\Hyperspectral_tumor_images\Hyperspectral_kidney_tumor_1223.jpg,Tumor,1
train,dataset\Hyperspectral_tumor_images\Hyperspectral_kidney_tumor_4796.jpg,Tumor,1
train,dataset\Hyperspectral_tumor_images\Hyperspectral_kidney_tumor_3335.jpg,Tumor,1
train,dataset\Hyperspectral_tumor_images\Hyperspectral_kidney_tumor_2044.jpg,Tumor,1
train,dataset\Hyperspectral_tumor_images\Hyperspectral_kidney_tumor_0470.jpg,Tumor,1
train,dataset\Hyperspectral_tumor_images\Hyperspectral_kidney_tumor_0125.jpg,Tumor,1
train,dataset\Hyperspectral_tumor_images\Hyperspectral_kidney_tumor_2834.jpg,Tumor,1
train,dataset\Hyperspectral_normal_images\Hyperspectral_kidney_normal_4321.jpg,Normal,0
train,dataset\Hyperspectral_tumor_images\Hyperspectral_kidney_tumor_2043.jpg,Tumor,1
train,dataset\Hyperspectral_normal_images\Hyperspectral_kidney_normal_0127.jpg,Normal,0
train,dataset\Hyperspectral_normal_images\Hyperspectral_kidney_normal_2740.jpg,Normal,0
train,dataset\Hyperspectral_normal_images\Hyperspectral_kidney_normal_0434.jpg,Normal,0
train,dataset\Hyperspectral_tumor_images\Hyperspectral_kidney_tumor_0270.jpg,Tumor,1
train,dataset\Hyperspectral_normal_images\Hyperspectral_kidney_normal_4759.jpg,Normal,0
train,dataset\Hyperspectral_tumor_images\Hyperspectral_kidney_tumor_0312.jpg,Tumor,1
train,dataset\Hyperspectral_normal_images\Hyperspectral_kidney_normal_2767.jpg,Normal,0
train,dataset\Hyperspectral_normal_images\Hyperspectral_kidney_normal_1586.jpg,Normal,0
train,dataset\Hyperspectral_normal_images\Hyperspectral_kidney_normal_4811.jpg,Normal,0
train,dataset\Hyperspectral_normal_images\Hyperspectral_kidney_normal_2893.jpg,Normal,0
train,dataset\Hyperspectral_tumor_images\Hyperspectral_kidney_tumor_0946.jpg,Tumor,1
train,dataset\Hyperspectral_normal_images\Hyperspectral_kidney_normal_2679.jpg,Normal,0
train,dataset\Hyperspectral_tumor_images\Hyperspectral_kidney_tumor_3915.jpg,Tumor,1
train,dataset\Hyperspectral_tumor_images\Hyperspectral_kidney_tumor_2649.jpg,Tumor,1
train,dataset\Hyperspectral_tumor_images\Hyperspectral_kidney_tumor_2189.jpg,Tumor,1
train,dataset\Hyperspectral_tumor_images\Hyperspectral_kidney_tumor_2792.jpg,Tumor,1
train,dataset\Hyperspectral_tumor_images\Hyperspectral_kidney_tumor_3855.jpg,Tumor,1
train,dataset\Hyperspectral_tumor_images\Hyperspectral_kidney_tumor_1959.jpg,Tumor,1
train,dataset\Hyperspectral_tumor_images\Hyperspectral_kidney_tumor_2377.jpg,Tumor,1
train,dataset\Hyperspectral_tumor_images\Hyperspectral_kidney_tumor_3893.jpg,Tumor,1
train,dataset\Hyperspectral_tumor_images\Hyperspectral_kidney_tumor_2977.jpg,Tumor,1
train,dataset\Hyperspectral_tumor_images\Hyperspectral_kidney_tumor_3422.jpg,Tumor,1
train,dataset\Hyperspectral_normal_images\Hyperspectral_kidney_normal_4326.jpg,Normal,0
train,dataset\Hyperspectral_normal_images\Hyperspectral_kidney_normal_4997.jpg,Normal,0
train,dataset\Hyperspectral_normal_images\Hyperspectral_kidney_normal_3812.jpg,Normal,0
train,dataset\Hyperspectral_tumor_images\Hyperspectral_kidney_tumor_2134.jpg,Tumor,1
train,dataset\Hyperspectral_normal_images\Hyperspectral_kidney_normal_3162.jpg,Normal,0
train,dataset\Hyperspectral_normal_images\Hyperspectral_kidney_normal_3900.jpg,Normal,0
train,dataset\Hyperspectral_normal_images\Hyperspectral_kidney_normal_4866.jpg,Normal,0
train,dataset\Hyperspectral_tumor_images\Hyperspectral_kidney_tumor_3859.jpg,Tumor,1
train,dataset\Hyperspectral_tumor_images\Hyperspectral_kidney_tumor_1614.jpg,Tumor,1
train,dataset\Hyperspectral_tumor_images\Hyperspectral_kidney_tumor_0502.jpg,Tumor,1
train,dataset\Hyperspectral_normal_images\Hyperspectral_kidney_normal_0289.jpg,Normal,0
train,dataset\Hyperspectral_tumor_images\Hyperspectral_kidney_tumor_1528.jpg,Tumor,1
train,dataset\Hyperspectral_normal_images\Hyperspectral_kidney_normal_3267.jpg,Normal,0
train,dataset\Hyperspectral_tumor_images\Hyperspectral_kidney_tumor_0582.jpg,Tumor,1
train,dataset\Hyperspectral_normal_images\Hyperspectral_kidney_normal_2876.jpg,Normal,0
train,dataset\Hyperspectral_normal_images\Hyperspectral_kidney_normal_0638.jpg,Normal,0
train,dataset\Hyperspectral_normal_images\Hyperspectral_kidney_normal_3240.jpg,Normal,0
train,dataset\Hyperspectral_normal_images\Hyperspectral_kidney_normal_1394.jpg,Normal,0
train,dataset\Hyperspectral_tumor_images\Hyperspectral_kidney_tumor_2358.jpg,Tumor,1
train,dataset\Hyperspectral_tumor_images\Hyperspectral_kidney_tumor_1496.jpg,Tumor,1
train,dataset\Hyperspectral_normal_images\Hyperspectral_kidney_normal_3619.jpg,Normal,0
train,dataset\Hyperspectral_normal_images\Hyperspectral_kidney_normal_1952.jpg,Normal,0
train,dataset\Hyperspectral_normal_images\Hyperspectral_kidney_normal_4462.jpg,Normal,0
train,dataset\Hyperspectral_tumor_images\Hyperspectral_kidney_tumor_1888.jpg,Tumor,1
train,dataset\Hyperspectral_tumor_images\Hyperspectral_kidney_tumor_4902.jpg,Tumor,1
train,dataset\Hyperspectral_normal_images\Hyperspectral_kidney_normal_1655.jpg,Normal,0
train,dataset\Hyperspectral_normal_images\Hyperspectral_kidney_normal_2888.jpg,Normal,0
train,dataset\Hyperspectral_normal_images\Hyperspectral_kidney_normal_0168.jpg,Normal,0
train,dataset\Hyperspectral_normal_images\Hyperspectral_kidney_normal_2783.jpg,Normal,0
train,dataset\Hyperspectral_tumor_images\Hyperspectral_kidney_tumor_0854.jpg,Tumor,1
train,dataset\Hyperspectral_normal_images\Hyperspectral_kidney_normal_3538.jpg,Normal,0
train,dataset\Hyperspectral_normal_images\Hyperspectral_kidney_normal_4122.jpg,Normal,0
train,dataset\Hyperspectral_normal_images\Hyperspectral_kidney_normal_4867.jpg,Normal,0
train,dataset\Hyperspectral_normal_images\Hyperspectral_kidney_normal_2762.jpg,Normal,0
train,dataset\Hyperspectral_tumor_images\Hyperspectral_kidney_tumor_4189.jpg,Tumor,1
train,dataset\Hyperspectral_normal_images\Hyperspectral_kidney_normal_0050.jpg,Normal,0
train,dataset\Hyperspectral_tumor_images\Hyperspectral_kidney_tumor_4984.jpg,Tumor,1
train,dataset\Hyperspectral_normal_images\Hyperspectral_kidney_normal_1409.jpg,Normal,0
train,dataset\Hyperspectral_tumor_images\Hyperspectral_kidney_tumor_1149.jpg,Tumor,1
train,dataset\Hyperspectral_tumor_images\Hyperspectral_kidney_tumor_3252.jpg,Tumor,1
train,dataset\Hyperspectral_tumor_images\Hyperspectral_kidney_tumor_2474.jpg,Tumor,1
train,dataset\Hyperspectral_normal_images\Hyperspectral_kidney_normal_1507.jpg,Normal,0
train,dataset\Hyperspectral_normal_images\Hyperspectral_kidney_normal_4688.jpg,Normal,0
train,dataset\Hyperspectral_normal_images\Hyperspectral_kidney_normal_3069.jpg,Normal,0
train,dataset\Hyperspectral_normal_images\Hyperspectral_kidney_normal_0363.jpg,Normal,0
train,dataset\Hyperspectral_normal_images\Hyperspectral_kidney_normal_4168.jpg,Normal,0
train,dataset\Hyperspectral_normal_images\Hyperspectral_kidney_normal_0717.jpg,Normal,0
train,dataset\Hyperspectral_normal_images\Hyperspectral_kidney_normal_2751.jpg,Normal,0
train,dataset\Hyperspectral_normal_images\Hyperspectral_kidney_normal_1660.jpg,Normal,0
train,dataset\Hyperspectral_tumor_images\Hyperspectral_kidney_tumor_0166.jpg,Tumor,1
train,dataset\Hyperspectral_normal_images\Hyperspectral_kidney_normal_3309.jpg,Normal,0
train,dataset\Hyperspectral_normal_images\Hyperspectral_kidney_normal_4650.jpg,Normal,0
train,dataset\Hyperspectral_tumor_images\Hyperspectral_kidney_tumor_0050.jpg,Tumor,1
train,dataset\Hyperspectral_tumor_images\Hyperspectral_kidney_tumor_3820.jpg,Tumor,1
train,dataset\Hyperspectral_normal_images\Hyperspectral_kidney_normal_3815.jpg,Normal,0
train,dataset\Hyperspectral_tumor_images\Hyperspectral_kidney_tumor_3067.jpg,Tumor,1
train,dataset\Hyperspectral_tumor_images\Hyperspectral_kidney_tumor_4499.jpg,Tumor,1
train,dataset\Hyperspectral_tumor_images\Hyperspectral_kidney_tumor_4957.jpg,Tumor,1
train,dataset\Hyperspectral_normal_images\Hyperspectral_kidney_normal_2046.jpg,Normal,0
train,dataset\Hyperspectral_tumor_images\Hyperspectral_kidney_tumor_4932.jpg,Tumor,1
train,dataset\Hyperspectral_tumor_images\Hyperspectral_kidney_tumor_4472.jpg,Tumor,1
train,dataset\Hyperspectral_normal_images\Hyperspectral_kidney_normal_2714.jpg,Normal,0
train,dataset\Hyperspectral_normal_images\Hyperspectral_kidney_normal_0853.jpg,Normal,0
train,dataset\Hyperspectral_tumor_images\Hyperspectral_kidney_tumor_4934.jpg,Tumor,1
train,dataset\Hyperspectral_normal_images\Hyperspectral_kidney_normal_1017.jpg,Normal,0
train,dataset\Hyperspectral_normal_images\Hyperspectral_kidney_normal_0994.jpg,Normal,0
train,dataset\Hyperspectral_normal_images\Hyperspectral_kidney_normal_4369.jpg,Normal,0
train,dataset\Hyperspectral_tumor_images\Hyperspectral_kidney_tumor_1168.jpg,Tumor,1
train,dataset\Hyperspectral_tumor_images\Hyperspectral_kidney_tumor_3624.jpg,Tumor,1
train,dataset\Hyperspectral_tumor_images\Hyperspectral_kidney_tumor_3056.jpg,Tumor,1
train,dataset\Hyperspectral_normal_images\Hyperspectral_kidney_normal_2510.jpg,Normal,0
train,dataset\Hyperspectral_normal_images\Hyperspectral_kidney_normal_1102.jpg,Normal,0
train,dataset\Hyperspectral_normal_images\Hyperspectral_kidney_normal_4236.jpg,Normal,0
train,dataset\Hyperspectral_tumor_images\Hyperspectral_kidney_tumor_4684.jpg,Tumor,1
train,dataset\Hyperspectral_tumor_images\Hyperspectral_kidney_tumor_2486.jpg,Tumor,1
train,dataset\Hyperspectral_tumor_images\Hyperspectral_kidney_tumor_0058.jpg,Tumor,1
train,dataset\Hyperspectral_normal_images\Hyperspectral_kidney_normal_4447.jpg,Normal,0
train,dataset\Hyperspectral_normal_images\Hyperspectral_kidney_normal_4607.jpg,Normal,0
train,dataset\Hyperspectral_tumor_images\Hyperspectral_kidney_tumor_4916.jpg,Tumor,1
train,dataset\Hyperspectral_tumor_images\Hyperspectral_kidney_tumor_0359.jpg,Tumor,1
train,dataset\Hyperspectral_normal_images\Hyperspectral_kidney_normal_1007.jpg,Normal,0
train,dataset\Hyperspectral_normal_images\Hyperspectral_kidney_normal_2500.jpg,Normal,0
train,dataset\Hyperspectral_tumor_images\Hyperspectral_kidney_tumor_2485.jpg,Tumor,1
train,dataset\Hyperspectral_normal_images\Hyperspectral_kidney_normal_0040.jpg,Normal,0
train,dataset\Hyperspectral_tumor_images\Hyperspectral_kidney_tumor_3468.jpg,Tumor,1
train,dataset\Hyperspectral_tumor_images\Hyperspectral_kidney_tumor_1980.jpg,Tumor,1
train,dataset\Hyperspectral_tumor_images\Hyperspectral_kidney_tumor_4425.jpg,Tumor,1
train,dataset\Hyperspectral_normal_images\Hyperspectral_kidney_normal_0433.jpg,Normal,0
train,dataset\Hyperspectral_tumor_images\Hyperspectral_kidney_tumor_0006.jpg,Tumor,1
train,dataset\Hyperspectral_normal_images\Hyperspectral_kidney_normal_2890.jpg,Normal,0
train,dataset\Hyperspectral_normal_images\Hyperspectral_kidney_normal_3211.jpg,Normal,0
train,dataset\Hyperspectral_normal_images\Hyperspectral_kidney_normal_2802.jpg,Normal,0
train,dataset\Hyperspectral_tumor_images\Hyperspectral_kidney_tumor_1949.jpg,Tumor,1
train,dataset\Hyperspectral_tumor_images\Hyperspectral_kidney_tumor_4709.jpg,Tumor,1
train,dataset\Hyperspectral_normal_images\Hyperspectral_kidney_normal_2863.jpg,Normal,0
train,dataset\Hyperspectral_normal_images\Hyperspectral_kidney_normal_1843.jpg,Normal,0
train,dataset\Hyperspectral_tumor_images\Hyperspectral_kidney_tumor_4445.jpg,Tumor,1
train,dataset\Hyperspectral_normal_images\Hyperspectral_kidney_normal_0891.jpg,Normal,0
train,dataset\Hyperspectral_normal_images\Hyperspectral_kidney_normal_0645.jpg,Normal,0
train,dataset\Hyperspectral_normal_images\Hyperspectral_kidney_normal_0534.jpg,Normal,0
train,dataset\Hyperspectral_normal_images\Hyperspectral_kidney_normal_1861.jpg,Normal,0
train,dataset\Hyperspectral_normal_images\Hyperspectral_kidney_normal_4810.jpg,Normal,0
train,dataset\Hyperspectral_tumor_images\Hyperspectral_kidney_tumor_0886.jpg,Tumor,1
train,dataset\Hyperspectral_normal_images\Hyperspectral_kidney_normal_4738.jpg,Normal,0
train,dataset\Hyperspectral_tumor_images\Hyperspectral_kidney_tumor_1121.jpg,Tumor,1
train,dataset\Hyperspectral_normal_images\Hyperspectral_kidney_normal_1719.jpg,Normal,0
train,dataset\Hyperspectral_normal_images\Hyperspectral_kidney_normal_3833.jpg,Normal,0
train,dataset\Hyperspectral_normal_images\Hyperspectral_kidney_normal_0673.jpg,Normal,0
train,dataset\Hyperspectral_tumor_images\Hyperspectral_kidney_tumor_4462.jpg,Tumor,1
train,dataset\Hyperspectral_normal_images\Hyperspectral_kidney_normal_0438.jpg,Normal,0
train,dataset\Hyperspectral_tumor_images\Hyperspectral_kidney_tumor_3971.jpg,Tumor,1
train,dataset\Hyperspectral_tumor_images\Hyperspectral_kidney_tumor_4888.jpg,Tumor,1
train,dataset\Hyperspectral_normal_images\Hyperspectral_kidney_normal_1000.jpg,Normal,0
train,dataset\Hyperspectral_tumor_images\Hyperspectral_kidney_tumor_2022.jpg,Tumor,1
train,dataset\Hyperspectral_normal_images\Hyperspectral_kidney_normal_3480.jpg,Normal,0
train,dataset\Hyperspectral_tumor_images\Hyperspectral_kidney_tumor_0931.jpg,Tumor,1
train,dataset\Hyperspectral_normal_images\Hyperspectral_kidney_normal_2315.jpg,Normal,0
train,dataset\Hyperspectral_tumor_images\Hyperspectral_kidney_tumor_0507.jpg,Tumor,1
train,dataset\Hyperspectral_tumor_images\Hyperspectral_kidney_tumor_3487.jpg,Tumor,1
train,dataset\Hyperspectral_tumor_images\Hyperspectral_kidney_tumor_3497.jpg,Tumor,1
train,dataset\Hyperspectral_normal_images\Hyperspectral_kidney_normal_4052.jpg,Normal,0
train,dataset\Hyperspectral_tumor_images\Hyperspectral_kidney_tumor_0292.jpg,Tumor,1
train,dataset\Hyperspectral_tumor_images\Hyperspectral_kidney_tumor_2679.jpg,Tumor,1
train,dataset\Hyperspectral_normal_images\Hyperspectral_kidney_normal_4762.jpg,Normal,0
train,dataset\Hyperspectral_tumor_images\Hyperspectral_kidney_tumor_0390.jpg,Tumor,1
train,dataset\Hyperspectral_normal_images\Hyperspectral_kidney_normal_4308.jpg,Normal,0
train,dataset\Hyperspectral_normal_images\Hyperspectral_kidney_normal_1433.jpg,Normal,0
train,dataset\Hyperspectral_tumor_images\Hyperspectral_kidney_tumor_1955.jpg,Tumor,1
train,dataset\Hyperspectral_normal_images\Hyperspectral_kidney_normal_3705.jpg,Normal,0
train,dataset\Hyperspectral_normal_images\Hyperspectral_kidney_normal_3030.jpg,Normal,0
train,dataset\Hyperspectral_normal_images\Hyperspectral_kidney_normal_2973.jpg,Normal,0
train,dataset\Hyperspectral_normal_images\Hyperspectral_kidney_normal_3403.jpg,Normal,0
train,dataset\Hyperspectral_tumor_images\Hyperspectral_kidney_tumor_2164.jpg,Tumor,1
train,dataset\Hyperspectral_normal_images\Hyperspectral_kidney_normal_3690.jpg,Normal,0
train,dataset\Hyperspectral_tumor_images\Hyperspectral_kidney_tumor_2427.jpg,Tumor,1
train,dataset\Hyperspectral_tumor_images\Hyperspectral_kidney_tumor_0625.jpg,Tumor,1
train,dataset\Hyperspectral_normal_images\Hyperspectral_kidney_normal_2151.jpg,Normal,0
train,dataset\Hyperspectral_normal_images\Hyperspectral_kidney_normal_4722.jpg,Normal,0
train,dataset\Hyperspectral_tumor_images\Hyperspectral_kidney_tumor_3520.jpg,Tumor,1
train,dataset\Hyperspectral_tumor_images\Hyperspectral_kidney_tumor_1017.jpg,Tumor,1
train,dataset\Hyperspectral_tumor_images\Hyperspectral_kidney_tumor_3957.jpg,Tumor,1
train,dataset\Hyperspectral_normal_images\Hyperspectral_kidney_normal_0915.jpg,Normal,0
train,dataset\Hyperspectral_normal_images\Hyperspectral_kidney_normal_1359.jpg,Normal,0
train,dataset\Hyperspectral_normal_images\Hyperspectral_kidney_normal_2293.jpg,Normal,0
train,dataset\Hyperspectral_normal_images\Hyperspectral_kidney_normal_4252.jpg,Normal,0
train,dataset\Hyperspectral_normal_images\Hyperspectral_kidney_normal_4295.jpg,Normal,0
train,dataset\Hyperspectral_tumor_images\Hyperspectral_kidney_tumor_0091.jpg,Tumor,1
train,dataset\Hyperspectral_normal_images\Hyperspectral_kidney_normal_1604.jpg,Normal,0
train,dataset\Hyperspectral_tumor_images\Hyperspectral_kidney_tumor_4703.jpg,Tumor,1
train,dataset\Hyperspectral_normal_images\Hyperspectral_kidney_normal_4106.jpg,Normal,0
train,dataset\Hyperspectral_tumor_images\Hyperspectral_kidney_tumor_1921.jpg,Tumor,1
train,dataset\Hyperspectral_normal_images\Hyperspectral_kidney_normal_1901.jpg,Normal,0
train,dataset\Hyperspectral_normal_images\Hyperspectral_kidney_normal_1022.jpg,Normal,0
train,dataset\Hyperspectral_normal_images\Hyperspectral_kidney_normal_0248.jpg,Normal,0
train,dataset\Hyperspectral_tumor_images\Hyperspectral_kidney_tumor_0404.jpg,Tumor,1
train,dataset\Hyperspectral_tumor_images\Hyperspectral_kidney_tumor_0098.jpg,Tumor,1
train,dataset\Hyperspectral_normal_images\Hyperspectral_kidney_normal_1614.jpg,Normal,0
train,dataset\Hyperspectral_normal_images\Hyperspectral_kidney_normal_2692.jpg,Normal,0
train,dataset\Hyperspectral_tumor_images\Hyperspectral_kidney_tumor_0481.jpg,Tumor,1
train,dataset\Hyperspectral_normal_images\Hyperspectral_kidney_normal_3681.jpg,Normal,0
train,dataset\Hyperspectral_normal_images\Hyperspectral_kidney_normal_1335.jpg,Normal,0
train,dataset\Hyperspectral_tumor_images\Hyperspectral_kidney_tumor_0165.jpg,Tumor,1
train,dataset\Hyperspectral_tumor_images\Hyperspectral_kidney_tumor_0843.jpg,Tumor,1
train,dataset\Hyperspectral_tumor_images\Hyperspectral_kidney_tumor_4229.jpg,Tumor,1
train,dataset\Hyperspectral_tumor_images\Hyperspectral_kidney_tumor_2393.jpg,Tumor,1
train,dataset\Hyperspectral_normal_images\Hyperspectral_kidney_normal_0085.jpg,Normal,0
train,dataset\Hyperspectral_normal_images\Hyperspectral_kidney_normal_1474.jpg,Normal,0
train,dataset\Hyperspectral_normal_images\Hyperspectral_kidney_normal_4103.jpg,Normal,0
train,dataset\Hyperspectral_normal_images\Hyperspectral_kidney_normal_4908.jpg,Normal,0
train,dataset\Hyperspectral_normal_images\Hyperspectral_kidney_normal_0860.jpg,Normal,0
train,dataset\Hyperspectral_tumor_images\Hyperspectral_kidney_tumor_3584.jpg,Tumor,1
train,dataset\Hyperspectral_normal_images\Hyperspectral_kidney_normal_3238.jpg,Normal,0
train,dataset\Hyperspectral_tumor_images\Hyperspectral_kidney_tumor_0411.jpg,Tumor,1
train,dataset\Hyperspectral_tumor_images\Hyperspectral_kidney_tumor_3723.jpg,Tumor,1
train,dataset\Hyperspectral_normal_images\Hyperspectral_kidney_normal_3638.jpg,Normal,0
train,dataset\Hyperspectral_normal_images\Hyperspectral_kidney_normal_3325.jpg,Normal,0
train,dataset\Hyperspectral_normal_images\Hyperspectral_kidney_normal_1044.jpg,Normal,0
train,dataset\Hyperspectral_normal_images\Hyperspectral_kidney_normal_0706.jpg,Normal,0
train,dataset\Hyperspectral_tumor_images\Hyperspectral_kidney_tumor_3462.jpg,Tumor,1
train,dataset\Hyperspectral_normal_images\Hyperspectral_kidney_normal_3406.jpg,Normal,0
train,dataset\Hyperspectral_normal_images\Hyperspectral_kidney_normal_4400.jpg,Normal,0
train,dataset\Hyperspectral_normal_images\Hyperspectral_kidney_normal_3735.jpg,Normal,0
train,dataset\Hyperspectral_normal_images\Hyperspectral_kidney_normal_2030.jpg,Normal,0
train,dataset\Hyperspectral_normal_images\Hyperspectral_kidney_normal_4131.jpg,Normal,0
train,dataset\Hyperspectral_tumor_images\Hyperspectral_kidney_tumor_0548.jpg,Tumor,1
train,dataset\Hyperspectral_tumor_images\Hyperspectral_kidney_tumor_0714.jpg,Tumor,1
train,dataset\Hyperspectral_tumor_images\Hyperspectral_kidney_tumor_3937.jpg,Tumor,1
train,dataset\Hyperspectral_tumor_images\Hyperspectral_kidney_tumor_1366.jpg,Tumor,1
train,dataset\Hyperspectral_tumor_images\Hyperspectral_kidney_tumor_4574.jpg,Tumor,1
train,dataset\Hyperspectral_tumor_images\Hyperspectral_kidney_tumor_2568.jpg,Tumor,1
train,dataset\Hyperspectral_normal_images\Hyperspectral_kidney_normal_0830.jpg,Normal,0
train,dataset\Hyperspectral_tumor_images\Hyperspectral_kidney_tumor_1336.jpg,Tumor,1
train,dataset\Hyperspectral_normal_images\Hyperspectral_kidney_normal_4298.jpg,Normal,0
train,dataset\Hyperspectral_normal_images\Hyperspectral_kidney_normal_0834.jpg,Normal,0
train,dataset\Hyperspectral_normal_images\Hyperspectral_kidney_normal_0002.jpg,Normal,0
train,dataset\Hyperspectral_normal_images\Hyperspectral_kidney_normal_0342.jpg,Normal,0
train,dataset\Hyperspectral_normal_images\Hyperspectral_kidney_normal_4717.jpg,Normal,0
train,dataset\Hyperspectral_tumor_images\Hyperspectral_kidney_tumor_4355.jpg,Tumor,1
train,dataset\Hyperspectral_normal_images\Hyperspectral_kidney_normal_0346.jpg,Normal,0
train,dataset\Hyperspectral_normal_images\Hyperspectral_kidney_normal_3158.jpg,Normal,0
train,dataset\Hyperspectral_tumor_images\Hyperspectral_kidney_tumor_3638.jpg,Tumor,1
train,dataset\Hyperspectral_tumor_images\Hyperspectral_kidney_tumor_3029.jpg,Tumor,1
train,dataset\Hyperspectral_tumor_images\Hyperspectral_kidney_tumor_0669.jpg,Tumor,1
train,dataset\Hyperspectral_tumor_images\Hyperspectral_kidney_tumor_2460.jpg,Tumor,1
train,dataset\Hyperspectral_normal_images\Hyperspectral_kidney_normal_1099.jpg,Normal,0
train,dataset\Hyperspectral_normal_images\Hyperspectral_kidney_normal_0957.jpg,Normal,0
train,dataset\Hyperspectral_tumor_images\Hyperspectral_kidney_tumor_4526.jpg,Tumor,1
train,dataset\Hyperspectral_tumor_images\Hyperspectral_kidney_tumor_1639.jpg,Tumor,1
train,dataset\Hyperspectral_tumor_images\Hyperspectral_kidney_tumor_2270.jpg,Tumor,1
train,dataset\Hyperspectral_tumor_images\Hyperspectral_kidney_tumor_4885.jpg,Tumor,1
train,dataset\Hyperspectral_normal_images\Hyperspectral_kidney_normal_2135.jpg,Normal,0
train,dataset\Hyperspectral_normal_images\Hyperspectral_kidney_normal_2681.jpg,Normal,0
train,dataset\Hyperspectral_tumor_images\Hyperspectral_kidney_tumor_2961.jpg,Tumor,1
train,dataset\Hyperspectral_normal_images\Hyperspectral_kidney_normal_3531.jpg,Normal,0
train,dataset\Hyperspectral_normal_images\Hyperspectral_kidney_normal_3344.jpg,Normal,0
train,dataset\Hyperspectral_normal_images\Hyperspectral_kidney_normal_0450.jpg,Normal,0
train,dataset\Hyperspectral_normal_images\Hyperspectral_kidney_normal_4914.jpg,Normal,0
train,dataset\Hyperspectral_tumor_images\Hyperspectral_kidney_tumor_3534.jpg,Tumor,1
train,dataset\Hyperspectral_normal_images\Hyperspectral_kidney_normal_0082.jpg,Normal,0
train,dataset\Hyperspectral_normal_images\Hyperspectral_kidney_normal_3799.jpg,Normal,0
train,dataset\Hyperspectral_tumor_images\Hyperspectral_kidney_tumor_3080.jpg,Tumor,1
train,dataset\Hyperspectral_tumor_images\Hyperspectral_kidney_tumor_3958.jpg,Tumor,1
train,dataset\Hyperspectral_normal_images\Hyperspectral_kidney_normal_4793.jpg,Normal,0
train,dataset\Hyperspectral_tumor_images\Hyperspectral_kidney_tumor_4207.jpg,Tumor,1
train,dataset\Hyperspectral_normal_images\Hyperspectral_kidney_normal_4116.jpg,Normal,0
train,dataset\Hyperspectral_tumor_images\Hyperspectral_kidney_tumor_4956.jpg,Tumor,1
train,dataset\Hyperspectral_tumor_images\Hyperspectral_kidney_tumor_3960.jpg,Tumor,1
train,dataset\Hyperspectral_tumor_images\Hyperspectral_kidney_tumor_3239.jpg,Tumor,1
train,dataset\Hyperspectral_normal_images\Hyperspectral_kidney_normal_0826.jpg,Normal,0
train,dataset\Hyperspectral_normal_images\Hyperspectral_kidney_normal_2345.jpg,Normal,0
train,dataset\Hyperspectral_tumor_images\Hyperspectral_kidney_tumor_2662.jpg,Tumor,1
train,dataset\Hyperspectral_normal_images\Hyperspectral_kidney_normal_1098.jpg,Normal,0
train,dataset\Hyperspectral_tumor_images\Hyperspectral_kidney_tumor_0511.jpg,Tumor,1
train,dataset\Hyperspectral_normal_images\Hyperspectral_kidney_normal_2289.jpg,Normal,0
train,dataset\Hyperspectral_tumor_images\Hyperspectral_kidney_tumor_2472.jpg,Tumor,1
train,dataset\Hyperspectral_tumor_images\Hyperspectral_kidney_tumor_3174.jpg,Tumor,1
train,dataset\Hyperspectral_normal_images\Hyperspectral_kidney_normal_4573.jpg,Normal,0
train,dataset\Hyperspectral_normal_images\Hyperspectral_kidney_normal_1029.jpg,Normal,0
train,dataset\Hyperspectral_tumor_images\Hyperspectral_kidney_tumor_3900.jpg,Tumor,1
train,dataset\Hyperspectral_tumor_images\Hyperspectral_kidney_tumor_0543.jpg,Tumor,1
train,dataset\Hyperspectral_tumor_images\Hyperspectral_kidney_tumor_0575.jpg,Tumor,1
train,dataset\Hyperspectral_tumor_images\Hyperspectral_kidney_tumor_0107.jpg,Tumor,1
train,dataset\Hyperspectral_tumor_images\Hyperspectral_kidney_tumor_1248.jpg,Tumor,1
train,dataset\Hyperspectral_tumor_images\Hyperspectral_kidney_tumor_0514.jpg,Tumor,1
train,dataset\Hyperspectral_tumor_images\Hyperspectral_kidney_tumor_3214.jpg,Tumor,1
train,dataset\Hyperspectral_normal_images\Hyperspectral_kidney_normal_4314.jpg,Normal,0
train,dataset\Hyperspectral_normal_images\Hyperspectral_kidney_normal_2119.jpg,Normal,0
train,dataset\Hyperspectral_tumor_images\Hyperspectral_kidney_tumor_4724.jpg,Tumor,1
train,dataset\Hyperspectral_normal_images\Hyperspectral_kidney_normal_1601.jpg,Normal,0
train,dataset\Hyperspectral_normal_images\Hyperspectral_kidney_normal_2106.jpg,Normal,0
train,dataset\Hyperspectral_tumor_images\Hyperspectral_kidney_tumor_0530.jpg,Tumor,1
train,dataset\Hyperspectral_normal_images\Hyperspectral_kidney_normal_1623.jpg,Normal,0
train,dataset\Hyperspectral_normal_images\Hyperspectral_kidney_normal_0806.jpg,Normal,0
train,dataset\Hyperspectral_tumor_images\Hyperspectral_kidney_tumor_0019.jpg,Tumor,1
train,dataset\Hyperspectral_normal_images\Hyperspectral_kidney_normal_1109.jpg,Normal,0
train,dataset\Hyperspectral_normal_images\Hyperspectral_kidney_normal_4978.jpg,Normal,0
train,dataset\Hyperspectral_normal_images\Hyperspectral_kidney_normal_4821.jpg,Normal,0
train,dataset\Hyperspectral_tumor_images\Hyperspectral_kidney_tumor_4815.jpg,Tumor,1
train,dataset\Hyperspectral_tumor_images\Hyperspectral_kidney_tumor_4720.jpg,Tumor,1
train,dataset\Hyperspectral_normal_images\Hyperspectral_kidney_normal_1744.jpg,Normal,0
train,dataset\Hyperspectral_normal_images\Hyperspectral_kidney_normal_2329.jpg,Normal,0
train,dataset\Hyperspectral_normal_images\Hyperspectral_kidney_normal_4779.jpg,Normal,0
train,dataset\Hyperspectral_normal_images\Hyperspectral_kidney_normal_1478.jpg,Normal,0
train,dataset\Hyperspectral_tumor_images\Hyperspectral_kidney_tumor_4085.jpg,Tumor,1
train,dataset\Hyperspectral_tumor_images\Hyperspectral_kidney_tumor_0678.jpg,Tumor,1
train,dataset\Hyperspectral_tumor_images\Hyperspectral_kidney_tumor_4977.jpg,Tumor,1
train,dataset\Hyperspectral_tumor_images\Hyperspectral_kidney_tumor_2781.jpg,Tumor,1
train,dataset\Hyperspectral_normal_images\Hyperspectral_kidney_normal_3439.jpg,Normal,0
train,dataset\Hyperspectral_tumor_images\Hyperspectral_kidney_tumor_2838.jpg,Tumor,1
train,dataset\Hyperspectral_normal_images\Hyperspectral_kidney_normal_1597.jpg,Normal,0
train,dataset\Hyperspectral_tumor_images\Hyperspectral_kidney_tumor_1316.jpg,Tumor,1
train,dataset\Hyperspectral_tumor_images\Hyperspectral_kidney_tumor_0496.jpg,Tumor,1
train,dataset\Hyperspectral_tumor_images\Hyperspectral_kidney_tumor_1797.jpg,Tumor,1
train,dataset\Hyperspectral_normal_images\Hyperspectral_kidney_normal_1953.jpg,Normal,0
train,dataset\Hyperspectral_normal_images\Hyperspectral_kidney_normal_3975.jpg,Normal,0
train,dataset\Hyperspectral_normal_images\Hyperspectral_kidney_normal_1415.jpg,Normal,0
train,dataset\Hyperspectral_tumor_images\Hyperspectral_kidney_tumor_4498.jpg,Tumor,1
train,dataset\Hyperspectral_tumor_images\Hyperspectral_kidney_tumor_4251.jpg,Tumor,1
train,dataset\Hyperspectral_normal_images\Hyperspectral_kidney_normal_2075.jpg,Normal,0
train,dataset\Hyperspectral_tumor_images\Hyperspectral_kidney_tumor_1962.jpg,Tumor,1
train,dataset\Hyperspectral_tumor_images\Hyperspectral_kidney_tumor_1677.jpg,Tumor,1
train,dataset\Hyperspectral_tumor_images\Hyperspectral_kidney_tumor_2404.jpg,Tumor,1
train,dataset\Hyperspectral_tumor_images\Hyperspectral_kidney_tumor_3750.jpg,Tumor,1
train,dataset\Hyperspectral_normal_images\Hyperspectral_kidney_normal_4123.jpg,Normal,0
train,dataset\Hyperspectral_tumor_images\Hyperspectral_kidney_tumor_2540.jpg,Tumor,1
train,dataset\Hyperspectral_tumor_images\Hyperspectral_kidney_tumor_4447.jpg,Tumor,1
train,dataset\Hyperspectral_normal_images\Hyperspectral_kidney_normal_4992.jpg,Normal,0
train,dataset\Hyperspectral_tumor_images\Hyperspectral_kidney_tumor_2696.jpg,Tumor,1
train,dataset\Hyperspectral_tumor_images\Hyperspectral_kidney_tumor_2477.jpg,Tumor,1
train,dataset\Hyperspectral_normal_images\Hyperspectral_kidney_normal_4655.jpg,Normal,0
train,dataset\Hyperspectral_normal_images\Hyperspectral_kidney_normal_4475.jpg,Normal,0
train,dataset\Hyperspectral_normal_images\Hyperspectral_kidney_normal_0812.jpg,Normal,0
train,dataset\Hyperspectral_normal_images\Hyperspectral_kidney_normal_1106.jpg,Normal,0
train,dataset\Hyperspectral_normal_images\Hyperspectral_kidney_normal_1946.jpg,Normal,0
train,dataset\Hyperspectral_normal_images\Hyperspectral_kidney_normal_2985.jpg,Normal,0
train,dataset\Hyperspectral_normal_images\Hyperspectral_kidney_normal_3414.jpg,Normal,0
train,dataset\Hyperspectral_normal_images\Hyperspectral_kidney_normal_0503.jpg,Normal,0
train,dataset\Hyperspectral_normal_images\Hyperspectral_kidney_normal_0232.jpg,Normal,0
train,dataset\Hyperspectral_tumor_images\Hyperspectral_kidney_tumor_4581.jpg,Tumor,1
train,dataset\Hyperspectral_normal_images\Hyperspectral_kidney_normal_1696.jpg,Normal,0
train,dataset\Hyperspectral_tumor_images\Hyperspectral_kidney_tumor_3599.jpg,Tumor,1
train,dataset\Hyperspectral_normal_images\Hyperspectral_kidney_normal_2192.jpg,Normal,0
train,dataset\Hyperspectral_normal_images\Hyperspectral_kidney_normal_0097.jpg,Normal,0
train,dataset\Hyperspectral_tumor_images\Hyperspectral_kidney_tumor_1819.jpg,Tumor,1
train,dataset\Hyperspectral_tumor_images\Hyperspectral_kidney_tumor_0919.jpg,Tumor,1
train,dataset\Hyperspectral_normal_images\Hyperspectral_kidney_normal_0916.jpg,Normal,0
train,dataset\Hyperspectral_tumor_images\Hyperspectral_kidney_tumor_3665.jpg,Tumor,1
train,dataset\Hyperspectral_tumor_images\Hyperspectral_kidney_tumor_0187.jpg,Tumor,1
train,dataset\Hyperspectral_normal_images\Hyperspectral_kidney_normal_1219.jpg,Normal,0
train,dataset\Hyperspectral_normal_images\Hyperspectral_kidney_normal_2307.jpg,Normal,0
train,dataset\Hyperspectral_normal_images\Hyperspectral_kidney_normal_3397.jpg,Normal,0
train,dataset\Hyperspectral_normal_images\Hyperspectral_kidney_normal_4432.jpg,Normal,0
train,dataset\Hyperspectral_tumor_images\Hyperspectral_kidney_tumor_2836.jpg,Tumor,1
train,dataset\Hyperspectral_normal_images\Hyperspectral_kidney_normal_3803.jpg,Normal,0
train,dataset\Hyperspectral_normal_images\Hyperspectral_kidney_normal_2057.jpg,Normal,0
train,dataset\Hyperspectral_tumor_images\Hyperspectral_kidney_tumor_3832.jpg,Tumor,1
train,dataset\Hyperspectral_normal_images\Hyperspectral_kidney_normal_2651.jpg,Normal,0
train,dataset\Hyperspectral_normal_images\Hyperspectral_kidney_normal_3722.jpg,Normal,0
train,dataset\Hyperspectral_tumor_images\Hyperspectral_kidney_tumor_4850.jpg,Tumor,1
train,dataset\Hyperspectral_tumor_images\Hyperspectral_kidney_tumor_1358.jpg,Tumor,1
train,dataset\Hyperspectral_normal_images\Hyperspectral_kidney_normal_1516.jpg,Normal,0
train,dataset\Hyperspectral_normal_images\Hyperspectral_kidney_normal_0274.jpg,Normal,0
train,dataset\Hyperspectral_tumor_images\Hyperspectral_kidney_tumor_4735.jpg,Tumor,1
train,dataset\Hyperspectral_normal_images\Hyperspectral_kidney_normal_4193.jpg,Normal,0
train,dataset\Hyperspectral_normal_images\Hyperspectral_kidney_normal_1040.jpg,Normal,0
train,dataset\Hyperspectral_normal_images\Hyperspectral_kidney_normal_1846.jpg,Normal,0
train,dataset\Hyperspectral_normal_images\Hyperspectral_kidney_normal_4608.jpg,Normal,0
train,dataset\Hyperspectral_normal_images\Hyperspectral_kidney_normal_2910.jpg,Normal,0
train,dataset\Hyperspectral_normal_images\Hyperspectral_kidney_normal_0224.jpg,Normal,0
train,dataset\Hyperspectral_normal_images\Hyperspectral_kidney_normal_0630.jpg,Normal,0
train,dataset\Hyperspectral_tumor_images\Hyperspectral_kidney_tumor_4917.jpg,Tumor,1
train,dataset\Hyperspectral_tumor_images\Hyperspectral_kidney_tumor_0948.jpg,Tumor,1
train,dataset\Hyperspectral_normal_images\Hyperspectral_kidney_normal_1192.jpg,Normal,0
train,dataset\Hyperspectral_normal_images\Hyperspectral_kidney_normal_4734.jpg,Normal,0
train,dataset\Hyperspectral_tumor_images\Hyperspectral_kidney_tumor_0797.jpg,Tumor,1
train,dataset\Hyperspectral_tumor_images\Hyperspectral_kidney_tumor_2277.jpg,Tumor,1
train,dataset\Hyperspectral_normal_images\Hyperspectral_kidney_normal_1808.jpg,Normal,0
train,dataset\Hyperspectral_tumor_images\Hyperspectral_kidney_tumor_3713.jpg,Tumor,1
train,dataset\Hyperspectral_tumor_images\Hyperspectral_kidney_tumor_0961.jpg,Tumor,1
train,dataset\Hyperspectral_tumor_images\Hyperspectral_kidney_tumor_4294.jpg,Tumor,1
train,dataset\Hyperspectral_tumor_images\Hyperspectral_kidney_tumor_0497.jpg,Tumor,1
train,dataset\Hyperspectral_normal_images\Hyperspectral_kidney_normal_1685.jpg,Normal,0
train,dataset\Hyperspectral_normal_images\Hyperspectral_kidney_normal_1430.jpg,Normal,0
train,dataset\Hyperspectral_normal_images\Hyperspectral_kidney_normal_4826.jpg,Normal,0
train,dataset\Hyperspectral_normal_images\Hyperspectral_kidney_normal_3706.jpg,Normal,0
train,dataset\Hyperspectral_normal_images\Hyperspectral_kidney_normal_3392.jpg,Normal,0
train,dataset\Hyperspectral_tumor_images\Hyperspectral_kidney_tumor_1831.jpg,Tumor,1
train,dataset\Hyperspectral_normal_images\Hyperspectral_kidney_normal_0579.jpg,Normal,0
train,dataset\Hyperspectral_tumor_images\Hyperspectral_kidney_tumor_1021.jpg,Tumor,1
train,dataset\Hyperspectral_normal_images\Hyperspectral_kidney_normal_4554.jpg,Normal,0
train,dataset\Hyperspectral_tumor_images\Hyperspectral_kidney_tumor_2855.jpg,Tumor,1
train,dataset\Hyperspectral_tumor_images\Hyperspectral_kidney_tumor_0756.jpg,Tumor,1
train,dataset\Hyperspectral_tumor_images\Hyperspectral_kidney_tumor_4118.jpg,Tumor,1
train,dataset\Hyperspectral_normal_images\Hyperspectral_kidney_normal_0845.jpg,Normal,0
train,dataset\Hyperspectral_normal_images\Hyperspectral_kidney_normal_4143.jpg,Normal,0
train,dataset\Hyperspectral_tumor_images\Hyperspectral_kidney_tumor_2892.jpg,Tumor,1
train,dataset\Hyperspectral_tumor_images\Hyperspectral_kidney_tumor_3481.jpg,Tumor,1
train,dataset\Hyperspectral_normal_images\Hyperspectral_kidney_normal_1760.jpg,Normal,0
train,dataset\Hyperspectral_tumor_images\Hyperspectral_kidney_tumor_1213.jpg,Tumor,1
train,dataset\Hyperspectral_tumor_images\Hyperspectral_kidney_tumor_1419.jpg,Tumor,1
train,dataset\Hyperspectral_tumor_images\Hyperspectral_kidney_tumor_2766.jpg,Tumor,1
train,dataset\Hyperspectral_tumor_images\Hyperspectral_kidney_tumor_4586.jpg,Tumor,1
train,dataset\Hyperspectral_normal_images\Hyperspectral_kidney_normal_2704.jpg,Normal,0
train,dataset\Hyperspectral_normal_images\Hyperspectral_kidney_normal_0295.jpg,Normal,0
train,dataset\Hyperspectral_tumor_images\Hyperspectral_kidney_tumor_2591.jpg,Tumor,1
train,dataset\Hyperspectral_normal_images\Hyperspectral_kidney_normal_3613.jpg,Normal,0
train,dataset\Hyperspectral_tumor_images\Hyperspectral_kidney_tumor_3400.jpg,Tumor,1
train,dataset\Hyperspectral_normal_images\Hyperspectral_kidney_normal_1920.jpg,Normal,0
train,dataset\Hyperspectral_tumor_images\Hyperspectral_kidney_tumor_2369.jpg,Tumor,1
train,dataset\Hyperspectral_normal_images\Hyperspectral_kidney_normal_4707.jpg,Normal,0
train,dataset\Hyperspectral_normal_images\Hyperspectral_kidney_normal_1466.jpg,Normal,0
train,dataset\Hyperspectral_normal_images\Hyperspectral_kidney_normal_4664.jpg,Normal,0
train,dataset\Hyperspectral_normal_images\Hyperspectral_kidney_normal_1544.jpg,Normal,0
train,dataset\Hyperspectral_tumor_images\Hyperspectral_kidney_tumor_1298.jpg,Tumor,1
train,dataset\Hyperspectral_normal_images\Hyperspectral_kidney_normal_4921.jpg,Normal,0
train,dataset\Hyperspectral_normal_images\Hyperspectral_kidney_normal_0487.jpg,Normal,0
train,dataset\Hyperspectral_tumor_images\Hyperspectral_kidney_tumor_2737.jpg,Tumor,1
train,dataset\Hyperspectral_tumor_images\Hyperspectral_kidney_tumor_4033.jpg,Tumor,1
train,dataset\Hyperspectral_tumor_images\Hyperspectral_kidney_tumor_4955.jpg,Tumor,1
train,dataset\Hyperspectral_tumor_images\Hyperspectral_kidney_tumor_4322.jpg,Tumor,1
train,dataset\Hyperspectral_tumor_images\Hyperspectral_kidney_tumor_0022.jpg,Tumor,1
train,dataset\Hyperspectral_tumor_images\Hyperspectral_kidney_tumor_1984.jpg,Tumor,1
train,dataset\Hyperspectral_tumor_images\Hyperspectral_kidney_tumor_0647.jpg,Tumor,1
train,dataset\Hyperspectral_tumor_images\Hyperspectral_kidney_tumor_1115.jpg,Tumor,1
train,dataset\Hyperspectral_tumor_images\Hyperspectral_kidney_tumor_3537.jpg,Tumor,1
train,dataset\Hyperspectral_normal_images\Hyperspectral_kidney_normal_0531.jpg,Normal,0
train,dataset\Hyperspectral_normal_images\Hyperspectral_kidney_normal_4264.jpg,Normal,0
train,dataset\Hyperspectral_tumor_images\Hyperspectral_kidney_tumor_2032.jpg,Tumor,1
train,dataset\Hyperspectral_normal_images\Hyperspectral_kidney_normal_2455.jpg,Normal,0
train,dataset\Hyperspectral_tumor_images\Hyperspectral_kidney_tumor_1085.jpg,Tumor,1
train,dataset\Hyperspectral_normal_images\Hyperspectral_kidney_normal_3363.jpg,Normal,0
train,dataset\Hyperspectral_normal_images\Hyperspectral_kidney_normal_3155.jpg,Normal,0
train,dataset\Hyperspectral_normal_images\Hyperspectral_kidney_normal_0522.jpg,Normal,0
train,dataset\Hyperspectral_tumor_images\Hyperspectral_kidney_tumor_1122.jpg,Tumor,1
train,dataset\Hyperspectral_normal_images\Hyperspectral_kidney_normal_2666.jpg,Normal,0
train,dataset\Hyperspectral_normal_images\Hyperspectral_kidney_normal_4431.jpg,Normal,0
train,dataset\Hyperspectral_normal_images\Hyperspectral_kidney_normal_1440.jpg,Normal,0
train,dataset\Hyperspectral_normal_images\Hyperspectral_kidney_normal_4099.jpg,Normal,0
train,dataset\Hyperspectral_tumor_images\Hyperspectral_kidney_tumor_1706.jpg,Tumor,1
train,dataset\Hyperspectral_normal_images\Hyperspectral_kidney_normal_1288.jpg,Normal,0
train,dataset\Hyperspectral_tumor_images\Hyperspectral_kidney_tumor_3917.jpg,Tumor,1
train,dataset\Hyperspectral_normal_images\Hyperspectral_kidney_normal_4139.jpg,Normal,0
train,dataset\Hyperspectral_tumor_images\Hyperspectral_kidney_tumor_3777.jpg,Tumor,1
train,dataset\Hyperspectral_tumor_images\Hyperspectral_kidney_tumor_3025.jpg,Tumor,1
train,dataset\Hyperspectral_normal_images\Hyperspectral_kidney_normal_3709.jpg,Normal,0
train,dataset\Hyperspectral_normal_images\Hyperspectral_kidney_normal_1519.jpg,Normal,0
train,dataset\Hyperspectral_tumor_images\Hyperspectral_kidney_tumor_0102.jpg,Tumor,1
train,dataset\Hyperspectral_normal_images\Hyperspectral_kidney_normal_3472.jpg,Normal,0
train,dataset\Hyperspectral_tumor_images\Hyperspectral_kidney_tumor_0573.jpg,Tumor,1
train,dataset\Hyperspectral_normal_images\Hyperspectral_kidney_normal_0783.jpg,Normal,0
train,dataset\Hyperspectral_normal_images\Hyperspectral_kidney_normal_3063.jpg,Normal,0
train,dataset\Hyperspectral_normal_images\Hyperspectral_kidney_normal_4860.jpg,Normal,0
train,dataset\Hyperspectral_tumor_images\Hyperspectral_kidney_tumor_4538.jpg,Tumor,1
train,dataset\Hyperspectral_tumor_images\Hyperspectral_kidney_tumor_1751.jpg,Tumor,1
train,dataset\Hyperspectral_normal_images\Hyperspectral_kidney_normal_3370.jpg,Normal,0
train,dataset\Hyperspectral_normal_images\Hyperspectral_kidney_normal_3165.jpg,Normal,0
train,dataset\Hyperspectral_normal_images\Hyperspectral_kidney_normal_3774.jpg,Normal,0
train,dataset\Hyperspectral_normal_images\Hyperspectral_kidney_normal_0493.jpg,Normal,0
train,dataset\Hyperspectral_tumor_images\Hyperspectral_kidney_tumor_3661.jpg,Tumor,1
train,dataset\Hyperspectral_normal_images\Hyperspectral_kidney_normal_1755.jpg,Normal,0
train,dataset\Hyperspectral_normal_images\Hyperspectral_kidney_normal_2644.jpg,Normal,0
train,dataset\Hyperspectral_tumor_images\Hyperspectral_kidney_tumor_2435.jpg,Tumor,1
train,dataset\Hyperspectral_tumor_images\Hyperspectral_kidney_tumor_1081.jpg,Tumor,1
train,dataset\Hyperspectral_tumor_images\Hyperspectral_kidney_tumor_0117.jpg,Tumor,1
train,dataset\Hyperspectral_tumor_images\Hyperspectral_kidney_tumor_0954.jpg,Tumor,1
train,dataset\Hyperspectral_tumor_images\Hyperspectral_kidney_tumor_3116.jpg,Tumor,1
train,dataset\Hyperspectral_tumor_images\Hyperspectral_kidney_tumor_4517.jpg,Tumor,1
train,dataset\Hyperspectral_tumor_images\Hyperspectral_kidney_tumor_1972.jpg,Tumor,1
train,dataset\Hyperspectral_normal_images\Hyperspectral_kidney_normal_4404.jpg,Normal,0
train,dataset\Hyperspectral_normal_images\Hyperspectral_kidney_normal_4683.jpg,Normal,0
train,dataset\Hyperspectral_normal_images\Hyperspectral_kidney_normal_4711.jpg,Normal,0
train,dataset\Hyperspectral_normal_images\Hyperspectral_kidney_normal_1317.jpg,Normal,0
train,dataset\Hyperspectral_normal_images\Hyperspectral_kidney_normal_0692.jpg,Normal,0
train,dataset\Hyperspectral_normal_images\Hyperspectral_kidney_normal_0266.jpg,Normal,0
train,dataset\Hyperspectral_normal_images\Hyperspectral_kidney_normal_4387.jpg,Normal,0
train,dataset\Hyperspectral_normal_images\Hyperspectral_kidney_normal_0096.jpg,Normal,0
train,dataset\Hyperspectral_tumor_images\Hyperspectral_kidney_tumor_1799.jpg,Tumor,1
train,dataset\Hyperspectral_tumor_images\Hyperspectral_kidney_tumor_4527.jpg,Tumor,1
train,dataset\Hyperspectral_normal_images\Hyperspectral_kidney_normal_2448.jpg,Normal,0
train,dataset\Hyperspectral_tumor_images\Hyperspectral_kidney_tumor_4298.jpg,Tumor,1
train,dataset\Hyperspectral_tumor_images\Hyperspectral_kidney_tumor_3724.jpg,Tumor,1
train,dataset\Hyperspectral_normal_images\Hyperspectral_kidney_normal_2312.jpg,Normal,0
train,dataset\Hyperspectral_normal_images\Hyperspectral_kidney_normal_1484.jpg,Normal,0
train,dataset\Hyperspectral_normal_images\Hyperspectral_kidney_normal_2032.jpg,Normal,0
train,dataset\Hyperspectral_tumor_images\Hyperspectral_kidney_tumor_0679.jpg,Tumor,1
train,dataset\Hyperspectral_tumor_images\Hyperspectral_kidney_tumor_0463.jpg,Tumor,1
train,dataset\Hyperspectral_tumor_images\Hyperspectral_kidney_tumor_3728.jpg,Tumor,1
train,dataset\Hyperspectral_normal_images\Hyperspectral_kidney_normal_4463.jpg,Normal,0
train,dataset\Hyperspectral_tumor_images\Hyperspectral_kidney_tumor_1295.jpg,Tumor,1
train,dataset\Hyperspectral_tumor_images\Hyperspectral_kidney_tumor_2271.jpg,Tumor,1
train,dataset\Hyperspectral_normal_images\Hyperspectral_kidney_normal_2880.jpg,Normal,0
train,dataset\Hyperspectral_normal_images\Hyperspectral_kidney_normal_3585.jpg,Normal,0
train,dataset\Hyperspectral_normal_images\Hyperspectral_kidney_normal_0524.jpg,Normal,0
train,dataset\Hyperspectral_tumor_images\Hyperspectral_kidney_tumor_2868.jpg,Tumor,1
train,dataset\Hyperspectral_tumor_images\Hyperspectral_kidney_tumor_3393.jpg,Tumor,1
train,dataset\Hyperspectral_normal_images\Hyperspectral_kidney_normal_1779.jpg,Normal,0
train,dataset\Hyperspectral_normal_images\Hyperspectral_kidney_normal_1081.jpg,Normal,0
train,dataset\Hyperspectral_normal_images\Hyperspectral_kidney_normal_2482.jpg,Normal,0
train,dataset\Hyperspectral_normal_images\Hyperspectral_kidney_normal_1014.jpg,Normal,0
train,dataset\Hyperspectral_tumor_images\Hyperspectral_kidney_tumor_0365.jpg,Tumor,1
train,dataset\Hyperspectral_tumor_images\Hyperspectral_kidney_tumor_3016.jpg,Tumor,1
train,dataset\Hyperspectral_normal_images\Hyperspectral_kidney_normal_0541.jpg,Normal,0
train,dataset\Hyperspectral_normal_images\Hyperspectral_kidney_normal_2467.jpg,Normal,0
train,dataset\Hyperspectral_tumor_images\Hyperspectral_kidney_tumor_1100.jpg,Tumor,1
train,dataset\Hyperspectral_normal_images\Hyperspectral_kidney_normal_4973.jpg,Normal,0
train,dataset\Hyperspectral_normal_images\Hyperspectral_kidney_normal_0864.jpg,Normal,0
train,dataset\Hyperspectral_normal_images\Hyperspectral_kidney_normal_0070.jpg,Normal,0
train,dataset\Hyperspectral_normal_images\Hyperspectral_kidney_normal_1194.jpg,Normal,0
train,dataset\Hyperspectral_tumor_images\Hyperspectral_kidney_tumor_2909.jpg,Tumor,1
train,dataset\Hyperspectral_normal_images\Hyperspectral_kidney_normal_2928.jpg,Normal,0
train,dataset\Hyperspectral_tumor_images\Hyperspectral_kidney_tumor_1186.jpg,Tumor,1
train,dataset\Hyperspectral_tumor_images\Hyperspectral_kidney_tumor_0401.jpg,Tumor,1
train,dataset\Hyperspectral_normal_images\Hyperspectral_kidney_normal_1058.jpg,Normal,0
train,dataset\Hyperspectral_normal_images\Hyperspectral_kidney_normal_4954.jpg,Normal,0
train,dataset\Hyperspectral_tumor_images\Hyperspectral_kidney_tumor_0020.jpg,Tumor,1
train,dataset\Hyperspectral_normal_images\Hyperspectral_kidney_normal_3801.jpg,Normal,0
train,dataset\Hyperspectral_normal_images\Hyperspectral_kidney_normal_2588.jpg,Normal,0
train,dataset\Hyperspectral_normal_images\Hyperspectral_kidney_normal_3206.jpg,Normal,0
train,dataset\Hyperspectral_normal_images\Hyperspectral_kidney_normal_0844.jpg,Normal,0
train,dataset\Hyperspectral_tumor_images\Hyperspectral_kidney_tumor_2481.jpg,Tumor,1
train,dataset\Hyperspectral_tumor_images\Hyperspectral_kidney_tumor_0763.jpg,Tumor,1
train,dataset\Hyperspectral_normal_images\Hyperspectral_kidney_normal_1165.jpg,Normal,0
train,dataset\Hyperspectral_tumor_images\Hyperspectral_kidney_tumor_2864.jpg,Tumor,1
train,dataset\Hyperspectral_tumor_images\Hyperspectral_kidney_tumor_0263.jpg,Tumor,1
train,dataset\Hyperspectral_normal_images\Hyperspectral_kidney_normal_1947.jpg,Normal,0
train,dataset\Hyperspectral_tumor_images\Hyperspectral_kidney_tumor_4802.jpg,Tumor,1
train,dataset\Hyperspectral_tumor_images\Hyperspectral_kidney_tumor_2462.jpg,Tumor,1
train,dataset\Hyperspectral_normal_images\Hyperspectral_kidney_normal_4578.jpg,Normal,0
train,dataset\Hyperspectral_normal_images\Hyperspectral_kidney_normal_2874.jpg,Normal,0
train,dataset\Hyperspectral_tumor_images\Hyperspectral_kidney_tumor_4857.jpg,Tumor,1
train,dataset\Hyperspectral_tumor_images\Hyperspectral_kidney_tumor_4247.jpg,Tumor,1
train,dataset\Hyperspectral_tumor_images\Hyperspectral_kidney_tumor_3969.jpg,Tumor,1
train,dataset\Hyperspectral_normal_images\Hyperspectral_kidney_normal_3193.jpg,Normal,0
train,dataset\Hyperspectral_tumor_images\Hyperspectral_kidney_tumor_1277.jpg,Tumor,1
train,dataset\Hyperspectral_normal_images\Hyperspectral_kidney_normal_2476.jpg,Normal,0
train,dataset\Hyperspectral_normal_images\Hyperspectral_kidney_normal_0231.jpg,Normal,0
train,dataset\Hyperspectral_tumor_images\Hyperspectral_kidney_tumor_2800.jpg,Tumor,1
train,dataset\Hyperspectral_tumor_images\Hyperspectral_kidney_tumor_1535.jpg,Tumor,1
train,dataset\Hyperspectral_tumor_images\Hyperspectral_kidney_tumor_2884.jpg,Tumor,1
train,dataset\Hyperspectral_tumor_images\Hyperspectral_kidney_tumor_0432.jpg,Tumor,1
train,dataset\Hyperspectral_tumor_images\Hyperspectral_kidney_tumor_1332.jpg,Tumor,1
train,dataset\Hyperspectral_normal_images\Hyperspectral_kidney_normal_3688.jpg,Normal,0
train,dataset\Hyperspectral_tumor_images\Hyperspectral_kidney_tumor_0213.jpg,Tumor,1
train,dataset\Hyperspectral_tumor_images\Hyperspectral_kidney_tumor_2854.jpg,Tumor,1
train,dataset\Hyperspectral_tumor_images\Hyperspectral_kidney_tumor_1663.jpg,Tumor,1
train,dataset\Hyperspectral_tumor_images\Hyperspectral_kidney_tumor_3570.jpg,Tumor,1
train,dataset\Hyperspectral_tumor_images\Hyperspectral_kidney_tumor_1650.jpg,Tumor,1
train,dataset\Hyperspectral_normal_images\Hyperspectral_kidney_normal_2209.jpg,Normal,0
train,dataset\Hyperspectral_normal_images\Hyperspectral_kidney_normal_2664.jpg,Normal,0
train,dataset\Hyperspectral_tumor_images\Hyperspectral_kidney_tumor_0702.jpg,Tumor,1
train,dataset\Hyperspectral_tumor_images\Hyperspectral_kidney_tumor_2059.jpg,Tumor,1
train,dataset\Hyperspectral_normal_images\Hyperspectral_kidney_normal_3377.jpg,Normal,0
train,dataset\Hyperspectral_normal_images\Hyperspectral_kidney_normal_0036.jpg,Normal,0
train,dataset\Hyperspectral_normal_images\Hyperspectral_kidney_normal_3632.jpg,Normal,0
train,dataset\Hyperspectral_normal_images\Hyperspectral_kidney_normal_2014.jpg,Normal,0
train,dataset\Hyperspectral_normal_images\Hyperspectral_kidney_normal_3337.jpg,Normal,0
train,dataset\Hyperspectral_tumor_images\Hyperspectral_kidney_tumor_4943.jpg,Tumor,1
train,dataset\Hyperspectral_normal_images\Hyperspectral_kidney_normal_1552.jpg,Normal,0
train,dataset\Hyperspectral_normal_images\Hyperspectral_kidney_normal_3217.jpg,Normal,0
train,dataset\Hyperspectral_normal_images\Hyperspectral_kidney_normal_1802.jpg,Normal,0
train,dataset\Hyperspectral_tumor_images\Hyperspectral_kidney_tumor_4040.jpg,Tumor,1
train,dataset\Hyperspectral_normal_images\Hyperspectral_kidney_normal_2214.jpg,Normal,0
train,dataset\Hyperspectral_tumor_images\Hyperspectral_kidney_tumor_1026.jpg,Tumor,1
train,dataset\Hyperspectral_normal_images\Hyperspectral_kidney_normal_0817.jpg,Normal,0
train,dataset\Hyperspectral_normal_images\Hyperspectral_kidney_normal_0728.jpg,Normal,0
train,dataset\Hyperspectral_tumor_images\Hyperspectral_kidney_tumor_2560.jpg,Tumor,1
train,dataset\Hyperspectral_tumor_images\Hyperspectral_kidney_tumor_0685.jpg,Tumor,1
train,dataset\Hyperspectral_normal_images\Hyperspectral_kidney_normal_2372.jpg,Normal,0
train,dataset\Hyperspectral_normal_images\Hyperspectral_kidney_normal_0555.jpg,Normal,0
train,dataset\Hyperspectral_tumor_images\Hyperspectral_kidney_tumor_2371.jpg,Tumor,1
train,dataset\Hyperspectral_tumor_images\Hyperspectral_kidney_tumor_3114.jpg,Tumor,1
train,dataset\Hyperspectral_normal_images\Hyperspectral_kidney_normal_4768.jpg,Normal,0
train,dataset\Hyperspectral_tumor_images\Hyperspectral_kidney_tumor_2829.jpg,Tumor,1
train,dataset\Hyperspectral_normal_images\Hyperspectral_kidney_normal_2645.jpg,Normal,0
train,dataset\Hyperspectral_tumor_images\Hyperspectral_kidney_tumor_0726.jpg,Tumor,1
train,dataset\Hyperspectral_normal_images\Hyperspectral_kidney_normal_2050.jpg,Normal,0
train,dataset\Hyperspectral_tumor_images\Hyperspectral_kidney_tumor_2067.jpg,Tumor,1
train,dataset\Hyperspectral_tumor_images\Hyperspectral_kidney_tumor_0268.jpg,Tumor,1
train,dataset\Hyperspectral_normal_images\Hyperspectral_kidney_normal_1585.jpg,Normal,0
train,dataset\Hyperspectral_tumor_images\Hyperspectral_kidney_tumor_0122.jpg,Tumor,1
train,dataset\Hyperspectral_normal_images\Hyperspectral_kidney_normal_2868.jpg,Normal,0
train,dataset\Hyperspectral_normal_images\Hyperspectral_kidney_normal_3157.jpg,Normal,0
train,dataset\Hyperspectral_tumor_images\Hyperspectral_kidney_tumor_0017.jpg,Tumor,1
train,dataset\Hyperspectral_normal_images\Hyperspectral_kidney_normal_1374.jpg,Normal,0
train,dataset\Hyperspectral_tumor_images\Hyperspectral_kidney_tumor_3538.jpg,Tumor,1
train,dataset\Hyperspectral_tumor_images\Hyperspectral_kidney_tumor_0382.jpg,Tumor,1
train,dataset\Hyperspectral_tumor_images\Hyperspectral_kidney_tumor_1676.jpg,Tumor,1
train,dataset\Hyperspectral_normal_images\Hyperspectral_kidney_normal_2934.jpg,Normal,0
train,dataset\Hyperspectral_tumor_images\Hyperspectral_kidney_tumor_2744.jpg,Tumor,1
train,dataset\Hyperspectral_tumor_images\Hyperspectral_kidney_tumor_3495.jpg,Tumor,1
train,dataset\Hyperspectral_tumor_images\Hyperspectral_kidney_tumor_3433.jpg,Tumor,1
train,dataset\Hyperspectral_tumor_images\Hyperspectral_kidney_tumor_0174.jpg,Tumor,1
train,dataset\Hyperspectral_tumor_images\Hyperspectral_kidney_tumor_2506.jpg,Tumor,1
train,dataset\Hyperspectral_tumor_images\Hyperspectral_kidney_tumor_3391.jpg,Tumor,1
train,dataset\Hyperspectral_normal_images\Hyperspectral_kidney_normal_0169.jpg,Normal,0
train,dataset\Hyperspectral_tumor_images\Hyperspectral_kidney_tumor_1956.jpg,Tumor,1
train,dataset\Hyperspectral_tumor_images\Hyperspectral_kidney_tumor_0005.jpg,Tumor,1
train,dataset\Hyperspectral_tumor_images\Hyperspectral_kidney_tumor_3011.jpg,Tumor,1
train,dataset\Hyperspectral_normal_images\Hyperspectral_kidney_normal_2632.jpg,Normal,0
train,dataset\Hyperspectral_tumor_images\Hyperspectral_kidney_tumor_4073.jpg,Tumor,1
train,dataset\Hyperspectral_normal_images\Hyperspectral_kidney_normal_3475.jpg,Normal,0
train,dataset\Hyperspectral_normal_images\Hyperspectral_kidney_normal_0933.jpg,Normal,0
train,dataset\Hyperspectral_normal_images\Hyperspectral_kidney_normal_2322.jpg,Normal,0
train,dataset\Hyperspectral_normal_images\Hyperspectral_kidney_normal_3112.jpg,Normal,0
train,dataset\Hyperspectral_tumor_images\Hyperspectral_kidney_tumor_3324.jpg,Tumor,1
train,dataset\Hyperspectral_tumor_images\Hyperspectral_kidney_tumor_2137.jpg,Tumor,1
train,dataset\Hyperspectral_normal_images\Hyperspectral_kidney_normal_1910.jpg,Normal,0
train,dataset\Hyperspectral_tumor_images\Hyperspectral_kidney_tumor_3301.jpg,Tumor,1
train,dataset\Hyperspectral_normal_images\Hyperspectral_kidney_normal_2919.jpg,Normal,0
train,dataset\Hyperspectral_tumor_images\Hyperspectral_kidney_tumor_2092.jpg,Tumor,1
train,dataset\Hyperspectral_normal_images\Hyperspectral_kidney_normal_4058.jpg,Normal,0
train,dataset\Hyperspectral_tumor_images\Hyperspectral_kidney_tumor_0759.jpg,Tumor,1
train,dataset\Hyperspectral_tumor_images\Hyperspectral_kidney_tumor_0522.jpg,Tumor,1
train,dataset\Hyperspectral_tumor_images\Hyperspectral_kidney_tumor_0285.jpg,Tumor,1
train,dataset\Hyperspectral_tumor_images\Hyperspectral_kidney_tumor_0489.jpg,Tumor,1
train,dataset\Hyperspectral_normal_images\Hyperspectral_kidney_normal_1693.jpg,Normal,0
train,dataset\Hyperspectral_tumor_images\Hyperspectral_kidney_tumor_4130.jpg,Tumor,1
train,dataset\Hyperspectral_tumor_images\Hyperspectral_kidney_tumor_0499.jpg,Tumor,1
train,dataset\Hyperspectral_tumor_images\Hyperspectral_kidney_tumor_2109.jpg,Tumor,1
train,dataset\Hyperspectral_normal_images\Hyperspectral_kidney_normal_1480.jpg,Normal,0
train,dataset\Hyperspectral_normal_images\Hyperspectral_kidney_normal_3203.jpg,Normal,0
train,dataset\Hyperspectral_normal_images\Hyperspectral_kidney_normal_2023.jpg,Normal,0
train,dataset\Hyperspectral_tumor_images\Hyperspectral_kidney_tumor_2987.jpg,Tumor,1
train,dataset\Hyperspectral_normal_images\Hyperspectral_kidney_normal_2593.jpg,Normal,0
train,dataset\Hyperspectral_normal_images\Hyperspectral_kidney_normal_1618.jpg,Normal,0
train,dataset\Hyperspectral_normal_images\Hyperspectral_kidney_normal_1545.jpg,Normal,0
train,dataset\Hyperspectral_normal_images\Hyperspectral_kidney_normal_2536.jpg,Normal,0
train,dataset\Hyperspectral_normal_images\Hyperspectral_kidney_normal_1679.jpg,Normal,0
train,dataset\Hyperspectral_tumor_images\Hyperspectral_kidney_tumor_0366.jpg,Tumor,1
train,dataset\Hyperspectral_normal_images\Hyperspectral_kidney_normal_0435.jpg,Normal,0
train,dataset\Hyperspectral_tumor_images\Hyperspectral_kidney_tumor_2702.jpg,Tumor,1
train,dataset\Hyperspectral_tumor_images\Hyperspectral_kidney_tumor_4065.jpg,Tumor,1
train,dataset\Hyperspectral_tumor_images\Hyperspectral_kidney_tumor_3720.jpg,Tumor,1
train,dataset\Hyperspectral_normal_images\Hyperspectral_kidney_normal_3499.jpg,Normal,0
train,dataset\Hyperspectral_tumor_images\Hyperspectral_kidney_tumor_3847.jpg,Tumor,1
train,dataset\Hyperspectral_normal_images\Hyperspectral_kidney_normal_1295.jpg,Normal,0
train,dataset\Hyperspectral_tumor_images\Hyperspectral_kidney_tumor_4788.jpg,Tumor,1
train,dataset\Hyperspectral_normal_images\Hyperspectral_kidney_normal_4269.jpg,Normal,0
train,dataset\Hyperspectral_tumor_images\Hyperspectral_kidney_tumor_4637.jpg,Tumor,1
train,dataset\Hyperspectral_normal_images\Hyperspectral_kidney_normal_1705.jpg,Normal,0
train,dataset\Hyperspectral_normal_images\Hyperspectral_kidney_normal_4513.jpg,Normal,0
train,dataset\Hyperspectral_tumor_images\Hyperspectral_kidney_tumor_4820.jpg,Tumor,1
train,dataset\Hyperspectral_normal_images\Hyperspectral_kidney_normal_2665.jpg,Normal,0
train,dataset\Hyperspectral_tumor_images\Hyperspectral_kidney_tumor_0668.jpg,Tumor,1
train,dataset\Hyperspectral_tumor_images\Hyperspectral_kidney_tumor_1800.jpg,Tumor,1
train,dataset\Hyperspectral_tumor_images\Hyperspectral_kidney_tumor_3358.jpg,Tumor,1
train,dataset\Hyperspectral_tumor_images\Hyperspectral_kidney_tumor_3255.jpg,Tumor,1
train,dataset\Hyperspectral_normal_images\Hyperspectral_kidney_normal_0782.jpg,Normal,0
train,dataset\Hyperspectral_tumor_images\Hyperspectral_kidney_tumor_4308.jpg,Tumor,1
train,dataset\Hyperspectral_normal_images\Hyperspectral_kidney_normal_4726.jpg,Normal,0
train,dataset\Hyperspectral_normal_images\Hyperspectral_kidney_normal_0670.jpg,Normal,0
train,dataset\Hyperspectral_tumor_images\Hyperspectral_kidney_tumor_1509.jpg,Tumor,1
train,dataset\Hyperspectral_tumor_images\Hyperspectral_kidney_tumor_3767.jpg,Tumor,1
train,dataset\Hyperspectral_tumor_images\Hyperspectral_kidney_tumor_2726.jpg,Tumor,1
train,dataset\Hyperspectral_tumor_images\Hyperspectral_kidney_tumor_4359.jpg,Tumor,1
train,dataset\Hyperspectral_tumor_images\Hyperspectral_kidney_tumor_4213.jpg,Tumor,1
train,dataset\Hyperspectral_normal_images\Hyperspectral_kidney_normal_4614.jpg,Normal,0
train,dataset\Hyperspectral_normal_images\Hyperspectral_kidney_normal_2388.jpg,Normal,0
train,dataset\Hyperspectral_tumor_images\Hyperspectral_kidney_tumor_4219.jpg,Tumor,1
train,dataset\Hyperspectral_tumor_images\Hyperspectral_kidney_tumor_0009.jpg,Tumor,1
train,dataset\Hyperspectral_normal_images\Hyperspectral_kidney_normal_1282.jpg,Normal,0
train,dataset\Hyperspectral_tumor_images\Hyperspectral_kidney_tumor_4971.jpg,Tumor,1
train,dataset\Hyperspectral_normal_images\Hyperspectral_kidney_normal_1772.jpg,Normal,0
train,dataset\Hyperspectral_normal_images\Hyperspectral_kidney_normal_4879.jpg,Normal,0
train,dataset\Hyperspectral_tumor_images\Hyperspectral_kidney_tumor_4530.jpg,Tumor,1
train,dataset\Hyperspectral_normal_images\Hyperspectral_kidney_normal_2815.jpg,Normal,0
train,dataset\Hyperspectral_normal_images\Hyperspectral_kidney_normal_0216.jpg,Normal,0
train,dataset\Hyperspectral_normal_images\Hyperspectral_kidney_normal_3367.jpg,Normal,0
train,dataset\Hyperspectral_normal_images\Hyperspectral_kidney_normal_1097.jpg,Normal,0
train,dataset\Hyperspectral_tumor_images\Hyperspectral_kidney_tumor_1346.jpg,Tumor,1
train,dataset\Hyperspectral_normal_images\Hyperspectral_kidney_normal_2899.jpg,Normal,0
train,dataset\Hyperspectral_normal_images\Hyperspectral_kidney_normal_0136.jpg,Normal,0
train,dataset\Hyperspectral_tumor_images\Hyperspectral_kidney_tumor_1297.jpg,Tumor,1
train,dataset\Hyperspectral_normal_images\Hyperspectral_kidney_normal_4490.jpg,Normal,0
train,dataset\Hyperspectral_normal_images\Hyperspectral_kidney_normal_3391.jpg,Normal,0
train,dataset\Hyperspectral_normal_images\Hyperspectral_kidney_normal_0951.jpg,Normal,0
train,dataset\Hyperspectral_tumor_images\Hyperspectral_kidney_tumor_1626.jpg,Tumor,1
train,dataset\Hyperspectral_normal_images\Hyperspectral_kidney_normal_2821.jpg,Normal,0
train,dataset\Hyperspectral_tumor_images\Hyperspectral_kidney_tumor_4728.jpg,Tumor,1
train,dataset\Hyperspectral_tumor_images\Hyperspectral_kidney_tumor_0477.jpg,Tumor,1
train,dataset\Hyperspectral_normal_images\Hyperspectral_kidney_normal_3394.jpg,Normal,0
train,dataset\Hyperspectral_normal_images\Hyperspectral_kidney_normal_1706.jpg,Normal,0
train,dataset\Hyperspectral_tumor_images\Hyperspectral_kidney_tumor_3142.jpg,Tumor,1
train,dataset\Hyperspectral_tumor_images\Hyperspectral_kidney_tumor_0123.jpg,Tumor,1
train,dataset\Hyperspectral_normal_images\Hyperspectral_kidney_normal_0797.jpg,Normal,0
train,dataset\Hyperspectral_tumor_images\Hyperspectral_kidney_tumor_4377.jpg,Tumor,1
train,dataset\Hyperspectral_tumor_images\Hyperspectral_kidney_tumor_3822.jpg,Tumor,1
train,dataset\Hyperspectral_tumor_images\Hyperspectral_kidney_tumor_1515.jpg,Tumor,1
train,dataset\Hyperspectral_normal_images\Hyperspectral_kidney_normal_3498.jpg,Normal,0
train,dataset\Hyperspectral_normal_images\Hyperspectral_kidney_normal_0792.jpg,Normal,0
train,dataset\Hyperspectral_normal_images\Hyperspectral_kidney_normal_4169.jpg,Normal,0
train,dataset\Hyperspectral_normal_images\Hyperspectral_kidney_normal_4386.jpg,Normal,0
train,dataset\Hyperspectral_normal_images\Hyperspectral_kidney_normal_4976.jpg,Normal,0
train,dataset\Hyperspectral_normal_images\Hyperspectral_kidney_normal_3702.jpg,Normal,0
train,dataset\Hyperspectral_normal_images\Hyperspectral_kidney_normal_3161.jpg,Normal,0
train,dataset\Hyperspectral_tumor_images\Hyperspectral_kidney_tumor_0302.jpg,Tumor,1
train,dataset\Hyperspectral_normal_images\Hyperspectral_kidney_normal_3797.jpg,Normal,0
train,dataset\Hyperspectral_tumor_images\Hyperspectral_kidney_tumor_0479.jpg,Tumor,1
train,dataset\Hyperspectral_tumor_images\Hyperspectral_kidney_tumor_1505.jpg,Tumor,1
train,dataset\Hyperspectral_tumor_images\Hyperspectral_kidney_tumor_2010.jpg,Tumor,1
train,dataset\Hyperspectral_tumor_images\Hyperspectral_kidney_tumor_2962.jpg,Tumor,1
train,dataset\Hyperspectral_normal_images\Hyperspectral_kidney_normal_1067.jpg,Normal,0
train,dataset\Hyperspectral_tumor_images\Hyperspectral_kidney_tumor_2514.jpg,Tumor,1
train,dataset\Hyperspectral_normal_images\Hyperspectral_kidney_normal_1083.jpg,Normal,0
train,dataset\Hyperspectral_tumor_images\Hyperspectral_kidney_tumor_1461.jpg,Tumor,1
train,dataset\Hyperspectral_tumor_images\Hyperspectral_kidney_tumor_2281.jpg,Tumor,1
train,dataset\Hyperspectral_normal_images\Hyperspectral_kidney_normal_0357.jpg,Normal,0
train,dataset\Hyperspectral_tumor_images\Hyperspectral_kidney_tumor_3948.jpg,Tumor,1
train,dataset\Hyperspectral_tumor_images\Hyperspectral_kidney_tumor_0086.jpg,Tumor,1
train,dataset\Hyperspectral_tumor_images\Hyperspectral_kidney_tumor_3552.jpg,Tumor,1
train,dataset\Hyperspectral_normal_images\Hyperspectral_kidney_normal_0336.jpg,Normal,0
train,dataset\Hyperspectral_tumor_images\Hyperspectral_kidney_tumor_2470.jpg,Tumor,1
train,dataset\Hyperspectral_tumor_images\Hyperspectral_kidney_tumor_1165.jpg,Tumor,1
train,dataset\Hyperspectral_normal_images\Hyperspectral_kidney_normal_1880.jpg,Normal,0
train,dataset\Hyperspectral_tumor_images\Hyperspectral_kidney_tumor_0864.jpg,Tumor,1
train,dataset\Hyperspectral_normal_images\Hyperspectral_kidney_normal_1384.jpg,Normal,0
train,dataset\Hyperspectral_tumor_images\Hyperspectral_kidney_tumor_0529.jpg,Tumor,1
train,dataset\Hyperspectral_normal_images\Hyperspectral_kidney_normal_2099.jpg,Normal,0
train,dataset\Hyperspectral_normal_images\Hyperspectral_kidney_normal_3290.jpg,Normal,0
train,dataset\Hyperspectral_tumor_images\Hyperspectral_kidney_tumor_0660.jpg,Tumor,1
train,dataset\Hyperspectral_normal_images\Hyperspectral_kidney_normal_0510.jpg,Normal,0
train,dataset\Hyperspectral_normal_images\Hyperspectral_kidney_normal_0576.jpg,Normal,0
train,dataset\Hyperspectral_tumor_images\Hyperspectral_kidney_tumor_3235.jpg,Tumor,1
train,dataset\Hyperspectral_tumor_images\Hyperspectral_kidney_tumor_0495.jpg,Tumor,1
train,dataset\Hyperspectral_normal_images\Hyperspectral_kidney_normal_2008.jpg,Normal,0
train,dataset\Hyperspectral_normal_images\Hyperspectral_kidney_normal_0031.jpg,Normal,0
train,dataset\Hyperspectral_normal_images\Hyperspectral_kidney_normal_2992.jpg,Normal,0
train,dataset\Hyperspectral_tumor_images\Hyperspectral_kidney_tumor_0435.jpg,Tumor,1
train,dataset\Hyperspectral_normal_images\Hyperspectral_kidney_normal_4718.jpg,Normal,0
train,dataset\Hyperspectral_normal_images\Hyperspectral_kidney_normal_3723.jpg,Normal,0
train,dataset\Hyperspectral_tumor_images\Hyperspectral_kidney_tumor_1542.jpg,Tumor,1
train,dataset\Hyperspectral_normal_images\Hyperspectral_kidney_normal_4118.jpg,Normal,0
train,dataset\Hyperspectral_tumor_images\Hyperspectral_kidney_tumor_3698.jpg,Tumor,1
train,dataset\Hyperspectral_normal_images\Hyperspectral_kidney_normal_1075.jpg,Normal,0
train,dataset\Hyperspectral_tumor_images\Hyperspectral_kidney_tumor_4500.jpg,Tumor,1
train,dataset\Hyperspectral_normal_images\Hyperspectral_kidney_normal_4414.jpg,Normal,0
train,dataset\Hyperspectral_normal_images\Hyperspectral_kidney_normal_4763.jpg,Normal,0
train,dataset\Hyperspectral_tumor_images\Hyperspectral_kidney_tumor_0451.jpg,Tumor,1
train,dataset\Hyperspectral_tumor_images\Hyperspectral_kidney_tumor_3151.jpg,Tumor,1
train,dataset\Hyperspectral_normal_images\Hyperspectral_kidney_normal_3903.jpg,Normal,0
train,dataset\Hyperspectral_normal_images\Hyperspectral_kidney_normal_4752.jpg,Normal,0
train,dataset\Hyperspectral_tumor_images\Hyperspectral_kidney_tumor_1418.jpg,Tumor,1
train,dataset\Hyperspectral_normal_images\Hyperspectral_kidney_normal_4422.jpg,Normal,0
train,dataset\Hyperspectral_tumor_images\Hyperspectral_kidney_tumor_2652.jpg,Tumor,1
train,dataset\Hyperspectral_tumor_images\Hyperspectral_kidney_tumor_3547.jpg,Tumor,1
train,dataset\Hyperspectral_normal_images\Hyperspectral_kidney_normal_1714.jpg,Normal,0
train,dataset\Hyperspectral_tumor_images\Hyperspectral_kidney_tumor_3546.jpg,Tumor,1
train,dataset\Hyperspectral_tumor_images\Hyperspectral_kidney_tumor_3427.jpg,Tumor,1
train,dataset\Hyperspectral_tumor_images\Hyperspectral_kidney_tumor_3407.jpg,Tumor,1
train,dataset\Hyperspectral_tumor_images\Hyperspectral_kidney_tumor_0185.jpg,Tumor,1
train,dataset\Hyperspectral_tumor_images\Hyperspectral_kidney_tumor_0099.jpg,Tumor,1
train,dataset\Hyperspectral_normal_images\Hyperspectral_kidney_normal_3645.jpg,Normal,0
train,dataset\Hyperspectral_tumor_images\Hyperspectral_kidney_tumor_0194.jpg,Tumor,1
train,dataset\Hyperspectral_tumor_images\Hyperspectral_kidney_tumor_3202.jpg,Tumor,1
train,dataset\Hyperspectral_tumor_images\Hyperspectral_kidney_tumor_2767.jpg,Tumor,1
train,dataset\Hyperspectral_tumor_images\Hyperspectral_kidney_tumor_4536.jpg,Tumor,1
train,dataset\Hyperspectral_tumor_images\Hyperspectral_kidney_tumor_0150.jpg,Tumor,1
train,dataset\Hyperspectral_normal_images\Hyperspectral_kidney_normal_1533.jpg,Normal,0
train,dataset\Hyperspectral_normal_images\Hyperspectral_kidney_normal_1442.jpg,Normal,0
train,dataset\Hyperspectral_normal_images\Hyperspectral_kidney_normal_3413.jpg,Normal,0
train,dataset\Hyperspectral_tumor_images\Hyperspectral_kidney_tumor_4161.jpg,Tumor,1
train,dataset\Hyperspectral_normal_images\Hyperspectral_kidney_normal_1799.jpg,Normal,0
train,dataset\Hyperspectral_normal_images\Hyperspectral_kidney_normal_3763.jpg,Normal,0
train,dataset\Hyperspectral_normal_images\Hyperspectral_kidney_normal_2331.jpg,Normal,0
train,dataset\Hyperspectral_normal_images\Hyperspectral_kidney_normal_1124.jpg,Normal,0
train,dataset\Hyperspectral_tumor_images\Hyperspectral_kidney_tumor_4053.jpg,Tumor,1
train,dataset\Hyperspectral_normal_images\Hyperspectral_kidney_normal_4501.jpg,Normal,0
train,dataset\Hyperspectral_tumor_images\Hyperspectral_kidney_tumor_0878.jpg,Tumor,1
train,dataset\Hyperspectral_tumor_images\Hyperspectral_kidney_tumor_3452.jpg,Tumor,1
train,dataset\Hyperspectral_tumor_images\Hyperspectral_kidney_tumor_3706.jpg,Tumor,1
train,dataset\Hyperspectral_tumor_images\Hyperspectral_kidney_tumor_0062.jpg,Tumor,1
train,dataset\Hyperspectral_normal_images\Hyperspectral_kidney_normal_4015.jpg,Normal,0
train,dataset\Hyperspectral_tumor_images\Hyperspectral_kidney_tumor_3012.jpg,Tumor,1
train,dataset\Hyperspectral_normal_images\Hyperspectral_kidney_normal_0969.jpg,Normal,0
train,dataset\Hyperspectral_tumor_images\Hyperspectral_kidney_tumor_2278.jpg,Tumor,1
train,dataset\Hyperspectral_tumor_images\Hyperspectral_kidney_tumor_1275.jpg,Tumor,1
train,dataset\Hyperspectral_tumor_images\Hyperspectral_kidney_tumor_4935.jpg,Tumor,1
train,dataset\Hyperspectral_tumor_images\Hyperspectral_kidney_tumor_3873.jpg,Tumor,1
train,dataset\Hyperspectral_tumor_images\Hyperspectral_kidney_tumor_0280.jpg,Tumor,1
train,dataset\Hyperspectral_normal_images\Hyperspectral_kidney_normal_3289.jpg,Normal,0
train,dataset\Hyperspectral_normal_images\Hyperspectral_kidney_normal_3515.jpg,Normal,0
train,dataset\Hyperspectral_tumor_images\Hyperspectral_kidney_tumor_4771.jpg,Tumor,1
train,dataset\Hyperspectral_tumor_images\Hyperspectral_kidney_tumor_2857.jpg,Tumor,1
train,dataset\Hyperspectral_tumor_images\Hyperspectral_kidney_tumor_2165.jpg,Tumor,1
train,dataset\Hyperspectral_tumor_images\Hyperspectral_kidney_tumor_1816.jpg,Tumor,1
train,dataset\Hyperspectral_normal_images\Hyperspectral_kidney_normal_2104.jpg,Normal,0
train,dataset\Hyperspectral_tumor_images\Hyperspectral_kidney_tumor_3973.jpg,Tumor,1
train,dataset\Hyperspectral_normal_images\Hyperspectral_kidney_normal_4743.jpg,Normal,0
train,dataset\Hyperspectral_normal_images\Hyperspectral_kidney_normal_0229.jpg,Normal,0
train,dataset\Hyperspectral_normal_images\Hyperspectral_kidney_normal_2506.jpg,Normal,0
train,dataset\Hyperspectral_normal_images\Hyperspectral_kidney_normal_1904.jpg,Normal,0
train,dataset\Hyperspectral_tumor_images\Hyperspectral_kidney_tumor_4560.jpg,Tumor,1
train,dataset\Hyperspectral_tumor_images\Hyperspectral_kidney_tumor_0376.jpg,Tumor,1
train,dataset\Hyperspectral_tumor_images\Hyperspectral_kidney_tumor_1971.jpg,Tumor,1
train,dataset\Hyperspectral_normal_images\Hyperspectral_kidney_normal_4288.jpg,Normal,0
train,dataset\Hyperspectral_normal_images\Hyperspectral_kidney_normal_3126.jpg,Normal,0
train,dataset\Hyperspectral_tumor_images\Hyperspectral_kidney_tumor_3320.jpg,Tumor,1
train,dataset\Hyperspectral_tumor_images\Hyperspectral_kidney_tumor_2255.jpg,Tumor,1
train,dataset\Hyperspectral_normal_images\Hyperspectral_kidney_normal_1708.jpg,Normal,0
train,dataset\Hyperspectral_tumor_images\Hyperspectral_kidney_tumor_4475.jpg,Tumor,1
train,dataset\Hyperspectral_tumor_images\Hyperspectral_kidney_tumor_4525.jpg,Tumor,1
train,dataset\Hyperspectral_normal_images\Hyperspectral_kidney_normal_0196.jpg,Normal,0
train,dataset\Hyperspectral_tumor_images\Hyperspectral_kidney_tumor_4222.jpg,Tumor,1
train,dataset\Hyperspectral_normal_images\Hyperspectral_kidney_normal_1878.jpg,Normal,0
train,dataset\Hyperspectral_tumor_images\Hyperspectral_kidney_tumor_1759.jpg,Tumor,1
train,dataset\Hyperspectral_tumor_images\Hyperspectral_kidney_tumor_2570.jpg,Tumor,1
train,dataset\Hyperspectral_tumor_images\Hyperspectral_kidney_tumor_0299.jpg,Tumor,1
train,dataset\Hyperspectral_tumor_images\Hyperspectral_kidney_tumor_0722.jpg,Tumor,1
train,dataset\Hyperspectral_tumor_images\Hyperspectral_kidney_tumor_1985.jpg,Tumor,1
train,dataset\Hyperspectral_normal_images\Hyperspectral_kidney_normal_1303.jpg,Normal,0
train,dataset\Hyperspectral_normal_images\Hyperspectral_kidney_normal_1354.jpg,Normal,0
train,dataset\Hyperspectral_normal_images\Hyperspectral_kidney_normal_0863.jpg,Normal,0
train,dataset\Hyperspectral_normal_images\Hyperspectral_kidney_normal_4195.jpg,Normal,0
train,dataset\Hyperspectral_tumor_images\Hyperspectral_kidney_tumor_3313.jpg,Tumor,1
train,dataset\Hyperspectral_tumor_images\Hyperspectral_kidney_tumor_2303.jpg,Tumor,1
train,dataset\Hyperspectral_tumor_images\Hyperspectral_kidney_tumor_0226.jpg,Tumor,1
train,dataset\Hyperspectral_tumor_images\Hyperspectral_kidney_tumor_3272.jpg,Tumor,1
train,dataset\Hyperspectral_tumor_images\Hyperspectral_kidney_tumor_2463.jpg,Tumor,1
train,dataset\Hyperspectral_tumor_images\Hyperspectral_kidney_tumor_1974.jpg,Tumor,1
train,dataset\Hyperspectral_tumor_images\Hyperspectral_kidney_tumor_1903.jpg,Tumor,1
train,dataset\Hyperspectral_normal_images\Hyperspectral_kidney_normal_2016.jpg,Normal,0
train,dataset\Hyperspectral_tumor_images\Hyperspectral_kidney_tumor_2096.jpg,Tumor,1
train,dataset\Hyperspectral_tumor_images\Hyperspectral_kidney_tumor_1947.jpg,Tumor,1
train,dataset\Hyperspectral_tumor_images\Hyperspectral_kidney_tumor_2966.jpg,Tumor,1
train,dataset\Hyperspectral_normal_images\Hyperspectral_kidney_normal_2324.jpg,Normal,0
train,dataset\Hyperspectral_normal_images\Hyperspectral_kidney_normal_4798.jpg,Normal,0
train,dataset\Hyperspectral_normal_images\Hyperspectral_kidney_normal_3245.jpg,Normal,0
train,dataset\Hyperspectral_normal_images\Hyperspectral_kidney_normal_4192.jpg,Normal,0
train,dataset\Hyperspectral_tumor_images\Hyperspectral_kidney_tumor_1211.jpg,Tumor,1
train,dataset\Hyperspectral_normal_images\Hyperspectral_kidney_normal_0882.jpg,Normal,0
train,dataset\Hyperspectral_normal_images\Hyperspectral_kidney_normal_3663.jpg,Normal,0
train,dataset\Hyperspectral_normal_images\Hyperspectral_kidney_normal_2096.jpg,Normal,0
train,dataset\Hyperspectral_tumor_images\Hyperspectral_kidney_tumor_4039.jpg,Tumor,1
train,dataset\Hyperspectral_normal_images\Hyperspectral_kidney_normal_2090.jpg,Normal,0
train,dataset\Hyperspectral_tumor_images\Hyperspectral_kidney_tumor_0833.jpg,Tumor,1
train,dataset\Hyperspectral_normal_images\Hyperspectral_kidney_normal_3751.jpg,Normal,0
train,dataset\Hyperspectral_normal_images\Hyperspectral_kidney_normal_1454.jpg,Normal,0
train,dataset\Hyperspectral_tumor_images\Hyperspectral_kidney_tumor_1404.jpg,Tumor,1
train,dataset\Hyperspectral_normal_images\Hyperspectral_kidney_normal_4111.jpg,Normal,0
train,dataset\Hyperspectral_normal_images\Hyperspectral_kidney_normal_4844.jpg,Normal,0
train,dataset\Hyperspectral_normal_images\Hyperspectral_kidney_normal_4211.jpg,Normal,0
train,dataset\Hyperspectral_normal_images\Hyperspectral_kidney_normal_1568.jpg,Normal,0
train,dataset\Hyperspectral_tumor_images\Hyperspectral_kidney_tumor_0580.jpg,Tumor,1
train,dataset\Hyperspectral_tumor_images\Hyperspectral_kidney_tumor_0897.jpg,Tumor,1
train,dataset\Hyperspectral_tumor_images\Hyperspectral_kidney_tumor_1220.jpg,Tumor,1
train,dataset\Hyperspectral_tumor_images\Hyperspectral_kidney_tumor_4842.jpg,Tumor,1
train,dataset\Hyperspectral_tumor_images\Hyperspectral_kidney_tumor_1522.jpg,Tumor,1
train,dataset\Hyperspectral_normal_images\Hyperspectral_kidney_normal_1300.jpg,Normal,0
train,dataset\Hyperspectral_tumor_images\Hyperspectral_kidney_tumor_1920.jpg,Tumor,1
train,dataset\Hyperspectral_tumor_images\Hyperspectral_kidney_tumor_4238.jpg,Tumor,1
train,dataset\Hyperspectral_normal_images\Hyperspectral_kidney_normal_3020.jpg,Normal,0
train,dataset\Hyperspectral_normal_images\Hyperspectral_kidney_normal_4953.jpg,Normal,0
train,dataset\Hyperspectral_tumor_images\Hyperspectral_kidney_tumor_3085.jpg,Tumor,1
train,dataset\Hyperspectral_tumor_images\Hyperspectral_kidney_tumor_1740.jpg,Tumor,1
train,dataset\Hyperspectral_normal_images\Hyperspectral_kidney_normal_4094.jpg,Normal,0
train,dataset\Hyperspectral_normal_images\Hyperspectral_kidney_normal_3595.jpg,Normal,0
train,dataset\Hyperspectral_normal_images\Hyperspectral_kidney_normal_3713.jpg,Normal,0
train,dataset\Hyperspectral_tumor_images\Hyperspectral_kidney_tumor_1040.jpg,Tumor,1
train,dataset\Hyperspectral_tumor_images\Hyperspectral_kidney_tumor_2900.jpg,Tumor,1
train,dataset\Hyperspectral_normal_images\Hyperspectral_kidney_normal_3686.jpg,Normal,0
train,dataset\Hyperspectral_normal_images\Hyperspectral_kidney_normal_1130.jpg,Normal,0
train,dataset\Hyperspectral_tumor_images\Hyperspectral_kidney_tumor_1015.jpg,Tumor,1
train,dataset\Hyperspectral_normal_images\Hyperspectral_kidney_normal_0105.jpg,Normal,0
train,dataset\Hyperspectral_tumor_images\Hyperspectral_kidney_tumor_3435.jpg,Tumor,1
train,dataset\Hyperspectral_normal_images\Hyperspectral_kidney_normal_3139.jpg,Normal,0
train,dataset\Hyperspectral_tumor_images\Hyperspectral_kidney_tumor_0428.jpg,Tumor,1
train,dataset\Hyperspectral_tumor_images\Hyperspectral_kidney_tumor_1853.jpg,Tumor,1
train,dataset\Hyperspectral_tumor_images\Hyperspectral_kidney_tumor_4058.jpg,Tumor,1
train,dataset\Hyperspectral_normal_images\Hyperspectral_kidney_normal_1161.jpg,Normal,0
train,dataset\Hyperspectral_normal_images\Hyperspectral_kidney_normal_3073.jpg,Normal,0
train,dataset\Hyperspectral_normal_images\Hyperspectral_kidney_normal_3395.jpg,Normal,0
train,dataset\Hyperspectral_tumor_images\Hyperspectral_kidney_tumor_0472.jpg,Tumor,1
train,dataset\Hyperspectral_tumor_images\Hyperspectral_kidney_tumor_3428.jpg,Tumor,1
train,dataset\Hyperspectral_normal_images\Hyperspectral_kidney_normal_0558.jpg,Normal,0
train,dataset\Hyperspectral_tumor_images\Hyperspectral_kidney_tumor_0137.jpg,Tumor,1
train,dataset\Hyperspectral_normal_images\Hyperspectral_kidney_normal_3227.jpg,Normal,0
train,dataset\Hyperspectral_normal_images\Hyperspectral_kidney_normal_4041.jpg,Normal,0
train,dataset\Hyperspectral_tumor_images\Hyperspectral_kidney_tumor_0667.jpg,Tumor,1
train,dataset\Hyperspectral_tumor_images\Hyperspectral_kidney_tumor_4606.jpg,Tumor,1
train,dataset\Hyperspectral_normal_images\Hyperspectral_kidney_normal_2486.jpg,Normal,0
train,dataset\Hyperspectral_normal_images\Hyperspectral_kidney_normal_4138.jpg,Normal,0
train,dataset\Hyperspectral_normal_images\Hyperspectral_kidney_normal_1259.jpg,Normal,0
train,dataset\Hyperspectral_normal_images\Hyperspectral_kidney_normal_0953.jpg,Normal,0
train,dataset\Hyperspectral_tumor_images\Hyperspectral_kidney_tumor_3026.jpg,Tumor,1
train,dataset\Hyperspectral_normal_images\Hyperspectral_kidney_normal_4249.jpg,Normal,0
train,dataset\Hyperspectral_normal_images\Hyperspectral_kidney_normal_4280.jpg,Normal,0
train,dataset\Hyperspectral_normal_images\Hyperspectral_kidney_normal_2451.jpg,Normal,0
train,dataset\Hyperspectral_tumor_images\Hyperspectral_kidney_tumor_1202.jpg,Tumor,1
train,dataset\Hyperspectral_normal_images\Hyperspectral_kidney_normal_3016.jpg,Normal,0
train,dataset\Hyperspectral_tumor_images\Hyperspectral_kidney_tumor_4439.jpg,Tumor,1
train,dataset\Hyperspectral_tumor_images\Hyperspectral_kidney_tumor_1682.jpg,Tumor,1
train,dataset\Hyperspectral_tumor_images\Hyperspectral_kidney_tumor_3411.jpg,Tumor,1
train,dataset\Hyperspectral_normal_images\Hyperspectral_kidney_normal_3888.jpg,Normal,0
train,dataset\Hyperspectral_normal_images\Hyperspectral_kidney_normal_3179.jpg,Normal,0
train,dataset\Hyperspectral_tumor_images\Hyperspectral_kidney_tumor_3756.jpg,Tumor,1
train,dataset\Hyperspectral_tumor_images\Hyperspectral_kidney_tumor_4077.jpg,Tumor,1
train,dataset\Hyperspectral_tumor_images\Hyperspectral_kidney_tumor_0212.jpg,Tumor,1
train,dataset\Hyperspectral_normal_images\Hyperspectral_kidney_normal_2306.jpg,Normal,0
train,dataset\Hyperspectral_tumor_images\Hyperspectral_kidney_tumor_1302.jpg,Tumor,1
train,dataset\Hyperspectral_normal_images\Hyperspectral_kidney_normal_1240.jpg,Normal,0
train,dataset\Hyperspectral_tumor_images\Hyperspectral_kidney_tumor_1037.jpg,Tumor,1
train,dataset\Hyperspectral_normal_images\Hyperspectral_kidney_normal_1163.jpg,Normal,0
train,dataset\Hyperspectral_normal_images\Hyperspectral_kidney_normal_1887.jpg,Normal,0
train,dataset\Hyperspectral_tumor_images\Hyperspectral_kidney_tumor_0800.jpg,Tumor,1
train,dataset\Hyperspectral_tumor_images\Hyperspectral_kidney_tumor_4166.jpg,Tumor,1
train,dataset\Hyperspectral_tumor_images\Hyperspectral_kidney_tumor_1855.jpg,Tumor,1
train,dataset\Hyperspectral_tumor_images\Hyperspectral_kidney_tumor_0551.jpg,Tumor,1
train,dataset\Hyperspectral_tumor_images\Hyperspectral_kidney_tumor_1981.jpg,Tumor,1
train,dataset\Hyperspectral_tumor_images\Hyperspectral_kidney_tumor_2551.jpg,Tumor,1
train,dataset\Hyperspectral_normal_images\Hyperspectral_kidney_normal_0047.jpg,Normal,0
train,dataset\Hyperspectral_normal_images\Hyperspectral_kidney_normal_0669.jpg,Normal,0
train,dataset\Hyperspectral_normal_images\Hyperspectral_kidney_normal_1285.jpg,Normal,0
train,dataset\Hyperspectral_tumor_images\Hyperspectral_kidney_tumor_0779.jpg,Tumor,1
train,dataset\Hyperspectral_tumor_images\Hyperspectral_kidney_tumor_4394.jpg,Tumor,1
train,dataset\Hyperspectral_normal_images\Hyperspectral_kidney_normal_4242.jpg,Normal,0
train,dataset\Hyperspectral_normal_images\Hyperspectral_kidney_normal_3384.jpg,Normal,0
train,dataset\Hyperspectral_normal_images\Hyperspectral_kidney_normal_0495.jpg,Normal,0
train,dataset\Hyperspectral_normal_images\Hyperspectral_kidney_normal_0990.jpg,Normal,0
train,dataset\Hyperspectral_tumor_images\Hyperspectral_kidney_tumor_1378.jpg,Tumor,1
train,dataset\Hyperspectral_tumor_images\Hyperspectral_kidney_tumor_3618.jpg,Tumor,1
train,dataset\Hyperspectral_tumor_images\Hyperspectral_kidney_tumor_1693.jpg,Tumor,1
train,dataset\Hyperspectral_tumor_images\Hyperspectral_kidney_tumor_2520.jpg,Tumor,1
train,dataset\Hyperspectral_normal_images\Hyperspectral_kidney_normal_1461.jpg,Normal,0
train,dataset\Hyperspectral_tumor_images\Hyperspectral_kidney_tumor_2475.jpg,Tumor,1
train,dataset\Hyperspectral_normal_images\Hyperspectral_kidney_normal_2225.jpg,Normal,0
train,dataset\Hyperspectral_normal_images\Hyperspectral_kidney_normal_1509.jpg,Normal,0
train,dataset\Hyperspectral_normal_images\Hyperspectral_kidney_normal_1811.jpg,Normal,0
train,dataset\Hyperspectral_tumor_images\Hyperspectral_kidney_tumor_4108.jpg,Tumor,1
train,dataset\Hyperspectral_normal_images\Hyperspectral_kidney_normal_3612.jpg,Normal,0
train,dataset\Hyperspectral_tumor_images\Hyperspectral_kidney_tumor_3034.jpg,Tumor,1
train,dataset\Hyperspectral_tumor_images\Hyperspectral_kidney_tumor_4988.jpg,Tumor,1
train,dataset\Hyperspectral_normal_images\Hyperspectral_kidney_normal_1239.jpg,Normal,0
train,dataset\Hyperspectral_normal_images\Hyperspectral_kidney_normal_1121.jpg,Normal,0
train,dataset\Hyperspectral_normal_images\Hyperspectral_kidney_normal_1860.jpg,Normal,0
train,dataset\Hyperspectral_tumor_images\Hyperspectral_kidney_tumor_4571.jpg,Tumor,1
train,dataset\Hyperspectral_normal_images\Hyperspectral_kidney_normal_1532.jpg,Normal,0
train,dataset\Hyperspectral_normal_images\Hyperspectral_kidney_normal_2184.jpg,Normal,0
train,dataset\Hyperspectral_normal_images\Hyperspectral_kidney_normal_3772.jpg,Normal,0
train,dataset\Hyperspectral_normal_images\Hyperspectral_kidney_normal_3529.jpg,Normal,0
train,dataset\Hyperspectral_tumor_images\Hyperspectral_kidney_tumor_2075.jpg,Tumor,1
train,dataset\Hyperspectral_normal_images\Hyperspectral_kidney_normal_0145.jpg,Normal,0
train,dataset\Hyperspectral_normal_images\Hyperspectral_kidney_normal_1497.jpg,Normal,0
train,dataset\Hyperspectral_tumor_images\Hyperspectral_kidney_tumor_2895.jpg,Tumor,1
train,dataset\Hyperspectral_normal_images\Hyperspectral_kidney_normal_2626.jpg,Normal,0
train,dataset\Hyperspectral_normal_images\Hyperspectral_kidney_normal_4767.jpg,Normal,0
train,dataset\Hyperspectral_normal_images\Hyperspectral_kidney_normal_0505.jpg,Normal,0
train,dataset\Hyperspectral_normal_images\Hyperspectral_kidney_normal_3813.jpg,Normal,0
train,dataset\Hyperspectral_normal_images\Hyperspectral_kidney_normal_0842.jpg,Normal,0
train,dataset\Hyperspectral_tumor_images\Hyperspectral_kidney_tumor_4201.jpg,Tumor,1
train,dataset\Hyperspectral_normal_images\Hyperspectral_kidney_normal_3621.jpg,Normal,0
train,dataset\Hyperspectral_normal_images\Hyperspectral_kidney_normal_0176.jpg,Normal,0
train,dataset\Hyperspectral_normal_images\Hyperspectral_kidney_normal_2920.jpg,Normal,0
train,dataset\Hyperspectral_tumor_images\Hyperspectral_kidney_tumor_2923.jpg,Tumor,1
train,dataset\Hyperspectral_tumor_images\Hyperspectral_kidney_tumor_3039.jpg,Tumor,1
train,dataset\Hyperspectral_tumor_images\Hyperspectral_kidney_tumor_0630.jpg,Tumor,1
train,dataset\Hyperspectral_tumor_images\Hyperspectral_kidney_tumor_2498.jpg,Tumor,1
train,dataset\Hyperspectral_normal_images\Hyperspectral_kidney_normal_3671.jpg,Normal,0
train,dataset\Hyperspectral_normal_images\Hyperspectral_kidney_normal_3359.jpg,Normal,0
train,dataset\Hyperspectral_normal_images\Hyperspectral_kidney_normal_0509.jpg,Normal,0
train,dataset\Hyperspectral_tumor_images\Hyperspectral_kidney_tumor_0701.jpg,Tumor,1
train,dataset\Hyperspectral_tumor_images\Hyperspectral_kidney_tumor_4014.jpg,Tumor,1
train,dataset\Hyperspectral_tumor_images\Hyperspectral_kidney_tumor_1503.jpg,Tumor,1
train,dataset\Hyperspectral_tumor_images\Hyperspectral_kidney_tumor_4962.jpg,Tumor,1
train,dataset\Hyperspectral_normal_images\Hyperspectral_kidney_normal_2597.jpg,Normal,0
train,dataset\Hyperspectral_normal_images\Hyperspectral_kidney_normal_4216.jpg,Normal,0
train,dataset\Hyperspectral_tumor_images\Hyperspectral_kidney_tumor_1225.jpg,Tumor,1
train,dataset\Hyperspectral_normal_images\Hyperspectral_kidney_normal_1676.jpg,Normal,0
train,dataset\Hyperspectral_tumor_images\Hyperspectral_kidney_tumor_4279.jpg,Tumor,1
train,dataset\Hyperspectral_tumor_images\Hyperspectral_kidney_tumor_4905.jpg,Tumor,1
train,dataset\Hyperspectral_tumor_images\Hyperspectral_kidney_tumor_2617.jpg,Tumor,1
train,dataset\Hyperspectral_normal_images\Hyperspectral_kidney_normal_4741.jpg,Normal,0
train,dataset\Hyperspectral_tumor_images\Hyperspectral_kidney_tumor_1455.jpg,Tumor,1
train,dataset\Hyperspectral_normal_images\Hyperspectral_kidney_normal_2261.jpg,Normal,0
train,dataset\Hyperspectral_tumor_images\Hyperspectral_kidney_tumor_2593.jpg,Tumor,1
train,dataset\Hyperspectral_tumor_images\Hyperspectral_kidney_tumor_3500.jpg,Tumor,1
train,dataset\Hyperspectral_tumor_images\Hyperspectral_kidney_tumor_2734.jpg,Tumor,1
train,dataset\Hyperspectral_normal_images\Hyperspectral_kidney_normal_4770.jpg,Normal,0
train,dataset\Hyperspectral_normal_images\Hyperspectral_kidney_normal_4339.jpg,Normal,0
train,dataset\Hyperspectral_normal_images\Hyperspectral_kidney_normal_3667.jpg,Normal,0
train,dataset\Hyperspectral_normal_images\Hyperspectral_kidney_normal_0214.jpg,Normal,0
train,dataset\Hyperspectral_normal_images\Hyperspectral_kidney_normal_2302.jpg,Normal,0
train,dataset\Hyperspectral_normal_images\Hyperspectral_kidney_normal_2206.jpg,Normal,0
train,dataset\Hyperspectral_normal_images\Hyperspectral_kidney_normal_4151.jpg,Normal,0
train,dataset\Hyperspectral_tumor_images\Hyperspectral_kidney_tumor_3031.jpg,Tumor,1
train,dataset\Hyperspectral_normal_images\Hyperspectral_kidney_normal_1408.jpg,Normal,0
train,dataset\Hyperspectral_normal_images\Hyperspectral_kidney_normal_0470.jpg,Normal,0
train,dataset\Hyperspectral_tumor_images\Hyperspectral_kidney_tumor_1964.jpg,Tumor,1
train,dataset\Hyperspectral_tumor_images\Hyperspectral_kidney_tumor_0927.jpg,Tumor,1
train,dataset\Hyperspectral_normal_images\Hyperspectral_kidney_normal_0112.jpg,Normal,0
train,dataset\Hyperspectral_normal_images\Hyperspectral_kidney_normal_4668.jpg,Normal,0
train,dataset\Hyperspectral_normal_images\Hyperspectral_kidney_normal_2381.jpg,Normal,0
train,dataset\Hyperspectral_normal_images\Hyperspectral_kidney_normal_3611.jpg,Normal,0
train,dataset\Hyperspectral_tumor_images\Hyperspectral_kidney_tumor_4966.jpg,Tumor,1
train,dataset\Hyperspectral_tumor_images\Hyperspectral_kidney_tumor_1471.jpg,Tumor,1
train,dataset\Hyperspectral_tumor_images\Hyperspectral_kidney_tumor_2100.jpg,Tumor,1
train,dataset\Hyperspectral_normal_images\Hyperspectral_kidney_normal_0244.jpg,Normal,0
train,dataset\Hyperspectral_tumor_images\Hyperspectral_kidney_tumor_0118.jpg,Tumor,1
train,dataset\Hyperspectral_normal_images\Hyperspectral_kidney_normal_3216.jpg,Normal,0
train,dataset\Hyperspectral_tumor_images\Hyperspectral_kidney_tumor_0984.jpg,Tumor,1
train,dataset\Hyperspectral_tumor_images\Hyperspectral_kidney_tumor_4209.jpg,Tumor,1
train,dataset\Hyperspectral_tumor_images\Hyperspectral_kidney_tumor_0740.jpg,Tumor,1
train,dataset\Hyperspectral_normal_images\Hyperspectral_kidney_normal_1918.jpg,Normal,0
train,dataset\Hyperspectral_normal_images\Hyperspectral_kidney_normal_4230.jpg,Normal,0
train,dataset\Hyperspectral_tumor_images\Hyperspectral_kidney_tumor_4482.jpg,Tumor,1
train,dataset\Hyperspectral_normal_images\Hyperspectral_kidney_normal_4225.jpg,Normal,0
train,dataset\Hyperspectral_normal_images\Hyperspectral_kidney_normal_1420.jpg,Normal,0
train,dataset\Hyperspectral_tumor_images\Hyperspectral_kidney_tumor_3944.jpg,Tumor,1
train,dataset\Hyperspectral_tumor_images\Hyperspectral_kidney_tumor_4001.jpg,Tumor,1
train,dataset\Hyperspectral_tumor_images\Hyperspectral_kidney_tumor_4211.jpg,Tumor,1
train,dataset\Hyperspectral_normal_images\Hyperspectral_kidney_normal_3714.jpg,Normal,0
train,dataset\Hyperspectral_normal_images\Hyperspectral_kidney_normal_2703.jpg,Normal,0
train,dataset\Hyperspectral_tumor_images\Hyperspectral_kidney_tumor_2403.jpg,Tumor,1
train,dataset\Hyperspectral_normal_images\Hyperspectral_kidney_normal_1929.jpg,Normal,0
train,dataset\Hyperspectral_tumor_images\Hyperspectral_kidney_tumor_4625.jpg,Tumor,1
train,dataset\Hyperspectral_normal_images\Hyperspectral_kidney_normal_1973.jpg,Normal,0
train,dataset\Hyperspectral_tumor_images\Hyperspectral_kidney_tumor_2029.jpg,Tumor,1
train,dataset\Hyperspectral_tumor_images\Hyperspectral_kidney_tumor_0894.jpg,Tumor,1
train,dataset\Hyperspectral_tumor_images\Hyperspectral_kidney_tumor_0956.jpg,Tumor,1
train,dataset\Hyperspectral_tumor_images\Hyperspectral_kidney_tumor_4633.jpg,Tumor,1
train,dataset\Hyperspectral_normal_images\Hyperspectral_kidney_normal_0498.jpg,Normal,0
train,dataset\Hyperspectral_tumor_images\Hyperspectral_kidney_tumor_3516.jpg,Tumor,1
train,dataset\Hyperspectral_tumor_images\Hyperspectral_kidney_tumor_1742.jpg,Tumor,1
train,dataset\Hyperspectral_normal_images\Hyperspectral_kidney_normal_1015.jpg,Normal,0
train,dataset\Hyperspectral_tumor_images\Hyperspectral_kidney_tumor_0127.jpg,Tumor,1
train,dataset\Hyperspectral_tumor_images\Hyperspectral_kidney_tumor_4874.jpg,Tumor,1
train,dataset\Hyperspectral_normal_images\Hyperspectral_kidney_normal_4675.jpg,Normal,0
train,dataset\Hyperspectral_tumor_images\Hyperspectral_kidney_tumor_3455.jpg,Tumor,1
train,dataset\Hyperspectral_tumor_images\Hyperspectral_kidney_tumor_4883.jpg,Tumor,1
train,dataset\Hyperspectral_normal_images\Hyperspectral_kidney_normal_1845.jpg,Normal,0
train,dataset\Hyperspectral_normal_images\Hyperspectral_kidney_normal_4852.jpg,Normal,0
train,dataset\Hyperspectral_normal_images\Hyperspectral_kidney_normal_1256.jpg,Normal,0
train,dataset\Hyperspectral_tumor_images\Hyperspectral_kidney_tumor_0393.jpg,Tumor,1
train,dataset\Hyperspectral_normal_images\Hyperspectral_kidney_normal_2273.jpg,Normal,0
train,dataset\Hyperspectral_normal_images\Hyperspectral_kidney_normal_0611.jpg,Normal,0
train,dataset\Hyperspectral_tumor_images\Hyperspectral_kidney_tumor_1177.jpg,Tumor,1
train,dataset\Hyperspectral_tumor_images\Hyperspectral_kidney_tumor_0738.jpg,Tumor,1
train,dataset\Hyperspectral_normal_images\Hyperspectral_kidney_normal_1301.jpg,Normal,0
train,dataset\Hyperspectral_tumor_images\Hyperspectral_kidney_tumor_3607.jpg,Tumor,1
train,dataset\Hyperspectral_normal_images\Hyperspectral_kidney_normal_3929.jpg,Normal,0
train,dataset\Hyperspectral_tumor_images\Hyperspectral_kidney_tumor_3173.jpg,Tumor,1
train,dataset\Hyperspectral_tumor_images\Hyperspectral_kidney_tumor_4162.jpg,Tumor,1
train,dataset\Hyperspectral_tumor_images\Hyperspectral_kidney_tumor_3001.jpg,Tumor,1
train,dataset\Hyperspectral_tumor_images\Hyperspectral_kidney_tumor_4041.jpg,Tumor,1
train,dataset\Hyperspectral_tumor_images\Hyperspectral_kidney_tumor_4522.jpg,Tumor,1
train,dataset\Hyperspectral_tumor_images\Hyperspectral_kidney_tumor_0705.jpg,Tumor,1
train,dataset\Hyperspectral_normal_images\Hyperspectral_kidney_normal_1362.jpg,Normal,0
train,dataset\Hyperspectral_normal_images\Hyperspectral_kidney_normal_0789.jpg,Normal,0
train,dataset\Hyperspectral_tumor_images\Hyperspectral_kidney_tumor_0341.jpg,Tumor,1
train,dataset\Hyperspectral_normal_images\Hyperspectral_kidney_normal_3511.jpg,Normal,0
train,dataset\Hyperspectral_tumor_images\Hyperspectral_kidney_tumor_0677.jpg,Tumor,1
train,dataset\Hyperspectral_normal_images\Hyperspectral_kidney_normal_0310.jpg,Normal,0
train,dataset\Hyperspectral_tumor_images\Hyperspectral_kidney_tumor_4218.jpg,Tumor,1
train,dataset\Hyperspectral_normal_images\Hyperspectral_kidney_normal_3827.jpg,Normal,0
train,dataset\Hyperspectral_normal_images\Hyperspectral_kidney_normal_1788.jpg,Normal,0
train,dataset\Hyperspectral_normal_images\Hyperspectral_kidney_normal_1949.jpg,Normal,0
train,dataset\Hyperspectral_tumor_images\Hyperspectral_kidney_tumor_3087.jpg,Tumor,1
train,dataset\Hyperspectral_tumor_images\Hyperspectral_kidney_tumor_3089.jpg,Tumor,1
train,dataset\Hyperspectral_normal_images\Hyperspectral_kidney_normal_1089.jpg,Normal,0
train,dataset\Hyperspectral_normal_images\Hyperspectral_kidney_normal_4069.jpg,Normal,0
train,dataset\Hyperspectral_tumor_images\Hyperspectral_kidney_tumor_0357.jpg,Tumor,1
train,dataset\Hyperspectral_normal_images\Hyperspectral_kidney_normal_2643.jpg,Normal,0
train,dataset\Hyperspectral_normal_images\Hyperspectral_kidney_normal_3007.jpg,Normal,0
train,dataset\Hyperspectral_tumor_images\Hyperspectral_kidney_tumor_1472.jpg,Tumor,1
train,dataset\Hyperspectral_normal_images\Hyperspectral_kidney_normal_0157.jpg,Normal,0
train,dataset\Hyperspectral_normal_images\Hyperspectral_kidney_normal_1386.jpg,Normal,0
train,dataset\Hyperspectral_tumor_images\Hyperspectral_kidney_tumor_1874.jpg,Tumor,1
train,dataset\Hyperspectral_normal_images\Hyperspectral_kidney_normal_0740.jpg,Normal,0
train,dataset\Hyperspectral_normal_images\Hyperspectral_kidney_normal_0644.jpg,Normal,0
train,dataset\Hyperspectral_normal_images\Hyperspectral_kidney_normal_3865.jpg,Normal,0
train,dataset\Hyperspectral_normal_images\Hyperspectral_kidney_normal_2123.jpg,Normal,0
train,dataset\Hyperspectral_tumor_images\Hyperspectral_kidney_tumor_3446.jpg,Tumor,1
train,dataset\Hyperspectral_normal_images\Hyperspectral_kidney_normal_4328.jpg,Normal,0
train,dataset\Hyperspectral_normal_images\Hyperspectral_kidney_normal_3798.jpg,Normal,0
train,dataset\Hyperspectral_tumor_images\Hyperspectral_kidney_tumor_0731.jpg,Tumor,1
train,dataset\Hyperspectral_tumor_images\Hyperspectral_kidney_tumor_0135.jpg,Tumor,1
train,dataset\Hyperspectral_normal_images\Hyperspectral_kidney_normal_2959.jpg,Normal,0
train,dataset\Hyperspectral_tumor_images\Hyperspectral_kidney_tumor_3815.jpg,Tumor,1
train,dataset\Hyperspectral_tumor_images\Hyperspectral_kidney_tumor_4569.jpg,Tumor,1
train,dataset\Hyperspectral_normal_images\Hyperspectral_kidney_normal_0139.jpg,Normal,0
train,dataset\Hyperspectral_tumor_images\Hyperspectral_kidney_tumor_3419.jpg,Tumor,1
train,dataset\Hyperspectral_tumor_images\Hyperspectral_kidney_tumor_0189.jpg,Tumor,1
train,dataset\Hyperspectral_normal_images\Hyperspectral_kidney_normal_1234.jpg,Normal,0
train,dataset\Hyperspectral_tumor_images\Hyperspectral_kidney_tumor_0689.jpg,Tumor,1
train,dataset\Hyperspectral_tumor_images\Hyperspectral_kidney_tumor_2483.jpg,Tumor,1
train,dataset\Hyperspectral_normal_images\Hyperspectral_kidney_normal_4452.jpg,Normal,0
train,dataset\Hyperspectral_tumor_images\Hyperspectral_kidney_tumor_3093.jpg,Tumor,1
train,dataset\Hyperspectral_normal_images\Hyperspectral_kidney_normal_4925.jpg,Normal,0
train,dataset\Hyperspectral_tumor_images\Hyperspectral_kidney_tumor_4173.jpg,Tumor,1
train,dataset\Hyperspectral_tumor_images\Hyperspectral_kidney_tumor_3634.jpg,Tumor,1
train,dataset\Hyperspectral_normal_images\Hyperspectral_kidney_normal_1195.jpg,Normal,0
train,dataset\Hyperspectral_normal_images\Hyperspectral_kidney_normal_0241.jpg,Normal,0
train,dataset\Hyperspectral_normal_images\Hyperspectral_kidney_normal_1514.jpg,Normal,0
train,dataset\Hyperspectral_normal_images\Hyperspectral_kidney_normal_4766.jpg,Normal,0
train,dataset\Hyperspectral_normal_images\Hyperspectral_kidney_normal_2013.jpg,Normal,0
train,dataset\Hyperspectral_tumor_images\Hyperspectral_kidney_tumor_0303.jpg,Tumor,1
train,dataset\Hyperspectral_tumor_images\Hyperspectral_kidney_tumor_1126.jpg,Tumor,1
train,dataset\Hyperspectral_tumor_images\Hyperspectral_kidney_tumor_3292.jpg,Tumor,1
train,dataset\Hyperspectral_normal_images\Hyperspectral_kidney_normal_4317.jpg,Normal,0
train,dataset\Hyperspectral_tumor_images\Hyperspectral_kidney_tumor_4863.jpg,Tumor,1
train,dataset\Hyperspectral_tumor_images\Hyperspectral_kidney_tumor_0741.jpg,Tumor,1
train,dataset\Hyperspectral_normal_images\Hyperspectral_kidney_normal_2126.jpg,Normal,0
train,dataset\Hyperspectral_normal_images\Hyperspectral_kidney_normal_4863.jpg,Normal,0
train,dataset\Hyperspectral_normal_images\Hyperspectral_kidney_normal_0754.jpg,Normal,0
train,dataset\Hyperspectral_normal_images\Hyperspectral_kidney_normal_1294.jpg,Normal,0
train,dataset\Hyperspectral_tumor_images\Hyperspectral_kidney_tumor_3625.jpg,Tumor,1
train,dataset\Hyperspectral_normal_images\Hyperspectral_kidney_normal_4485.jpg,Normal,0
train,dataset\Hyperspectral_normal_images\Hyperspectral_kidney_normal_3261.jpg,Normal,0
train,dataset\Hyperspectral_normal_images\Hyperspectral_kidney_normal_4652.jpg,Normal,0
train,dataset\Hyperspectral_normal_images\Hyperspectral_kidney_normal_0851.jpg,Normal,0
train,dataset\Hyperspectral_tumor_images\Hyperspectral_kidney_tumor_1529.jpg,Tumor,1
train,dataset\Hyperspectral_normal_images\Hyperspectral_kidney_normal_1891.jpg,Normal,0
train,dataset\Hyperspectral_tumor_images\Hyperspectral_kidney_tumor_4105.jpg,Tumor,1
train,dataset\Hyperspectral_tumor_images\Hyperspectral_kidney_tumor_3498.jpg,Tumor,1
train,dataset\Hyperspectral_tumor_images\Hyperspectral_kidney_tumor_4300.jpg,Tumor,1
train,dataset\Hyperspectral_tumor_images\Hyperspectral_kidney_tumor_3250.jpg,Tumor,1
train,dataset\Hyperspectral_normal_images\Hyperspectral_kidney_normal_4108.jpg,Normal,0
train,dataset\Hyperspectral_normal_images\Hyperspectral_kidney_normal_0660.jpg,Normal,0
train,dataset\Hyperspectral_normal_images\Hyperspectral_kidney_normal_3210.jpg,Normal,0
train,dataset\Hyperspectral_normal_images\Hyperspectral_kidney_normal_2834.jpg,Normal,0
train,dataset\Hyperspectral_normal_images\Hyperspectral_kidney_normal_4255.jpg,Normal,0
train,dataset\Hyperspectral_normal_images\Hyperspectral_kidney_normal_2228.jpg,Normal,0
train,dataset\Hyperspectral_normal_images\Hyperspectral_kidney_normal_0796.jpg,Normal,0
train,dataset\Hyperspectral_tumor_images\Hyperspectral_kidney_tumor_0241.jpg,Tumor,1
train,dataset\Hyperspectral_tumor_images\Hyperspectral_kidney_tumor_1585.jpg,Tumor,1
train,dataset\Hyperspectral_normal_images\Hyperspectral_kidney_normal_1197.jpg,Normal,0
train,dataset\Hyperspectral_tumor_images\Hyperspectral_kidney_tumor_3729.jpg,Tumor,1
train,dataset\Hyperspectral_normal_images\Hyperspectral_kidney_normal_3649.jpg,Normal,0
train,dataset\Hyperspectral_tumor_images\Hyperspectral_kidney_tumor_3633.jpg,Tumor,1
train,dataset\Hyperspectral_normal_images\Hyperspectral_kidney_normal_4381.jpg,Normal,0
train,dataset\Hyperspectral_tumor_images\Hyperspectral_kidney_tumor_2508.jpg,Tumor,1
train,dataset\Hyperspectral_tumor_images\Hyperspectral_kidney_tumor_1714.jpg,Tumor,1
train,dataset\Hyperspectral_normal_images\Hyperspectral_kidney_normal_4803.jpg,Normal,0
train,dataset\Hyperspectral_tumor_images\Hyperspectral_kidney_tumor_2876.jpg,Tumor,1
train,dataset\Hyperspectral_tumor_images\Hyperspectral_kidney_tumor_3045.jpg,Tumor,1
train,dataset\Hyperspectral_tumor_images\Hyperspectral_kidney_tumor_2177.jpg,Tumor,1
train,dataset\Hyperspectral_tumor_images\Hyperspectral_kidney_tumor_3145.jpg,Tumor,1
train,dataset\Hyperspectral_normal_images\Hyperspectral_kidney_normal_0300.jpg,Normal,0
train,dataset\Hyperspectral_tumor_images\Hyperspectral_kidney_tumor_3983.jpg,Tumor,1
train,dataset\Hyperspectral_normal_images\Hyperspectral_kidney_normal_1884.jpg,Normal,0
train,dataset\Hyperspectral_tumor_images\Hyperspectral_kidney_tumor_2870.jpg,Tumor,1
train,dataset\Hyperspectral_normal_images\Hyperspectral_kidney_normal_3303.jpg,Normal,0
train,dataset\Hyperspectral_tumor_images\Hyperspectral_kidney_tumor_4309.jpg,Tumor,1
train,dataset\Hyperspectral_normal_images\Hyperspectral_kidney_normal_0709.jpg,Normal,0
train,dataset\Hyperspectral_normal_images\Hyperspectral_kidney_normal_1768.jpg,Normal,0
train,dataset\Hyperspectral_normal_images\Hyperspectral_kidney_normal_1174.jpg,Normal,0
train,dataset\Hyperspectral_tumor_images\Hyperspectral_kidney_tumor_4373.jpg,Tumor,1
train,dataset\Hyperspectral_tumor_images\Hyperspectral_kidney_tumor_1228.jpg,Tumor,1
train,dataset\Hyperspectral_normal_images\Hyperspectral_kidney_normal_1851.jpg,Normal,0
train,dataset\Hyperspectral_normal_images\Hyperspectral_kidney_normal_3443.jpg,Normal,0
train,dataset\Hyperspectral_tumor_images\Hyperspectral_kidney_tumor_1666.jpg,Tumor,1
train,dataset\Hyperspectral_normal_images\Hyperspectral_kidney_normal_3233.jpg,Normal,0
train,dataset\Hyperspectral_tumor_images\Hyperspectral_kidney_tumor_1533.jpg,Tumor,1
train,dataset\Hyperspectral_normal_images\Hyperspectral_kidney_normal_4500.jpg,Normal,0
train,dataset\Hyperspectral_normal_images\Hyperspectral_kidney_normal_2401.jpg,Normal,0
train,dataset\Hyperspectral_normal_images\Hyperspectral_kidney_normal_1412.jpg,Normal,0
train,dataset\Hyperspectral_tumor_images\Hyperspectral_kidney_tumor_4098.jpg,Tumor,1
train,dataset\Hyperspectral_tumor_images\Hyperspectral_kidney_tumor_0661.jpg,Tumor,1
train,dataset\Hyperspectral_normal_images\Hyperspectral_kidney_normal_4224.jpg,Normal,0
train,dataset\Hyperspectral_normal_images\Hyperspectral_kidney_normal_0602.jpg,Normal,0
train,dataset\Hyperspectral_normal_images\Hyperspectral_kidney_normal_2089.jpg,Normal,0
train,dataset\Hyperspectral_normal_images\Hyperspectral_kidney_normal_0448.jpg,Normal,0
train,dataset\Hyperspectral_tumor_images\Hyperspectral_kidney_tumor_4559.jpg,Tumor,1
train,dataset\Hyperspectral_normal_images\Hyperspectral_kidney_normal_2914.jpg,Normal,0
train,dataset\Hyperspectral_tumor_images\Hyperspectral_kidney_tumor_4861.jpg,Tumor,1
train,dataset\Hyperspectral_tumor_images\Hyperspectral_kidney_tumor_4659.jpg,Tumor,1
train,dataset\Hyperspectral_tumor_images\Hyperspectral_kidney_tumor_2558.jpg,Tumor,1
train,dataset\Hyperspectral_normal_images\Hyperspectral_kidney_normal_4213.jpg,Normal,0
train,dataset\Hyperspectral_tumor_images\Hyperspectral_kidney_tumor_0103.jpg,Tumor,1
train,dataset\Hyperspectral_normal_images\Hyperspectral_kidney_normal_2560.jpg,Normal,0
train,dataset\Hyperspectral_normal_images\Hyperspectral_kidney_normal_1720.jpg,Normal,0
train,dataset\Hyperspectral_normal_images\Hyperspectral_kidney_normal_3778.jpg,Normal,0
train,dataset\Hyperspectral_normal_images\Hyperspectral_kidney_normal_0467.jpg,Normal,0
train,dataset\Hyperspectral_normal_images\Hyperspectral_kidney_normal_4408.jpg,Normal,0
train,dataset\Hyperspectral_tumor_images\Hyperspectral_kidney_tumor_4402.jpg,Tumor,1
train,dataset\Hyperspectral_normal_images\Hyperspectral_kidney_normal_0519.jpg,Normal,0
train,dataset\Hyperspectral_tumor_images\Hyperspectral_kidney_tumor_3223.jpg,Tumor,1
train,dataset\Hyperspectral_tumor_images\Hyperspectral_kidney_tumor_3398.jpg,Tumor,1
train,dataset\Hyperspectral_normal_images\Hyperspectral_kidney_normal_1371.jpg,Normal,0
train,dataset\Hyperspectral_normal_images\Hyperspectral_kidney_normal_2161.jpg,Normal,0
train,dataset\Hyperspectral_tumor_images\Hyperspectral_kidney_tumor_3931.jpg,Tumor,1
train,dataset\Hyperspectral_tumor_images\Hyperspectral_kidney_tumor_1224.jpg,Tumor,1
train,dataset\Hyperspectral_normal_images\Hyperspectral_kidney_normal_3477.jpg,Normal,0
train,dataset\Hyperspectral_normal_images\Hyperspectral_kidney_normal_2813.jpg,Normal,0
train,dataset\Hyperspectral_normal_images\Hyperspectral_kidney_normal_4060.jpg,Normal,0
train,dataset\Hyperspectral_normal_images\Hyperspectral_kidney_normal_4988.jpg,Normal,0
train,dataset\Hyperspectral_tumor_images\Hyperspectral_kidney_tumor_3064.jpg,Tumor,1
train,dataset\Hyperspectral_tumor_images\Hyperspectral_kidney_tumor_0491.jpg,Tumor,1
train,dataset\Hyperspectral_tumor_images\Hyperspectral_kidney_tumor_2813.jpg,Tumor,1
train,dataset\Hyperspectral_normal_images\Hyperspectral_kidney_normal_1854.jpg,Normal,0
train,dataset\Hyperspectral_normal_images\Hyperspectral_kidney_normal_0122.jpg,Normal,0
train,dataset\Hyperspectral_tumor_images\Hyperspectral_kidney_tumor_4046.jpg,Tumor,1
train,dataset\Hyperspectral_tumor_images\Hyperspectral_kidney_tumor_1837.jpg,Tumor,1
train,dataset\Hyperspectral_tumor_images\Hyperspectral_kidney_tumor_2605.jpg,Tumor,1
train,dataset\Hyperspectral_tumor_images\Hyperspectral_kidney_tumor_0501.jpg,Tumor,1
train,dataset\Hyperspectral_normal_images\Hyperspectral_kidney_normal_1626.jpg,Normal,0
train,dataset\Hyperspectral_normal_images\Hyperspectral_kidney_normal_0123.jpg,Normal,0
train,dataset\Hyperspectral_tumor_images\Hyperspectral_kidney_tumor_3924.jpg,Tumor,1
train,dataset\Hyperspectral_tumor_images\Hyperspectral_kidney_tumor_4794.jpg,Tumor,1
train,dataset\Hyperspectral_tumor_images\Hyperspectral_kidney_tumor_3942.jpg,Tumor,1
train,dataset\Hyperspectral_normal_images\Hyperspectral_kidney_normal_0349.jpg,Normal,0
train,dataset\Hyperspectral_tumor_images\Hyperspectral_kidney_tumor_2191.jpg,Tumor,1
train,dataset\Hyperspectral_tumor_images\Hyperspectral_kidney_tumor_0594.jpg,Tumor,1
train,dataset\Hyperspectral_tumor_images\Hyperspectral_kidney_tumor_2871.jpg,Tumor,1
train,dataset\Hyperspectral_normal_images\Hyperspectral_kidney_normal_3356.jpg,Normal,0
train,dataset\Hyperspectral_tumor_images\Hyperspectral_kidney_tumor_1205.jpg,Tumor,1
train,dataset\Hyperspectral_tumor_images\Hyperspectral_kidney_tumor_4067.jpg,Tumor,1
train,dataset\Hyperspectral_normal_images\Hyperspectral_kidney_normal_0681.jpg,Normal,0
train,dataset\Hyperspectral_normal_images\Hyperspectral_kidney_normal_3710.jpg,Normal,0
train,dataset\Hyperspectral_tumor_images\Hyperspectral_kidney_tumor_3484.jpg,Tumor,1
train,dataset\Hyperspectral_normal_images\Hyperspectral_kidney_normal_3253.jpg,Normal,0
train,dataset\Hyperspectral_tumor_images\Hyperspectral_kidney_tumor_4194.jpg,Tumor,1
train,dataset\Hyperspectral_normal_images\Hyperspectral_kidney_normal_0901.jpg,Normal,0
train,dataset\Hyperspectral_tumor_images\Hyperspectral_kidney_tumor_0290.jpg,Tumor,1
train,dataset\Hyperspectral_normal_images\Hyperspectral_kidney_normal_0182.jpg,Normal,0
train,dataset\Hyperspectral_tumor_images\Hyperspectral_kidney_tumor_2033.jpg,Tumor,1
train,dataset\Hyperspectral_tumor_images\Hyperspectral_kidney_tumor_2327.jpg,Tumor,1
train,dataset\Hyperspectral_tumor_images\Hyperspectral_kidney_tumor_2293.jpg,Tumor,1
train,dataset\Hyperspectral_tumor_images\Hyperspectral_kidney_tumor_3532.jpg,Tumor,1
train,dataset\Hyperspectral_tumor_images\Hyperspectral_kidney_tumor_2045.jpg,Tumor,1
train,dataset\Hyperspectral_normal_images\Hyperspectral_kidney_normal_2084.jpg,Normal,0
train,dataset\Hyperspectral_tumor_images\Hyperspectral_kidney_tumor_1869.jpg,Tumor,1
train,dataset\Hyperspectral_normal_images\Hyperspectral_kidney_normal_0220.jpg,Normal,0
train,dataset\Hyperspectral_tumor_images\Hyperspectral_kidney_tumor_2490.jpg,Tumor,1
train,dataset\Hyperspectral_normal_images\Hyperspectral_kidney_normal_4185.jpg,Normal,0
train,dataset\Hyperspectral_normal_images\Hyperspectral_kidney_normal_4390.jpg,Normal,0
train,dataset\Hyperspectral_tumor_images\Hyperspectral_kidney_tumor_1517.jpg,Tumor,1
train,dataset\Hyperspectral_normal_images\Hyperspectral_kidney_normal_3152.jpg,Normal,0
train,dataset\Hyperspectral_normal_images\Hyperspectral_kidney_normal_2375.jpg,Normal,0
train,dataset\Hyperspectral_normal_images\Hyperspectral_kidney_normal_2566.jpg,Normal,0
train,dataset\Hyperspectral_normal_images\Hyperspectral_kidney_normal_3166.jpg,Normal,0
train,dataset\Hyperspectral_normal_images\Hyperspectral_kidney_normal_4907.jpg,Normal,0
train,dataset\Hyperspectral_tumor_images\Hyperspectral_kidney_tumor_3670.jpg,Tumor,1
train,dataset\Hyperspectral_tumor_images\Hyperspectral_kidney_tumor_1156.jpg,Tumor,1
train,dataset\Hyperspectral_normal_images\Hyperspectral_kidney_normal_3765.jpg,Normal,0
train,dataset\Hyperspectral_tumor_images\Hyperspectral_kidney_tumor_0064.jpg,Tumor,1
train,dataset\Hyperspectral_normal_images\Hyperspectral_kidney_normal_0664.jpg,Normal,0
train,dataset\Hyperspectral_normal_images\Hyperspectral_kidney_normal_3411.jpg,Normal,0
train,dataset\Hyperspectral_normal_images\Hyperspectral_kidney_normal_2438.jpg,Normal,0
train,dataset\Hyperspectral_normal_images\Hyperspectral_kidney_normal_2623.jpg,Normal,0
train,dataset\Hyperspectral_normal_images\Hyperspectral_kidney_normal_0155.jpg,Normal,0
train,dataset\Hyperspectral_tumor_images\Hyperspectral_kidney_tumor_2888.jpg,Tumor,1
train,dataset\Hyperspectral_tumor_images\Hyperspectral_kidney_tumor_2149.jpg,Tumor,1
train,dataset\Hyperspectral_tumor_images\Hyperspectral_kidney_tumor_3112.jpg,Tumor,1
train,dataset\Hyperspectral_tumor_images\Hyperspectral_kidney_tumor_1241.jpg,Tumor,1
train,dataset\Hyperspectral_tumor_images\Hyperspectral_kidney_tumor_1652.jpg,Tumor,1
train,dataset\Hyperspectral_normal_images\Hyperspectral_kidney_normal_2139.jpg,Normal,0
train,dataset\Hyperspectral_normal_images\Hyperspectral_kidney_normal_3884.jpg,Normal,0
train,dataset\Hyperspectral_tumor_images\Hyperspectral_kidney_tumor_2368.jpg,Tumor,1
train,dataset\Hyperspectral_normal_images\Hyperspectral_kidney_normal_2440.jpg,Normal,0
train,dataset\Hyperspectral_normal_images\Hyperspectral_kidney_normal_1916.jpg,Normal,0
train,dataset\Hyperspectral_tumor_images\Hyperspectral_kidney_tumor_3372.jpg,Tumor,1
train,dataset\Hyperspectral_tumor_images\Hyperspectral_kidney_tumor_4224.jpg,Tumor,1
train,dataset\Hyperspectral_normal_images\Hyperspectral_kidney_normal_0264.jpg,Normal,0
train,dataset\Hyperspectral_normal_images\Hyperspectral_kidney_normal_1911.jpg,Normal,0
train,dataset\Hyperspectral_normal_images\Hyperspectral_kidney_normal_0730.jpg,Normal,0
train,dataset\Hyperspectral_tumor_images\Hyperspectral_kidney_tumor_0545.jpg,Tumor,1
train,dataset\Hyperspectral_tumor_images\Hyperspectral_kidney_tumor_4868.jpg,Tumor,1
train,dataset\Hyperspectral_tumor_images\Hyperspectral_kidney_tumor_4993.jpg,Tumor,1
train,dataset\Hyperspectral_normal_images\Hyperspectral_kidney_normal_3497.jpg,Normal,0
train,dataset\Hyperspectral_normal_images\Hyperspectral_kidney_normal_4024.jpg,Normal,0
train,dataset\Hyperspectral_tumor_images\Hyperspectral_kidney_tumor_4947.jpg,Tumor,1
train,dataset\Hyperspectral_normal_images\Hyperspectral_kidney_normal_2255.jpg,Normal,0
train,dataset\Hyperspectral_tumor_images\Hyperspectral_kidney_tumor_0012.jpg,Tumor,1
train,dataset\Hyperspectral_normal_images\Hyperspectral_kidney_normal_1624.jpg,Normal,0
train,dataset\Hyperspectral_normal_images\Hyperspectral_kidney_normal_1289.jpg,Normal,0
train,dataset\Hyperspectral_normal_images\Hyperspectral_kidney_normal_1503.jpg,Normal,0
train,dataset\Hyperspectral_tumor_images\Hyperspectral_kidney_tumor_1593.jpg,Tumor,1
train,dataset\Hyperspectral_tumor_images\Hyperspectral_kidney_tumor_0652.jpg,Tumor,1
train,dataset\Hyperspectral_normal_images\Hyperspectral_kidney_normal_2734.jpg,Normal,0
train,dataset\Hyperspectral_tumor_images\Hyperspectral_kidney_tumor_2127.jpg,Tumor,1
train,dataset\Hyperspectral_tumor_images\Hyperspectral_kidney_tumor_4727.jpg,Tumor,1
train,dataset\Hyperspectral_normal_images\Hyperspectral_kidney_normal_3832.jpg,Normal,0
train,dataset\Hyperspectral_normal_images\Hyperspectral_kidney_normal_2452.jpg,Normal,0
train,dataset\Hyperspectral_tumor_images\Hyperspectral_kidney_tumor_0344.jpg,Tumor,1
train,dataset\Hyperspectral_tumor_images\Hyperspectral_kidney_tumor_4433.jpg,Tumor,1
train,dataset\Hyperspectral_normal_images\Hyperspectral_kidney_normal_2742.jpg,Normal,0
train,dataset\Hyperspectral_tumor_images\Hyperspectral_kidney_tumor_4013.jpg,Tumor,1
train,dataset\Hyperspectral_normal_images\Hyperspectral_kidney_normal_3646.jpg,Normal,0
train,dataset\Hyperspectral_tumor_images\Hyperspectral_kidney_tumor_4473.jpg,Tumor,1
train,dataset\Hyperspectral_tumor_images\Hyperspectral_kidney_tumor_4843.jpg,Tumor,1
train,dataset\Hyperspectral_tumor_images\Hyperspectral_kidney_tumor_2723.jpg,Tumor,1
train,dataset\Hyperspectral_tumor_images\Hyperspectral_kidney_tumor_4285.jpg,Tumor,1
train,dataset\Hyperspectral_normal_images\Hyperspectral_kidney_normal_1761.jpg,Normal,0
train,dataset\Hyperspectral_tumor_images\Hyperspectral_kidney_tumor_2995.jpg,Tumor,1
train,dataset\Hyperspectral_tumor_images\Hyperspectral_kidney_tumor_2707.jpg,Tumor,1
train,dataset\Hyperspectral_normal_images\Hyperspectral_kidney_normal_4630.jpg,Normal,0
train,dataset\Hyperspectral_normal_images\Hyperspectral_kidney_normal_3160.jpg,Normal,0
train,dataset\Hyperspectral_normal_images\Hyperspectral_kidney_normal_2449.jpg,Normal,0
train,dataset\Hyperspectral_normal_images\Hyperspectral_kidney_normal_0683.jpg,Normal,0
train,dataset\Hyperspectral_normal_images\Hyperspectral_kidney_normal_1370.jpg,Normal,0
train,dataset\Hyperspectral_tumor_images\Hyperspectral_kidney_tumor_3508.jpg,Tumor,1
train,dataset\Hyperspectral_normal_images\Hyperspectral_kidney_normal_2939.jpg,Normal,0
train,dataset\Hyperspectral_normal_images\Hyperspectral_kidney_normal_3136.jpg,Normal,0
train,dataset\Hyperspectral_tumor_images\Hyperspectral_kidney_tumor_3208.jpg,Tumor,1
train,dataset\Hyperspectral_tumor_images\Hyperspectral_kidney_tumor_1788.jpg,Tumor,1
train,dataset\Hyperspectral_tumor_images\Hyperspectral_kidney_tumor_4432.jpg,Tumor,1
train,dataset\Hyperspectral_normal_images\Hyperspectral_kidney_normal_0732.jpg,Normal,0
train,dataset\Hyperspectral_normal_images\Hyperspectral_kidney_normal_3405.jpg,Normal,0
train,dataset\Hyperspectral_normal_images\Hyperspectral_kidney_normal_1607.jpg,Normal,0
train,dataset\Hyperspectral_tumor_images\Hyperspectral_kidney_tumor_3332.jpg,Tumor,1
train,dataset\Hyperspectral_normal_images\Hyperspectral_kidney_normal_0293.jpg,Normal,0
train,dataset\Hyperspectral_normal_images\Hyperspectral_kidney_normal_1737.jpg,Normal,0
train,dataset\Hyperspectral_normal_images\Hyperspectral_kidney_normal_2698.jpg,Normal,0
train,dataset\Hyperspectral_normal_images\Hyperspectral_kidney_normal_0900.jpg,Normal,0
train,dataset\Hyperspectral_tumor_images\Hyperspectral_kidney_tumor_2037.jpg,Tumor,1
train,dataset\Hyperspectral_normal_images\Hyperspectral_kidney_normal_1356.jpg,Normal,0
train,dataset\Hyperspectral_normal_images\Hyperspectral_kidney_normal_2003.jpg,Normal,0
train,dataset\Hyperspectral_tumor_images\Hyperspectral_kidney_tumor_0406.jpg,Tumor,1
train,dataset\Hyperspectral_tumor_images\Hyperspectral_kidney_tumor_1661.jpg,Tumor,1
train,dataset\Hyperspectral_normal_images\Hyperspectral_kidney_normal_1277.jpg,Normal,0
train,dataset\Hyperspectral_tumor_images\Hyperspectral_kidney_tumor_4585.jpg,Tumor,1
train,dataset\Hyperspectral_tumor_images\Hyperspectral_kidney_tumor_1672.jpg,Tumor,1
train,dataset\Hyperspectral_normal_images\Hyperspectral_kidney_normal_2097.jpg,Normal,0
train,dataset\Hyperspectral_tumor_images\Hyperspectral_kidney_tumor_4087.jpg,Tumor,1
train,dataset\Hyperspectral_tumor_images\Hyperspectral_kidney_tumor_2124.jpg,Tumor,1
train,dataset\Hyperspectral_tumor_images\Hyperspectral_kidney_tumor_0549.jpg,Tumor,1
train,dataset\Hyperspectral_tumor_images\Hyperspectral_kidney_tumor_4411.jpg,Tumor,1
train,dataset\Hyperspectral_normal_images\Hyperspectral_kidney_normal_4315.jpg,Normal,0
train,dataset\Hyperspectral_normal_images\Hyperspectral_kidney_normal_3042.jpg,Normal,0
train,dataset\Hyperspectral_tumor_images\Hyperspectral_kidney_tumor_0093.jpg,Tumor,1
train,dataset\Hyperspectral_normal_images\Hyperspectral_kidney_normal_2108.jpg,Normal,0
train,dataset\Hyperspectral_tumor_images\Hyperspectral_kidney_tumor_3736.jpg,Tumor,1
train,dataset\Hyperspectral_normal_images\Hyperspectral_kidney_normal_4872.jpg,Normal,0
train,dataset\Hyperspectral_tumor_images\Hyperspectral_kidney_tumor_1875.jpg,Tumor,1
train,dataset\Hyperspectral_tumor_images\Hyperspectral_kidney_tumor_2352.jpg,Tumor,1
train,dataset\Hyperspectral_tumor_images\Hyperspectral_kidney_tumor_3528.jpg,Tumor,1
train,dataset\Hyperspectral_normal_images\Hyperspectral_kidney_normal_1207.jpg,Normal,0
train,dataset\Hyperspectral_normal_images\Hyperspectral_kidney_normal_0934.jpg,Normal,0
train,dataset\Hyperspectral_tumor_images\Hyperspectral_kidney_tumor_1913.jpg,Tumor,1
train,dataset\Hyperspectral_tumor_images\Hyperspectral_kidney_tumor_4109.jpg,Tumor,1
train,dataset\Hyperspectral_normal_images\Hyperspectral_kidney_normal_0271.jpg,Normal,0
train,dataset\Hyperspectral_normal_images\Hyperspectral_kidney_normal_4302.jpg,Normal,0
train,dataset\Hyperspectral_tumor_images\Hyperspectral_kidney_tumor_3299.jpg,Tumor,1
train,dataset\Hyperspectral_normal_images\Hyperspectral_kidney_normal_0604.jpg,Normal,0
train,dataset\Hyperspectral_tumor_images\Hyperspectral_kidney_tumor_2257.jpg,Tumor,1
train,dataset\Hyperspectral_normal_images\Hyperspectral_kidney_normal_3841.jpg,Normal,0
train,dataset\Hyperspectral_tumor_images\Hyperspectral_kidney_tumor_2410.jpg,Tumor,1
train,dataset\Hyperspectral_tumor_images\Hyperspectral_kidney_tumor_1364.jpg,Tumor,1
train,dataset\Hyperspectral_tumor_images\Hyperspectral_kidney_tumor_4851.jpg,Tumor,1
train,dataset\Hyperspectral_normal_images\Hyperspectral_kidney_normal_2203.jpg,Normal,0
train,dataset\Hyperspectral_tumor_images\Hyperspectral_kidney_tumor_0281.jpg,Tumor,1
train,dataset\Hyperspectral_normal_images\Hyperspectral_kidney_normal_1637.jpg,Normal,0
train,dataset\Hyperspectral_tumor_images\Hyperspectral_kidney_tumor_1452.jpg,Tumor,1
train,dataset\Hyperspectral_tumor_images\Hyperspectral_kidney_tumor_4746.jpg,Tumor,1
train,dataset\Hyperspectral_tumor_images\Hyperspectral_kidney_tumor_2379.jpg,Tumor,1
train,dataset\Hyperspectral_normal_images\Hyperspectral_kidney_normal_0675.jpg,Normal,0
train,dataset\Hyperspectral_normal_images\Hyperspectral_kidney_normal_2741.jpg,Normal,0
train,dataset\Hyperspectral_tumor_images\Hyperspectral_kidney_tumor_1351.jpg,Tumor,1
train,dataset\Hyperspectral_normal_images\Hyperspectral_kidney_normal_1347.jpg,Normal,0
train,dataset\Hyperspectral_normal_images\Hyperspectral_kidney_normal_2055.jpg,Normal,0
train,dataset\Hyperspectral_tumor_images\Hyperspectral_kidney_tumor_2440.jpg,Tumor,1
train,dataset\Hyperspectral_normal_images\Hyperspectral_kidney_normal_0893.jpg,Normal,0
train,dataset\Hyperspectral_tumor_images\Hyperspectral_kidney_tumor_0386.jpg,Tumor,1
train,dataset\Hyperspectral_normal_images\Hyperspectral_kidney_normal_4261.jpg,Normal,0
train,dataset\Hyperspectral_tumor_images\Hyperspectral_kidney_tumor_0193.jpg,Tumor,1
train,dataset\Hyperspectral_normal_images\Hyperspectral_kidney_normal_3957.jpg,Normal,0
train,dataset\Hyperspectral_tumor_images\Hyperspectral_kidney_tumor_1623.jpg,Tumor,1
train,dataset\Hyperspectral_normal_images\Hyperspectral_kidney_normal_0699.jpg,Normal,0
train,dataset\Hyperspectral_normal_images\Hyperspectral_kidney_normal_4818.jpg,Normal,0
train,dataset\Hyperspectral_normal_images\Hyperspectral_kidney_normal_4871.jpg,Normal,0
train,dataset\Hyperspectral_tumor_images\Hyperspectral_kidney_tumor_2657.jpg,Tumor,1
train,dataset\Hyperspectral_tumor_images\Hyperspectral_kidney_tumor_1038.jpg,Tumor,1
train,dataset\Hyperspectral_tumor_images\Hyperspectral_kidney_tumor_4783.jpg,Tumor,1
train,dataset\Hyperspectral_tumor_images\Hyperspectral_kidney_tumor_0609.jpg,Tumor,1
train,dataset\Hyperspectral_tumor_images\Hyperspectral_kidney_tumor_1384.jpg,Tumor,1
train,dataset\Hyperspectral_normal_images\Hyperspectral_kidney_normal_0668.jpg,Normal,0
train,dataset\Hyperspectral_normal_images\Hyperspectral_kidney_normal_4007.jpg,Normal,0
train,dataset\Hyperspectral_tumor_images\Hyperspectral_kidney_tumor_0257.jpg,Tumor,1
train,dataset\Hyperspectral_normal_images\Hyperspectral_kidney_normal_2567.jpg,Normal,0
train,dataset\Hyperspectral_normal_images\Hyperspectral_kidney_normal_0974.jpg,Normal,0
train,dataset\Hyperspectral_normal_images\Hyperspectral_kidney_normal_1757.jpg,Normal,0
train,dataset\Hyperspectral_normal_images\Hyperspectral_kidney_normal_1599.jpg,Normal,0
train,dataset\Hyperspectral_normal_images\Hyperspectral_kidney_normal_1473.jpg,Normal,0
train,dataset\Hyperspectral_tumor_images\Hyperspectral_kidney_tumor_4391.jpg,Tumor,1
train,dataset\Hyperspectral_normal_images\Hyperspectral_kidney_normal_3536.jpg,Normal,0
train,dataset\Hyperspectral_normal_images\Hyperspectral_kidney_normal_3128.jpg,Normal,0
train,dataset\Hyperspectral_normal_images\Hyperspectral_kidney_normal_0087.jpg,Normal,0
train,dataset\Hyperspectral_normal_images\Hyperspectral_kidney_normal_1062.jpg,Normal,0
train,dataset\Hyperspectral_tumor_images\Hyperspectral_kidney_tumor_2019.jpg,Tumor,1
train,dataset\Hyperspectral_normal_images\Hyperspectral_kidney_normal_1217.jpg,Normal,0
train,dataset\Hyperspectral_tumor_images\Hyperspectral_kidney_tumor_0861.jpg,Tumor,1
train,dataset\Hyperspectral_tumor_images\Hyperspectral_kidney_tumor_0780.jpg,Tumor,1
train,dataset\Hyperspectral_normal_images\Hyperspectral_kidney_normal_3495.jpg,Normal,0
train,dataset\Hyperspectral_normal_images\Hyperspectral_kidney_normal_1963.jpg,Normal,0
train,dataset\Hyperspectral_normal_images\Hyperspectral_kidney_normal_0984.jpg,Normal,0
train,dataset\Hyperspectral_tumor_images\Hyperspectral_kidney_tumor_4558.jpg,Tumor,1
train,dataset\Hyperspectral_normal_images\Hyperspectral_kidney_normal_2798.jpg,Normal,0
train,dataset\Hyperspectral_normal_images\Hyperspectral_kidney_normal_4113.jpg,Normal,0
train,dataset\Hyperspectral_normal_images\Hyperspectral_kidney_normal_3586.jpg,Normal,0
train,dataset\Hyperspectral_tumor_images\Hyperspectral_kidney_tumor_4748.jpg,Tumor,1
train,dataset\Hyperspectral_tumor_images\Hyperspectral_kidney_tumor_3165.jpg,Tumor,1
train,dataset\Hyperspectral_tumor_images\Hyperspectral_kidney_tumor_0528.jpg,Tumor,1
train,dataset\Hyperspectral_normal_images\Hyperspectral_kidney_normal_3001.jpg,Normal,0
train,dataset\Hyperspectral_tumor_images\Hyperspectral_kidney_tumor_3181.jpg,Tumor,1
train,dataset\Hyperspectral_tumor_images\Hyperspectral_kidney_tumor_3190.jpg,Tumor,1
train,dataset\Hyperspectral_tumor_images\Hyperspectral_kidney_tumor_4656.jpg,Tumor,1
train,dataset\Hyperspectral_tumor_images\Hyperspectral_kidney_tumor_1154.jpg,Tumor,1
train,dataset\Hyperspectral_tumor_images\Hyperspectral_kidney_tumor_2069.jpg,Tumor,1
train,dataset\Hyperspectral_tumor_images\Hyperspectral_kidney_tumor_0834.jpg,Tumor,1
train,dataset\Hyperspectral_tumor_images\Hyperspectral_kidney_tumor_0774.jpg,Tumor,1
train,dataset\Hyperspectral_normal_images\Hyperspectral_kidney_normal_4856.jpg,Normal,0
train,dataset\Hyperspectral_normal_images\Hyperspectral_kidney_normal_1903.jpg,Normal,0
train,dataset\Hyperspectral_tumor_images\Hyperspectral_kidney_tumor_2491.jpg,Tumor,1
train,dataset\Hyperspectral_tumor_images\Hyperspectral_kidney_tumor_3880.jpg,Tumor,1
train,dataset\Hyperspectral_tumor_images\Hyperspectral_kidney_tumor_1309.jpg,Tumor,1
train,dataset\Hyperspectral_tumor_images\Hyperspectral_kidney_tumor_0447.jpg,Tumor,1
train,dataset\Hyperspectral_tumor_images\Hyperspectral_kidney_tumor_0541.jpg,Tumor,1
train,dataset\Hyperspectral_tumor_images\Hyperspectral_kidney_tumor_2114.jpg,Tumor,1
train,dataset\Hyperspectral_normal_images\Hyperspectral_kidney_normal_4444.jpg,Normal,0
train,dataset\Hyperspectral_normal_images\Hyperspectral_kidney_normal_1574.jpg,Normal,0
train,dataset\Hyperspectral_normal_images\Hyperspectral_kidney_normal_1275.jpg,Normal,0
train,dataset\Hyperspectral_tumor_images\Hyperspectral_kidney_tumor_4157.jpg,Tumor,1
train,dataset\Hyperspectral_tumor_images\Hyperspectral_kidney_tumor_1646.jpg,Tumor,1
train,dataset\Hyperspectral_normal_images\Hyperspectral_kidney_normal_0665.jpg,Normal,0
train,dataset\Hyperspectral_tumor_images\Hyperspectral_kidney_tumor_1577.jpg,Tumor,1
train,dataset\Hyperspectral_tumor_images\Hyperspectral_kidney_tumor_1684.jpg,Tumor,1
train,dataset\Hyperspectral_normal_images\Hyperspectral_kidney_normal_1529.jpg,Normal,0
train,dataset\Hyperspectral_tumor_images\Hyperspectral_kidney_tumor_3913.jpg,Tumor,1
train,dataset\Hyperspectral_normal_images\Hyperspectral_kidney_normal_4887.jpg,Normal,0
train,dataset\Hyperspectral_normal_images\Hyperspectral_kidney_normal_4037.jpg,Normal,0
train,dataset\Hyperspectral_tumor_images\Hyperspectral_kidney_tumor_3302.jpg,Tumor,1
train,dataset\Hyperspectral_tumor_images\Hyperspectral_kidney_tumor_0043.jpg,Tumor,1
train,dataset\Hyperspectral_tumor_images\Hyperspectral_kidney_tumor_2701.jpg,Tumor,1
train,dataset\Hyperspectral_tumor_images\Hyperspectral_kidney_tumor_2809.jpg,Tumor,1
train,dataset\Hyperspectral_tumor_images\Hyperspectral_kidney_tumor_1953.jpg,Tumor,1
train,dataset\Hyperspectral_tumor_images\Hyperspectral_kidney_tumor_1599.jpg,Tumor,1
train,dataset\Hyperspectral_tumor_images\Hyperspectral_kidney_tumor_2359.jpg,Tumor,1
train,dataset\Hyperspectral_normal_images\Hyperspectral_kidney_normal_0550.jpg,Normal,0
train,dataset\Hyperspectral_tumor_images\Hyperspectral_kidney_tumor_1941.jpg,Tumor,1
train,dataset\Hyperspectral_tumor_images\Hyperspectral_kidney_tumor_2305.jpg,Tumor,1
train,dataset\Hyperspectral_normal_images\Hyperspectral_kidney_normal_2824.jpg,Normal,0
train,dataset\Hyperspectral_tumor_images\Hyperspectral_kidney_tumor_4803.jpg,Tumor,1
train,dataset\Hyperspectral_normal_images\Hyperspectral_kidney_normal_4516.jpg,Normal,0
train,dataset\Hyperspectral_tumor_images\Hyperspectral_kidney_tumor_4082.jpg,Tumor,1
train,dataset\Hyperspectral_tumor_images\Hyperspectral_kidney_tumor_4964.jpg,Tumor,1
train,dataset\Hyperspectral_normal_images\Hyperspectral_kidney_normal_2491.jpg,Normal,0
train,dataset\Hyperspectral_tumor_images\Hyperspectral_kidney_tumor_1287.jpg,Tumor,1
train,dataset\Hyperspectral_normal_images\Hyperspectral_kidney_normal_2619.jpg,Normal,0
train,dataset\Hyperspectral_normal_images\Hyperspectral_kidney_normal_1740.jpg,Normal,0
train,dataset\Hyperspectral_tumor_images\Hyperspectral_kidney_tumor_4174.jpg,Tumor,1
train,dataset\Hyperspectral_normal_images\Hyperspectral_kidney_normal_4498.jpg,Normal,0
train,dataset\Hyperspectral_normal_images\Hyperspectral_kidney_normal_3844.jpg,Normal,0
train,dataset\Hyperspectral_normal_images\Hyperspectral_kidney_normal_2000.jpg,Normal,0
train,dataset\Hyperspectral_normal_images\Hyperspectral_kidney_normal_4481.jpg,Normal,0
train,dataset\Hyperspectral_tumor_images\Hyperspectral_kidney_tumor_4448.jpg,Tumor,1
train,dataset\Hyperspectral_normal_images\Hyperspectral_kidney_normal_0772.jpg,Normal,0
train,dataset\Hyperspectral_normal_images\Hyperspectral_kidney_normal_1659.jpg,Normal,0
train,dataset\Hyperspectral_normal_images\Hyperspectral_kidney_normal_2584.jpg,Normal,0
train,dataset\Hyperspectral_normal_images\Hyperspectral_kidney_normal_1645.jpg,Normal,0
train,dataset\Hyperspectral_normal_images\Hyperspectral_kidney_normal_1795.jpg,Normal,0
train,dataset\Hyperspectral_normal_images\Hyperspectral_kidney_normal_0622.jpg,Normal,0
train,dataset\Hyperspectral_normal_images\Hyperspectral_kidney_normal_4923.jpg,Normal,0
train,dataset\Hyperspectral_normal_images\Hyperspectral_kidney_normal_3533.jpg,Normal,0
train,dataset\Hyperspectral_normal_images\Hyperspectral_kidney_normal_3294.jpg,Normal,0
train,dataset\Hyperspectral_tumor_images\Hyperspectral_kidney_tumor_3737.jpg,Tumor,1
train,dataset\Hyperspectral_normal_images\Hyperspectral_kidney_normal_2861.jpg,Normal,0
train,dataset\Hyperspectral_tumor_images\Hyperspectral_kidney_tumor_2383.jpg,Tumor,1
train,dataset\Hyperspectral_normal_images\Hyperspectral_kidney_normal_1137.jpg,Normal,0
train,dataset\Hyperspectral_tumor_images\Hyperspectral_kidney_tumor_4170.jpg,Tumor,1
train,dataset\Hyperspectral_normal_images\Hyperspectral_kidney_normal_4033.jpg,Normal,0
train,dataset\Hyperspectral_tumor_images\Hyperspectral_kidney_tumor_3291.jpg,Tumor,1
train,dataset\Hyperspectral_tumor_images\Hyperspectral_kidney_tumor_4541.jpg,Tumor,1
train,dataset\Hyperspectral_normal_images\Hyperspectral_kidney_normal_3380.jpg,Normal,0
train,dataset\Hyperspectral_tumor_images\Hyperspectral_kidney_tumor_4423.jpg,Tumor,1
train,dataset\Hyperspectral_normal_images\Hyperspectral_kidney_normal_1410.jpg,Normal,0
train,dataset\Hyperspectral_tumor_images\Hyperspectral_kidney_tumor_0748.jpg,Tumor,1
train,dataset\Hyperspectral_normal_images\Hyperspectral_kidney_normal_1711.jpg,Normal,0
train,dataset\Hyperspectral_normal_images\Hyperspectral_kidney_normal_3916.jpg,Normal,0
train,dataset\Hyperspectral_normal_images\Hyperspectral_kidney_normal_0442.jpg,Normal,0
train,dataset\Hyperspectral_tumor_images\Hyperspectral_kidney_tumor_3843.jpg,Tumor,1
train,dataset\Hyperspectral_normal_images\Hyperspectral_kidney_normal_2439.jpg,Normal,0
train,dataset\Hyperspectral_tumor_images\Hyperspectral_kidney_tumor_2023.jpg,Tumor,1
train,dataset\Hyperspectral_normal_images\Hyperspectral_kidney_normal_0831.jpg,Normal,0
train,dataset\Hyperspectral_normal_images\Hyperspectral_kidney_normal_1456.jpg,Normal,0
train,dataset\Hyperspectral_normal_images\Hyperspectral_kidney_normal_2913.jpg,Normal,0
train,dataset\Hyperspectral_tumor_images\Hyperspectral_kidney_tumor_1836.jpg,Tumor,1
train,dataset\Hyperspectral_tumor_images\Hyperspectral_kidney_tumor_1312.jpg,Tumor,1
train,dataset\Hyperspectral_normal_images\Hyperspectral_kidney_normal_0512.jpg,Normal,0
train,dataset\Hyperspectral_normal_images\Hyperspectral_kidney_normal_2569.jpg,Normal,0
train,dataset\Hyperspectral_normal_images\Hyperspectral_kidney_normal_4133.jpg,Normal,0
train,dataset\Hyperspectral_normal_images\Hyperspectral_kidney_normal_3037.jpg,Normal,0
train,dataset\Hyperspectral_normal_images\Hyperspectral_kidney_normal_4651.jpg,Normal,0
train,dataset\Hyperspectral_normal_images\Hyperspectral_kidney_normal_1059.jpg,Normal,0
train,dataset\Hyperspectral_normal_images\Hyperspectral_kidney_normal_0446.jpg,Normal,0
train,dataset\Hyperspectral_normal_images\Hyperspectral_kidney_normal_3721.jpg,Normal,0
train,dataset\Hyperspectral_normal_images\Hyperspectral_kidney_normal_1006.jpg,Normal,0
train,dataset\Hyperspectral_tumor_images\Hyperspectral_kidney_tumor_4066.jpg,Tumor,1
train,dataset\Hyperspectral_normal_images\Hyperspectral_kidney_normal_0184.jpg,Normal,0
train,dataset\Hyperspectral_tumor_images\Hyperspectral_kidney_tumor_4620.jpg,Tumor,1
train,dataset\Hyperspectral_tumor_images\Hyperspectral_kidney_tumor_2276.jpg,Tumor,1
train,dataset\Hyperspectral_tumor_images\Hyperspectral_kidney_tumor_2507.jpg,Tumor,1
train,dataset\Hyperspectral_normal_images\Hyperspectral_kidney_normal_2399.jpg,Normal,0
train,dataset\Hyperspectral_normal_images\Hyperspectral_kidney_normal_0016.jpg,Normal,0
train,dataset\Hyperspectral_tumor_images\Hyperspectral_kidney_tumor_2573.jpg,Tumor,1
train,dataset\Hyperspectral_normal_images\Hyperspectral_kidney_normal_2218.jpg,Normal,0
train,dataset\Hyperspectral_tumor_images\Hyperspectral_kidney_tumor_0654.jpg,Tumor,1
train,dataset\Hyperspectral_normal_images\Hyperspectral_kidney_normal_2303.jpg,Normal,0
train,dataset\Hyperspectral_tumor_images\Hyperspectral_kidney_tumor_4844.jpg,Tumor,1
train,dataset\Hyperspectral_normal_images\Hyperspectral_kidney_normal_3935.jpg,Normal,0
train,dataset\Hyperspectral_normal_images\Hyperspectral_kidney_normal_2551.jpg,Normal,0
train,dataset\Hyperspectral_tumor_images\Hyperspectral_kidney_tumor_4677.jpg,Tumor,1
train,dataset\Hyperspectral_tumor_images\Hyperspectral_kidney_tumor_3752.jpg,Tumor,1
train,dataset\Hyperspectral_tumor_images\Hyperspectral_kidney_tumor_4427.jpg,Tumor,1
train,dataset\Hyperspectral_tumor_images\Hyperspectral_kidney_tumor_0229.jpg,Tumor,1
train,dataset\Hyperspectral_tumor_images\Hyperspectral_kidney_tumor_2355.jpg,Tumor,1
train,dataset\Hyperspectral_tumor_images\Hyperspectral_kidney_tumor_2574.jpg,Tumor,1
train,dataset\Hyperspectral_normal_images\Hyperspectral_kidney_normal_0011.jpg,Normal,0
train,dataset\Hyperspectral_tumor_images\Hyperspectral_kidney_tumor_2671.jpg,Tumor,1
train,dataset\Hyperspectral_tumor_images\Hyperspectral_kidney_tumor_2536.jpg,Tumor,1
train,dataset\Hyperspectral_normal_images\Hyperspectral_kidney_normal_0880.jpg,Normal,0
train,dataset\Hyperspectral_tumor_images\Hyperspectral_kidney_tumor_2466.jpg,Tumor,1
train,dataset\Hyperspectral_tumor_images\Hyperspectral_kidney_tumor_2123.jpg,Tumor,1
train,dataset\Hyperspectral_normal_images\Hyperspectral_kidney_normal_2823.jpg,Normal,0
train,dataset\Hyperspectral_tumor_images\Hyperspectral_kidney_tumor_1716.jpg,Tumor,1
train,dataset\Hyperspectral_normal_images\Hyperspectral_kidney_normal_1258.jpg,Normal,0
train,dataset\Hyperspectral_normal_images\Hyperspectral_kidney_normal_0785.jpg,Normal,0
train,dataset\Hyperspectral_normal_images\Hyperspectral_kidney_normal_0308.jpg,Normal,0
train,dataset\Hyperspectral_tumor_images\Hyperspectral_kidney_tumor_2912.jpg,Tumor,1
train,dataset\Hyperspectral_normal_images\Hyperspectral_kidney_normal_3009.jpg,Normal,0
train,dataset\Hyperspectral_normal_images\Hyperspectral_kidney_normal_0771.jpg,Normal,0
train,dataset\Hyperspectral_tumor_images\Hyperspectral_kidney_tumor_4773.jpg,Tumor,1
train,dataset\Hyperspectral_normal_images\Hyperspectral_kidney_normal_0858.jpg,Normal,0
train,dataset\Hyperspectral_tumor_images\Hyperspectral_kidney_tumor_1738.jpg,Tumor,1
train,dataset\Hyperspectral_tumor_images\Hyperspectral_kidney_tumor_0631.jpg,Tumor,1
train,dataset\Hyperspectral_normal_images\Hyperspectral_kidney_normal_3911.jpg,Normal,0
train,dataset\Hyperspectral_normal_images\Hyperspectral_kidney_normal_0862.jpg,Normal,0
train,dataset\Hyperspectral_normal_images\Hyperspectral_kidney_normal_4476.jpg,Normal,0
train,dataset\Hyperspectral_tumor_images\Hyperspectral_kidney_tumor_0140.jpg,Tumor,1
train,dataset\Hyperspectral_tumor_images\Hyperspectral_kidney_tumor_4894.jpg,Tumor,1
train,dataset\Hyperspectral_normal_images\Hyperspectral_kidney_normal_3588.jpg,Normal,0
train,dataset\Hyperspectral_tumor_images\Hyperspectral_kidney_tumor_2345.jpg,Tumor,1
train,dataset\Hyperspectral_normal_images\Hyperspectral_kidney_normal_3087.jpg,Normal,0
train,dataset\Hyperspectral_normal_images\Hyperspectral_kidney_normal_1150.jpg,Normal,0
train,dataset\Hyperspectral_tumor_images\Hyperspectral_kidney_tumor_2683.jpg,Tumor,1
train,dataset\Hyperspectral_normal_images\Hyperspectral_kidney_normal_4396.jpg,Normal,0
train,dataset\Hyperspectral_normal_images\Hyperspectral_kidney_normal_4790.jpg,Normal,0
train,dataset\Hyperspectral_normal_images\Hyperspectral_kidney_normal_2036.jpg,Normal,0
train,dataset\Hyperspectral_normal_images\Hyperspectral_kidney_normal_1694.jpg,Normal,0
train,dataset\Hyperspectral_tumor_images\Hyperspectral_kidney_tumor_3164.jpg,Tumor,1
train,dataset\Hyperspectral_normal_images\Hyperspectral_kidney_normal_4273.jpg,Normal,0
train,dataset\Hyperspectral_tumor_images\Hyperspectral_kidney_tumor_4259.jpg,Tumor,1
train,dataset\Hyperspectral_tumor_images\Hyperspectral_kidney_tumor_0392.jpg,Tumor,1
train,dataset\Hyperspectral_normal_images\Hyperspectral_kidney_normal_1724.jpg,Normal,0
train,dataset\Hyperspectral_tumor_images\Hyperspectral_kidney_tumor_1502.jpg,Tumor,1
train,dataset\Hyperspectral_tumor_images\Hyperspectral_kidney_tumor_3417.jpg,Tumor,1
train,dataset\Hyperspectral_normal_images\Hyperspectral_kidney_normal_3938.jpg,Normal,0
train,dataset\Hyperspectral_normal_images\Hyperspectral_kidney_normal_1710.jpg,Normal,0
train,dataset\Hyperspectral_tumor_images\Hyperspectral_kidney_tumor_2036.jpg,Tumor,1
train,dataset\Hyperspectral_tumor_images\Hyperspectral_kidney_tumor_4758.jpg,Tumor,1
train,dataset\Hyperspectral_tumor_images\Hyperspectral_kidney_tumor_3660.jpg,Tumor,1
train,dataset\Hyperspectral_tumor_images\Hyperspectral_kidney_tumor_0476.jpg,Tumor,1
train,dataset\Hyperspectral_tumor_images\Hyperspectral_kidney_tumor_1519.jpg,Tumor,1
train,dataset\Hyperspectral_normal_images\Hyperspectral_kidney_normal_3617.jpg,Normal,0
train,dataset\Hyperspectral_normal_images\Hyperspectral_kidney_normal_4004.jpg,Normal,0
train,dataset\Hyperspectral_tumor_images\Hyperspectral_kidney_tumor_1822.jpg,Tumor,1
train,dataset\Hyperspectral_normal_images\Hyperspectral_kidney_normal_3350.jpg,Normal,0
train,dataset\Hyperspectral_normal_images\Hyperspectral_kidney_normal_4097.jpg,Normal,0
train,dataset\Hyperspectral_normal_images\Hyperspectral_kidney_normal_2107.jpg,Normal,0
train,dataset\Hyperspectral_normal_images\Hyperspectral_kidney_normal_1595.jpg,Normal,0
train,dataset\Hyperspectral_normal_images\Hyperspectral_kidney_normal_1033.jpg,Normal,0
train,dataset\Hyperspectral_tumor_images\Hyperspectral_kidney_tumor_4583.jpg,Tumor,1
train,dataset\Hyperspectral_normal_images\Hyperspectral_kidney_normal_0651.jpg,Normal,0
train,dataset\Hyperspectral_tumor_images\Hyperspectral_kidney_tumor_3781.jpg,Tumor,1
train,dataset\Hyperspectral_normal_images\Hyperspectral_kidney_normal_3234.jpg,Normal,0
train,dataset\Hyperspectral_normal_images\Hyperspectral_kidney_normal_0910.jpg,Normal,0
train,dataset\Hyperspectral_tumor_images\Hyperspectral_kidney_tumor_3277.jpg,Tumor,1
train,dataset\Hyperspectral_tumor_images\Hyperspectral_kidney_tumor_3795.jpg,Tumor,1
train,dataset\Hyperspectral_tumor_images\Hyperspectral_kidney_tumor_3429.jpg,Tumor,1
train,dataset\Hyperspectral_tumor_images\Hyperspectral_kidney_tumor_2577.jpg,Tumor,1
train,dataset\Hyperspectral_tumor_images\Hyperspectral_kidney_tumor_4922.jpg,Tumor,1
train,dataset\Hyperspectral_normal_images\Hyperspectral_kidney_normal_2609.jpg,Normal,0
train,dataset\Hyperspectral_normal_images\Hyperspectral_kidney_normal_0918.jpg,Normal,0
train,dataset\Hyperspectral_tumor_images\Hyperspectral_kidney_tumor_3642.jpg,Tumor,1
train,dataset\Hyperspectral_normal_images\Hyperspectral_kidney_normal_4324.jpg,Normal,0
train,dataset\Hyperspectral_tumor_images\Hyperspectral_kidney_tumor_3591.jpg,Tumor,1
train,dataset\Hyperspectral_normal_images\Hyperspectral_kidney_normal_1869.jpg,Normal,0
train,dataset\Hyperspectral_normal_images\Hyperspectral_kidney_normal_3838.jpg,Normal,0
train,dataset\Hyperspectral_normal_images\Hyperspectral_kidney_normal_2996.jpg,Normal,0
train,dataset\Hyperspectral_tumor_images\Hyperspectral_kidney_tumor_3845.jpg,Tumor,1
train,dataset\Hyperspectral_normal_images\Hyperspectral_kidney_normal_0600.jpg,Normal,0
train,dataset\Hyperspectral_normal_images\Hyperspectral_kidney_normal_1183.jpg,Normal,0
train,dataset\Hyperspectral_tumor_images\Hyperspectral_kidney_tumor_1182.jpg,Tumor,1
train,dataset\Hyperspectral_tumor_images\Hyperspectral_kidney_tumor_1838.jpg,Tumor,1
train,dataset\Hyperspectral_normal_images\Hyperspectral_kidney_normal_3547.jpg,Normal,0
train,dataset\Hyperspectral_tumor_images\Hyperspectral_kidney_tumor_2578.jpg,Tumor,1
train,dataset\Hyperspectral_normal_images\Hyperspectral_kidney_normal_1853.jpg,Normal,0
train,dataset\Hyperspectral_normal_images\Hyperspectral_kidney_normal_2384.jpg,Normal,0
train,dataset\Hyperspectral_normal_images\Hyperspectral_kidney_normal_3345.jpg,Normal,0
train,dataset\Hyperspectral_tumor_images\Hyperspectral_kidney_tumor_0418.jpg,Tumor,1
train,dataset\Hyperspectral_tumor_images\Hyperspectral_kidney_tumor_1103.jpg,Tumor,1
train,dataset\Hyperspectral_normal_images\Hyperspectral_kidney_normal_3180.jpg,Normal,0
train,dataset\Hyperspectral_tumor_images\Hyperspectral_kidney_tumor_4562.jpg,Tumor,1
train,dataset\Hyperspectral_normal_images\Hyperspectral_kidney_normal_3657.jpg,Normal,0
train,dataset\Hyperspectral_tumor_images\Hyperspectral_kidney_tumor_2610.jpg,Tumor,1
train,dataset\Hyperspectral_tumor_images\Hyperspectral_kidney_tumor_0259.jpg,Tumor,1
train,dataset\Hyperspectral_tumor_images\Hyperspectral_kidney_tumor_1966.jpg,Tumor,1
train,dataset\Hyperspectral_normal_images\Hyperspectral_kidney_normal_4167.jpg,Normal,0
train,dataset\Hyperspectral_tumor_images\Hyperspectral_kidney_tumor_3274.jpg,Tumor,1
train,dataset\Hyperspectral_normal_images\Hyperspectral_kidney_normal_3802.jpg,Normal,0
train,dataset\Hyperspectral_tumor_images\Hyperspectral_kidney_tumor_3334.jpg,Tumor,1
train,dataset\Hyperspectral_tumor_images\Hyperspectral_kidney_tumor_0237.jpg,Tumor,1
train,dataset\Hyperspectral_normal_images\Hyperspectral_kidney_normal_1100.jpg,Normal,0
train,dataset\Hyperspectral_normal_images\Hyperspectral_kidney_normal_0114.jpg,Normal,0
train,dataset\Hyperspectral_normal_images\Hyperspectral_kidney_normal_0982.jpg,Normal,0
train,dataset\Hyperspectral_normal_images\Hyperspectral_kidney_normal_4649.jpg,Normal,0
train,dataset\Hyperspectral_tumor_images\Hyperspectral_kidney_tumor_2280.jpg,Tumor,1
train,dataset\Hyperspectral_normal_images\Hyperspectral_kidney_normal_4182.jpg,Normal,0
train,dataset\Hyperspectral_normal_images\Hyperspectral_kidney_normal_3444.jpg,Normal,0
train,dataset\Hyperspectral_tumor_images\Hyperspectral_kidney_tumor_0183.jpg,Tumor,1
train,dataset\Hyperspectral_tumor_images\Hyperspectral_kidney_tumor_4075.jpg,Tumor,1
train,dataset\Hyperspectral_normal_images\Hyperspectral_kidney_normal_2575.jpg,Normal,0
train,dataset\Hyperspectral_tumor_images\Hyperspectral_kidney_tumor_3110.jpg,Tumor,1
train,dataset\Hyperspectral_normal_images\Hyperspectral_kidney_normal_1155.jpg,Normal,0
train,dataset\Hyperspectral_tumor_images\Hyperspectral_kidney_tumor_2882.jpg,Tumor,1
train,dataset\Hyperspectral_tumor_images\Hyperspectral_kidney_tumor_0969.jpg,Tumor,1
train,dataset\Hyperspectral_tumor_images\Hyperspectral_kidney_tumor_1600.jpg,Tumor,1
train,dataset\Hyperspectral_tumor_images\Hyperspectral_kidney_tumor_2391.jpg,Tumor,1
train,dataset\Hyperspectral_tumor_images\Hyperspectral_kidney_tumor_4919.jpg,Tumor,1
train,dataset\Hyperspectral_normal_images\Hyperspectral_kidney_normal_1225.jpg,Normal,0
train,dataset\Hyperspectral_normal_images\Hyperspectral_kidney_normal_1331.jpg,Normal,0
train,dataset\Hyperspectral_normal_images\Hyperspectral_kidney_normal_4237.jpg,Normal,0
train,dataset\Hyperspectral_tumor_images\Hyperspectral_kidney_tumor_4986.jpg,Tumor,1
train,dataset\Hyperspectral_tumor_images\Hyperspectral_kidney_tumor_3930.jpg,Tumor,1
train,dataset\Hyperspectral_normal_images\Hyperspectral_kidney_normal_1094.jpg,Normal,0
train,dataset\Hyperspectral_tumor_images\Hyperspectral_kidney_tumor_0177.jpg,Tumor,1
train,dataset\Hyperspectral_tumor_images\Hyperspectral_kidney_tumor_2761.jpg,Tumor,1
train,dataset\Hyperspectral_normal_images\Hyperspectral_kidney_normal_2881.jpg,Normal,0
train,dataset\Hyperspectral_tumor_images\Hyperspectral_kidney_tumor_0641.jpg,Tumor,1
train,dataset\Hyperspectral_tumor_images\Hyperspectral_kidney_tumor_0234.jpg,Tumor,1
train,dataset\Hyperspectral_normal_images\Hyperspectral_kidney_normal_0262.jpg,Normal,0
train,dataset\Hyperspectral_normal_images\Hyperspectral_kidney_normal_0643.jpg,Normal,0
train,dataset\Hyperspectral_tumor_images\Hyperspectral_kidney_tumor_3635.jpg,Tumor,1
train,dataset\Hyperspectral_normal_images\Hyperspectral_kidney_normal_1330.jpg,Normal,0
train,dataset\Hyperspectral_tumor_images\Hyperspectral_kidney_tumor_0431.jpg,Tumor,1
train,dataset\Hyperspectral_tumor_images\Hyperspectral_kidney_tumor_2757.jpg,Tumor,1
train,dataset\Hyperspectral_tumor_images\Hyperspectral_kidney_tumor_2101.jpg,Tumor,1
train,dataset\Hyperspectral_tumor_images\Hyperspectral_kidney_tumor_3290.jpg,Tumor,1
train,dataset\Hyperspectral_tumor_images\Hyperspectral_kidney_tumor_3902.jpg,Tumor,1
train,dataset\Hyperspectral_normal_images\Hyperspectral_kidney_normal_2723.jpg,Normal,0
train,dataset\Hyperspectral_tumor_images\Hyperspectral_kidney_tumor_4695.jpg,Tumor,1
train,dataset\Hyperspectral_normal_images\Hyperspectral_kidney_normal_1068.jpg,Normal,0
train,dataset\Hyperspectral_tumor_images\Hyperspectral_kidney_tumor_1214.jpg,Tumor,1
train,dataset\Hyperspectral_normal_images\Hyperspectral_kidney_normal_1491.jpg,Normal,0
train,dataset\Hyperspectral_normal_images\Hyperspectral_kidney_normal_0484.jpg,Normal,0
train,dataset\Hyperspectral_tumor_images\Hyperspectral_kidney_tumor_3772.jpg,Tumor,1
train,dataset\Hyperspectral_normal_images\Hyperspectral_kidney_normal_4265.jpg,Normal,0
train,dataset\Hyperspectral_normal_images\Hyperspectral_kidney_normal_1182.jpg,Normal,0
train,dataset\Hyperspectral_normal_images\Hyperspectral_kidney_normal_4824.jpg,Normal,0
train,dataset\Hyperspectral_normal_images\Hyperspectral_kidney_normal_2171.jpg,Normal,0
train,dataset\Hyperspectral_tumor_images\Hyperspectral_kidney_tumor_4997.jpg,Tumor,1
train,dataset\Hyperspectral_tumor_images\Hyperspectral_kidney_tumor_3892.jpg,Tumor,1
train,dataset\Hyperspectral_tumor_images\Hyperspectral_kidney_tumor_4337.jpg,Tumor,1
train,dataset\Hyperspectral_tumor_images\Hyperspectral_kidney_tumor_0105.jpg,Tumor,1
train,dataset\Hyperspectral_tumor_images\Hyperspectral_kidney_tumor_3694.jpg,Tumor,1
train,dataset\Hyperspectral_tumor_images\Hyperspectral_kidney_tumor_0865.jpg,Tumor,1
train,dataset\Hyperspectral_normal_images\Hyperspectral_kidney_normal_2991.jpg,Normal,0
train,dataset\Hyperspectral_tumor_images\Hyperspectral_kidney_tumor_2992.jpg,Tumor,1
train,dataset\Hyperspectral_tumor_images\Hyperspectral_kidney_tumor_3183.jpg,Tumor,1
train,dataset\Hyperspectral_normal_images\Hyperspectral_kidney_normal_3080.jpg,Normal,0
train,dataset\Hyperspectral_tumor_images\Hyperspectral_kidney_tumor_1692.jpg,Tumor,1
train,dataset\Hyperspectral_tumor_images\Hyperspectral_kidney_tumor_4889.jpg,Tumor,1
train,dataset\Hyperspectral_tumor_images\Hyperspectral_kidney_tumor_2774.jpg,Tumor,1
train,dataset\Hyperspectral_tumor_images\Hyperspectral_kidney_tumor_1548.jpg,Tumor,1
train,dataset\Hyperspectral_normal_images\Hyperspectral_kidney_normal_2862.jpg,Normal,0
train,dataset\Hyperspectral_normal_images\Hyperspectral_kidney_normal_4014.jpg,Normal,0
train,dataset\Hyperspectral_normal_images\Hyperspectral_kidney_normal_0733.jpg,Normal,0
train,dataset\Hyperspectral_normal_images\Hyperspectral_kidney_normal_0384.jpg,Normal,0
train,dataset\Hyperspectral_normal_images\Hyperspectral_kidney_normal_3629.jpg,Normal,0
train,dataset\Hyperspectral_normal_images\Hyperspectral_kidney_normal_3085.jpg,Normal,0
train,dataset\Hyperspectral_tumor_images\Hyperspectral_kidney_tumor_4547.jpg,Tumor,1
train,dataset\Hyperspectral_tumor_images\Hyperspectral_kidney_tumor_4950.jpg,Tumor,1
train,dataset\Hyperspectral_normal_images\Hyperspectral_kidney_normal_3910.jpg,Normal,0
train,dataset\Hyperspectral_tumor_images\Hyperspectral_kidney_tumor_2447.jpg,Tumor,1
train,dataset\Hyperspectral_normal_images\Hyperspectral_kidney_normal_0115.jpg,Normal,0
train,dataset\Hyperspectral_normal_images\Hyperspectral_kidney_normal_0385.jpg,Normal,0
train,dataset\Hyperspectral_normal_images\Hyperspectral_kidney_normal_2605.jpg,Normal,0
train,dataset\Hyperspectral_normal_images\Hyperspectral_kidney_normal_0928.jpg,Normal,0
train,dataset\Hyperspectral_normal_images\Hyperspectral_kidney_normal_3355.jpg,Normal,0
train,dataset\Hyperspectral_normal_images\Hyperspectral_kidney_normal_0210.jpg,Normal,0
train,dataset\Hyperspectral_normal_images\Hyperspectral_kidney_normal_0055.jpg,Normal,0
train,dataset\Hyperspectral_normal_images\Hyperspectral_kidney_normal_1244.jpg,Normal,0
train,dataset\Hyperspectral_tumor_images\Hyperspectral_kidney_tumor_0798.jpg,Tumor,1
train,dataset\Hyperspectral_normal_images\Hyperspectral_kidney_normal_3012.jpg,Normal,0
train,dataset\Hyperspectral_normal_images\Hyperspectral_kidney_normal_1198.jpg,Normal,0
train,dataset\Hyperspectral_tumor_images\Hyperspectral_kidney_tumor_3394.jpg,Tumor,1
train,dataset\Hyperspectral_normal_images\Hyperspectral_kidney_normal_3167.jpg,Normal,0
train,dataset\Hyperspectral_tumor_images\Hyperspectral_kidney_tumor_2363.jpg,Tumor,1
train,dataset\Hyperspectral_tumor_images\Hyperspectral_kidney_tumor_3785.jpg,Tumor,1
train,dataset\Hyperspectral_tumor_images\Hyperspectral_kidney_tumor_1559.jpg,Tumor,1
train,dataset\Hyperspectral_tumor_images\Hyperspectral_kidney_tumor_4642.jpg,Tumor,1
train,dataset\Hyperspectral_normal_images\Hyperspectral_kidney_normal_0736.jpg,Normal,0
train,dataset\Hyperspectral_normal_images\Hyperspectral_kidney_normal_2179.jpg,Normal,0
train,dataset\Hyperspectral_normal_images\Hyperspectral_kidney_normal_4296.jpg,Normal,0
train,dataset\Hyperspectral_normal_images\Hyperspectral_kidney_normal_3868.jpg,Normal,0
train,dataset\Hyperspectral_normal_images\Hyperspectral_kidney_normal_0871.jpg,Normal,0
train,dataset\Hyperspectral_normal_images\Hyperspectral_kidney_normal_1677.jpg,Normal,0
train,dataset\Hyperspectral_normal_images\Hyperspectral_kidney_normal_0594.jpg,Normal,0
train,dataset\Hyperspectral_tumor_images\Hyperspectral_kidney_tumor_1500.jpg,Tumor,1
train,dataset\Hyperspectral_tumor_images\Hyperspectral_kidney_tumor_1631.jpg,Tumor,1
train,dataset\Hyperspectral_tumor_images\Hyperspectral_kidney_tumor_4931.jpg,Tumor,1
train,dataset\Hyperspectral_normal_images\Hyperspectral_kidney_normal_0222.jpg,Normal,0
train,dataset\Hyperspectral_normal_images\Hyperspectral_kidney_normal_1665.jpg,Normal,0
train,dataset\Hyperspectral_tumor_images\Hyperspectral_kidney_tumor_0192.jpg,Tumor,1
train,dataset\Hyperspectral_tumor_images\Hyperspectral_kidney_tumor_2060.jpg,Tumor,1
train,dataset\Hyperspectral_normal_images\Hyperspectral_kidney_normal_3823.jpg,Normal,0
train,dataset\Hyperspectral_normal_images\Hyperspectral_kidney_normal_3491.jpg,Normal,0
train,dataset\Hyperspectral_normal_images\Hyperspectral_kidney_normal_1613.jpg,Normal,0
train,dataset\Hyperspectral_normal_images\Hyperspectral_kidney_normal_0367.jpg,Normal,0
train,dataset\Hyperspectral_tumor_images\Hyperspectral_kidney_tumor_0244.jpg,Tumor,1
train,dataset\Hyperspectral_tumor_images\Hyperspectral_kidney_tumor_4234.jpg,Tumor,1
train,dataset\Hyperspectral_tumor_images\Hyperspectral_kidney_tumor_0806.jpg,Tumor,1
train,dataset\Hyperspectral_normal_images\Hyperspectral_kidney_normal_1153.jpg,Normal,0
train,dataset\Hyperspectral_normal_images\Hyperspectral_kidney_normal_0021.jpg,Normal,0
train,dataset\Hyperspectral_tumor_images\Hyperspectral_kidney_tumor_1927.jpg,Tumor,1
train,dataset\Hyperspectral_normal_images\Hyperspectral_kidney_normal_2246.jpg,Normal,0
train,dataset\Hyperspectral_normal_images\Hyperspectral_kidney_normal_3067.jpg,Normal,0
train,dataset\Hyperspectral_tumor_images\Hyperspectral_kidney_tumor_2194.jpg,Tumor,1
train,dataset\Hyperspectral_normal_images\Hyperspectral_kidney_normal_3446.jpg,Normal,0
train,dataset\Hyperspectral_normal_images\Hyperspectral_kidney_normal_0317.jpg,Normal,0
train,dataset\Hyperspectral_normal_images\Hyperspectral_kidney_normal_1833.jpg,Normal,0
train,dataset\Hyperspectral_normal_images\Hyperspectral_kidney_normal_3502.jpg,Normal,0
train,dataset\Hyperspectral_normal_images\Hyperspectral_kidney_normal_4685.jpg,Normal,0
train,dataset\Hyperspectral_tumor_images\Hyperspectral_kidney_tumor_3306.jpg,Tumor,1
train,dataset\Hyperspectral_tumor_images\Hyperspectral_kidney_tumor_4504.jpg,Tumor,1
train,dataset\Hyperspectral_tumor_images\Hyperspectral_kidney_tumor_4669.jpg,Tumor,1
train,dataset\Hyperspectral_tumor_images\Hyperspectral_kidney_tumor_3764.jpg,Tumor,1
train,dataset\Hyperspectral_tumor_images\Hyperspectral_kidney_tumor_4366.jpg,Tumor,1
train,dataset\Hyperspectral_normal_images\Hyperspectral_kidney_normal_2969.jpg,Normal,0
train,dataset\Hyperspectral_normal_images\Hyperspectral_kidney_normal_1323.jpg,Normal,0
train,dataset\Hyperspectral_normal_images\Hyperspectral_kidney_normal_1879.jpg,Normal,0
train,dataset\Hyperspectral_normal_images\Hyperspectral_kidney_normal_4389.jpg,Normal,0
train,dataset\Hyperspectral_tumor_images\Hyperspectral_kidney_tumor_0950.jpg,Tumor,1
train,dataset\Hyperspectral_tumor_images\Hyperspectral_kidney_tumor_0306.jpg,Tumor,1
train,dataset\Hyperspectral_normal_images\Hyperspectral_kidney_normal_3885.jpg,Normal,0
train,dataset\Hyperspectral_tumor_images\Hyperspectral_kidney_tumor_1289.jpg,Tumor,1
train,dataset\Hyperspectral_normal_images\Hyperspectral_kidney_normal_4654.jpg,Normal,0
train,dataset\Hyperspectral_tumor_images\Hyperspectral_kidney_tumor_4313.jpg,Tumor,1
train,dataset\Hyperspectral_tumor_images\Hyperspectral_kidney_tumor_2692.jpg,Tumor,1
train,dataset\Hyperspectral_tumor_images\Hyperspectral_kidney_tumor_3236.jpg,Tumor,1
train,dataset\Hyperspectral_tumor_images\Hyperspectral_kidney_tumor_2324.jpg,Tumor,1
train,dataset\Hyperspectral_tumor_images\Hyperspectral_kidney_tumor_4454.jpg,Tumor,1
train,dataset\Hyperspectral_normal_images\Hyperspectral_kidney_normal_1575.jpg,Normal,0
train,dataset\Hyperspectral_tumor_images\Hyperspectral_kidney_tumor_0457.jpg,Tumor,1
train,dataset\Hyperspectral_tumor_images\Hyperspectral_kidney_tumor_2861.jpg,Tumor,1
train,dataset\Hyperspectral_normal_images\Hyperspectral_kidney_normal_4528.jpg,Normal,0
train,dataset\Hyperspectral_normal_images\Hyperspectral_kidney_normal_4967.jpg,Normal,0
train,dataset\Hyperspectral_normal_images\Hyperspectral_kidney_normal_2333.jpg,Normal,0
train,dataset\Hyperspectral_tumor_images\Hyperspectral_kidney_tumor_3933.jpg,Tumor,1
train,dataset\Hyperspectral_normal_images\Hyperspectral_kidney_normal_1524.jpg,Normal,0
train,dataset\Hyperspectral_tumor_images\Hyperspectral_kidney_tumor_4722.jpg,Tumor,1
train,dataset\Hyperspectral_tumor_images\Hyperspectral_kidney_tumor_1481.jpg,Tumor,1
train,dataset\Hyperspectral_normal_images\Hyperspectral_kidney_normal_1200.jpg,Normal,0
train,dataset\Hyperspectral_tumor_images\Hyperspectral_kidney_tumor_1136.jpg,Tumor,1
train,dataset\Hyperspectral_normal_images\Hyperspectral_kidney_normal_1667.jpg,Normal,0
train,dataset\Hyperspectral_normal_images\Hyperspectral_kidney_normal_1191.jpg,Normal,0
train,dataset\Hyperspectral_tumor_images\Hyperspectral_kidney_tumor_3704.jpg,Tumor,1
train,dataset\Hyperspectral_normal_images\Hyperspectral_kidney_normal_4981.jpg,Normal,0
train,dataset\Hyperspectral_normal_images\Hyperspectral_kidney_normal_4805.jpg,Normal,0
train,dataset\Hyperspectral_normal_images\Hyperspectral_kidney_normal_2873.jpg,Normal,0
train,dataset\Hyperspectral_tumor_images\Hyperspectral_kidney_tumor_2311.jpg,Tumor,1
train,dataset\Hyperspectral_tumor_images\Hyperspectral_kidney_tumor_2471.jpg,Tumor,1
train,dataset\Hyperspectral_tumor_images\Hyperspectral_kidney_tumor_2298.jpg,Tumor,1
train,dataset\Hyperspectral_normal_images\Hyperspectral_kidney_normal_0240.jpg,Normal,0
train,dataset\Hyperspectral_normal_images\Hyperspectral_kidney_normal_4618.jpg,Normal,0
train,dataset\Hyperspectral_tumor_images\Hyperspectral_kidney_tumor_3588.jpg,Tumor,1
train,dataset\Hyperspectral_tumor_images\Hyperspectral_kidney_tumor_2195.jpg,Tumor,1
train,dataset\Hyperspectral_tumor_images\Hyperspectral_kidney_tumor_1604.jpg,Tumor,1
train,dataset\Hyperspectral_normal_images\Hyperspectral_kidney_normal_1361.jpg,Normal,0
train,dataset\Hyperspectral_normal_images\Hyperspectral_kidney_normal_1452.jpg,Normal,0
train,dataset\Hyperspectral_normal_images\Hyperspectral_kidney_normal_2859.jpg,Normal,0
train,dataset\Hyperspectral_tumor_images\Hyperspectral_kidney_tumor_2886.jpg,Tumor,1
train,dataset\Hyperspectral_normal_images\Hyperspectral_kidney_normal_4040.jpg,Normal,0
train,dataset\Hyperspectral_tumor_images\Hyperspectral_kidney_tumor_1045.jpg,Tumor,1
train,dataset\Hyperspectral_tumor_images\Hyperspectral_kidney_tumor_1259.jpg,Tumor,1
train,dataset\Hyperspectral_tumor_images\Hyperspectral_kidney_tumor_0277.jpg,Tumor,1
train,dataset\Hyperspectral_tumor_images\Hyperspectral_kidney_tumor_4595.jpg,Tumor,1
train,dataset\Hyperspectral_tumor_images\Hyperspectral_kidney_tumor_2728.jpg,Tumor,1
train,dataset\Hyperspectral_tumor_images\Hyperspectral_kidney_tumor_2804.jpg,Tumor,1
train,dataset\Hyperspectral_tumor_images\Hyperspectral_kidney_tumor_4877.jpg,Tumor,1
train,dataset\Hyperspectral_tumor_images\Hyperspectral_kidney_tumor_5000.jpg,Tumor,1
train,dataset\Hyperspectral_normal_images\Hyperspectral_kidney_normal_2297.jpg,Normal,0
train,dataset\Hyperspectral_tumor_images\Hyperspectral_kidney_tumor_1723.jpg,Tumor,1
train,dataset\Hyperspectral_normal_images\Hyperspectral_kidney_normal_0242.jpg,Normal,0
train,dataset\Hyperspectral_tumor_images\Hyperspectral_kidney_tumor_0223.jpg,Tumor,1
train,dataset\Hyperspectral_tumor_images\Hyperspectral_kidney_tumor_1931.jpg,Tumor,1
train,dataset\Hyperspectral_normal_images\Hyperspectral_kidney_normal_0202.jpg,Normal,0
train,dataset\Hyperspectral_normal_images\Hyperspectral_kidney_normal_2269.jpg,Normal,0
train,dataset\Hyperspectral_normal_images\Hyperspectral_kidney_normal_3639.jpg,Normal,0
train,dataset\Hyperspectral_normal_images\Hyperspectral_kidney_normal_3999.jpg,Normal,0
train,dataset\Hyperspectral_tumor_images\Hyperspectral_kidney_tumor_0156.jpg,Tumor,1
train,dataset\Hyperspectral_tumor_images\Hyperspectral_kidney_tumor_3808.jpg,Tumor,1
train,dataset\Hyperspectral_tumor_images\Hyperspectral_kidney_tumor_4375.jpg,Tumor,1
train,dataset\Hyperspectral_tumor_images\Hyperspectral_kidney_tumor_2467.jpg,Tumor,1
train,dataset\Hyperspectral_normal_images\Hyperspectral_kidney_normal_1123.jpg,Normal,0
train,dataset\Hyperspectral_tumor_images\Hyperspectral_kidney_tumor_4024.jpg,Tumor,1
train,dataset\Hyperspectral_tumor_images\Hyperspectral_kidney_tumor_4412.jpg,Tumor,1
train,dataset\Hyperspectral_tumor_images\Hyperspectral_kidney_tumor_3766.jpg,Tumor,1
train,dataset\Hyperspectral_normal_images\Hyperspectral_kidney_normal_1126.jpg,Normal,0
train,dataset\Hyperspectral_normal_images\Hyperspectral_kidney_normal_4880.jpg,Normal,0
train,dataset\Hyperspectral_tumor_images\Hyperspectral_kidney_tumor_4787.jpg,Tumor,1
train,dataset\Hyperspectral_normal_images\Hyperspectral_kidney_normal_0354.jpg,Normal,0
train,dataset\Hyperspectral_normal_images\Hyperspectral_kidney_normal_0138.jpg,Normal,0
train,dataset\Hyperspectral_normal_images\Hyperspectral_kidney_normal_1661.jpg,Normal,0
train,dataset\Hyperspectral_tumor_images\Hyperspectral_kidney_tumor_4478.jpg,Tumor,1
train,dataset\Hyperspectral_normal_images\Hyperspectral_kidney_normal_2150.jpg,Normal,0
train,dataset\Hyperspectral_normal_images\Hyperspectral_kidney_normal_2409.jpg,Normal,0
train,dataset\Hyperspectral_tumor_images\Hyperspectral_kidney_tumor_0095.jpg,Tumor,1
train,dataset\Hyperspectral_tumor_images\Hyperspectral_kidney_tumor_1540.jpg,Tumor,1
train,dataset\Hyperspectral_tumor_images\Hyperspectral_kidney_tumor_0845.jpg,Tumor,1
train,dataset\Hyperspectral_tumor_images\Hyperspectral_kidney_tumor_0716.jpg,Tumor,1
train,dataset\Hyperspectral_normal_images\Hyperspectral_kidney_normal_3107.jpg,Normal,0
train,dataset\Hyperspectral_tumor_images\Hyperspectral_kidney_tumor_0692.jpg,Tumor,1
train,dataset\Hyperspectral_tumor_images\Hyperspectral_kidney_tumor_0796.jpg,Tumor,1
train,dataset\Hyperspectral_normal_images\Hyperspectral_kidney_normal_3890.jpg,Normal,0
train,dataset\Hyperspectral_normal_images\Hyperspectral_kidney_normal_2908.jpg,Normal,0
train,dataset\Hyperspectral_tumor_images\Hyperspectral_kidney_tumor_1169.jpg,Tumor,1
train,dataset\Hyperspectral_tumor_images\Hyperspectral_kidney_tumor_1568.jpg,Tumor,1
train,dataset\Hyperspectral_tumor_images\Hyperspectral_kidney_tumor_3005.jpg,Tumor,1
train,dataset\Hyperspectral_normal_images\Hyperspectral_kidney_normal_2327.jpg,Normal,0
train,dataset\Hyperspectral_normal_images\Hyperspectral_kidney_normal_4956.jpg,Normal,0
train,dataset\Hyperspectral_normal_images\Hyperspectral_kidney_normal_2390.jpg,Normal,0
train,dataset\Hyperspectral_tumor_images\Hyperspectral_kidney_tumor_1387.jpg,Tumor,1
train,dataset\Hyperspectral_normal_images\Hyperspectral_kidney_normal_3450.jpg,Normal,0
train,dataset\Hyperspectral_normal_images\Hyperspectral_kidney_normal_2110.jpg,Normal,0
train,dataset\Hyperspectral_normal_images\Hyperspectral_kidney_normal_2525.jpg,Normal,0
train,dataset\Hyperspectral_tumor_images\Hyperspectral_kidney_tumor_4904.jpg,Tumor,1
train,dataset\Hyperspectral_normal_images\Hyperspectral_kidney_normal_1796.jpg,Normal,0
train,dataset\Hyperspectral_normal_images\Hyperspectral_kidney_normal_1211.jpg,Normal,0
train,dataset\Hyperspectral_normal_images\Hyperspectral_kidney_normal_4341.jpg,Normal,0
train,dataset\Hyperspectral_normal_images\Hyperspectral_kidney_normal_3006.jpg,Normal,0
train,dataset\Hyperspectral_normal_images\Hyperspectral_kidney_normal_2691.jpg,Normal,0
train,dataset\Hyperspectral_normal_images\Hyperspectral_kidney_normal_0819.jpg,Normal,0
train,dataset\Hyperspectral_normal_images\Hyperspectral_kidney_normal_4445.jpg,Normal,0
train,dataset\Hyperspectral_tumor_images\Hyperspectral_kidney_tumor_2640.jpg,Tumor,1
train,dataset\Hyperspectral_normal_images\Hyperspectral_kidney_normal_3789.jpg,Normal,0
train,dataset\Hyperspectral_tumor_images\Hyperspectral_kidney_tumor_0624.jpg,Tumor,1
train,dataset\Hyperspectral_tumor_images\Hyperspectral_kidney_tumor_0674.jpg,Tumor,1
train,dataset\Hyperspectral_tumor_images\Hyperspectral_kidney_tumor_2320.jpg,Tumor,1
train,dataset\Hyperspectral_tumor_images\Hyperspectral_kidney_tumor_4358.jpg,Tumor,1
train,dataset\Hyperspectral_normal_images\Hyperspectral_kidney_normal_0628.jpg,Normal,0
train,dataset\Hyperspectral_normal_images\Hyperspectral_kidney_normal_4303.jpg,Normal,0
train,dataset\Hyperspectral_normal_images\Hyperspectral_kidney_normal_1832.jpg,Normal,0
train,dataset\Hyperspectral_normal_images\Hyperspectral_kidney_normal_1564.jpg,Normal,0
train,dataset\Hyperspectral_tumor_images\Hyperspectral_kidney_tumor_4430.jpg,Tumor,1
train,dataset\Hyperspectral_normal_images\Hyperspectral_kidney_normal_0199.jpg,Normal,0
train,dataset\Hyperspectral_normal_images\Hyperspectral_kidney_normal_3507.jpg,Normal,0
train,dataset\Hyperspectral_tumor_images\Hyperspectral_kidney_tumor_1395.jpg,Tumor,1
train,dataset\Hyperspectral_normal_images\Hyperspectral_kidney_normal_1064.jpg,Normal,0
train,dataset\Hyperspectral_normal_images\Hyperspectral_kidney_normal_4406.jpg,Normal,0
train,dataset\Hyperspectral_normal_images\Hyperspectral_kidney_normal_3168.jpg,Normal,0
train,dataset\Hyperspectral_normal_images\Hyperspectral_kidney_normal_1964.jpg,Normal,0
train,dataset\Hyperspectral_normal_images\Hyperspectral_kidney_normal_3431.jpg,Normal,0
train,dataset\Hyperspectral_tumor_images\Hyperspectral_kidney_tumor_0440.jpg,Tumor,1
train,dataset\Hyperspectral_tumor_images\Hyperspectral_kidney_tumor_2567.jpg,Tumor,1
train,dataset\Hyperspectral_normal_images\Hyperspectral_kidney_normal_2805.jpg,Normal,0
train,dataset\Hyperspectral_normal_images\Hyperspectral_kidney_normal_3848.jpg,Normal,0
train,dataset\Hyperspectral_tumor_images\Hyperspectral_kidney_tumor_3580.jpg,Tumor,1
train,dataset\Hyperspectral_tumor_images\Hyperspectral_kidney_tumor_1952.jpg,Tumor,1
train,dataset\Hyperspectral_tumor_images\Hyperspectral_kidney_tumor_0683.jpg,Tumor,1
train,dataset\Hyperspectral_normal_images\Hyperspectral_kidney_normal_2956.jpg,Normal,0
train,dataset\Hyperspectral_normal_images\Hyperspectral_kidney_normal_1004.jpg,Normal,0
train,dataset\Hyperspectral_tumor_images\Hyperspectral_kidney_tumor_1216.jpg,Tumor,1
train,dataset\Hyperspectral_tumor_images\Hyperspectral_kidney_tumor_3965.jpg,Tumor,1
train,dataset\Hyperspectral_tumor_images\Hyperspectral_kidney_tumor_4651.jpg,Tumor,1
train,dataset\Hyperspectral_normal_images\Hyperspectral_kidney_normal_2215.jpg,Normal,0
train,dataset\Hyperspectral_tumor_images\Hyperspectral_kidney_tumor_2494.jpg,Tumor,1
train,dataset\Hyperspectral_normal_images\Hyperspectral_kidney_normal_2138.jpg,Normal,0
train,dataset\Hyperspectral_normal_images\Hyperspectral_kidney_normal_2507.jpg,Normal,0
train,dataset\Hyperspectral_tumor_images\Hyperspectral_kidney_tumor_2851.jpg,Tumor,1
train,dataset\Hyperspectral_tumor_images\Hyperspectral_kidney_tumor_4973.jpg,Tumor,1
train,dataset\Hyperspectral_normal_images\Hyperspectral_kidney_normal_3925.jpg,Normal,0
train,dataset\Hyperspectral_normal_images\Hyperspectral_kidney_normal_4466.jpg,Normal,0
train,dataset\Hyperspectral_tumor_images\Hyperspectral_kidney_tumor_1071.jpg,Tumor,1
train,dataset\Hyperspectral_normal_images\Hyperspectral_kidney_normal_2073.jpg,Normal,0
train,dataset\Hyperspectral_normal_images\Hyperspectral_kidney_normal_3078.jpg,Normal,0
train,dataset\Hyperspectral_tumor_images\Hyperspectral_kidney_tumor_2349.jpg,Tumor,1
train,dataset\Hyperspectral_normal_images\Hyperspectral_kidney_normal_2474.jpg,Normal,0
train,dataset\Hyperspectral_normal_images\Hyperspectral_kidney_normal_0068.jpg,Normal,0
train,dataset\Hyperspectral_normal_images\Hyperspectral_kidney_normal_0523.jpg,Normal,0
train,dataset\Hyperspectral_tumor_images\Hyperspectral_kidney_tumor_1758.jpg,Tumor,1
train,dataset\Hyperspectral_normal_images\Hyperspectral_kidney_normal_0078.jpg,Normal,0
train,dataset\Hyperspectral_normal_images\Hyperspectral_kidney_normal_4105.jpg,Normal,0
train,dataset\Hyperspectral_normal_images\Hyperspectral_kidney_normal_3092.jpg,Normal,0
train,dataset\Hyperspectral_normal_images\Hyperspectral_kidney_normal_0678.jpg,Normal,0
train,dataset\Hyperspectral_normal_images\Hyperspectral_kidney_normal_0334.jpg,Normal,0
train,dataset\Hyperspectral_normal_images\Hyperspectral_kidney_normal_4858.jpg,Normal,0
train,dataset\Hyperspectral_tumor_images\Hyperspectral_kidney_tumor_2542.jpg,Tumor,1
train,dataset\Hyperspectral_normal_images\Hyperspectral_kidney_normal_0452.jpg,Normal,0
train,dataset\Hyperspectral_normal_images\Hyperspectral_kidney_normal_2976.jpg,Normal,0
train,dataset\Hyperspectral_normal_images\Hyperspectral_kidney_normal_0355.jpg,Normal,0
train,dataset\Hyperspectral_normal_images\Hyperspectral_kidney_normal_0428.jpg,Normal,0
train,dataset\Hyperspectral_tumor_images\Hyperspectral_kidney_tumor_1062.jpg,Tumor,1
train,dataset\Hyperspectral_tumor_images\Hyperspectral_kidney_tumor_0248.jpg,Tumor,1
train,dataset\Hyperspectral_tumor_images\Hyperspectral_kidney_tumor_0208.jpg,Tumor,1
train,dataset\Hyperspectral_tumor_images\Hyperspectral_kidney_tumor_1546.jpg,Tumor,1
train,dataset\Hyperspectral_normal_images\Hyperspectral_kidney_normal_2926.jpg,Normal,0
train,dataset\Hyperspectral_tumor_images\Hyperspectral_kidney_tumor_3118.jpg,Tumor,1
train,dataset\Hyperspectral_normal_images\Hyperspectral_kidney_normal_3933.jpg,Normal,0
train,dataset\Hyperspectral_tumor_images\Hyperspectral_kidney_tumor_1622.jpg,Tumor,1
train,dataset\Hyperspectral_tumor_images\Hyperspectral_kidney_tumor_3763.jpg,Tumor,1
train,dataset\Hyperspectral_tumor_images\Hyperspectral_kidney_tumor_1845.jpg,Tumor,1
train,dataset\Hyperspectral_tumor_images\Hyperspectral_kidney_tumor_4215.jpg,Tumor,1
train,dataset\Hyperspectral_tumor_images\Hyperspectral_kidney_tumor_1569.jpg,Tumor,1
train,dataset\Hyperspectral_tumor_images\Hyperspectral_kidney_tumor_4220.jpg,Tumor,1
train,dataset\Hyperspectral_normal_images\Hyperspectral_kidney_normal_2111.jpg,Normal,0
train,dataset\Hyperspectral_tumor_images\Hyperspectral_kidney_tumor_0794.jpg,Tumor,1
train,dataset\Hyperspectral_normal_images\Hyperspectral_kidney_normal_3794.jpg,Normal,0
train,dataset\Hyperspectral_normal_images\Hyperspectral_kidney_normal_2340.jpg,Normal,0
train,dataset\Hyperspectral_tumor_images\Hyperspectral_kidney_tumor_2930.jpg,Tumor,1
train,dataset\Hyperspectral_tumor_images\Hyperspectral_kidney_tumor_0486.jpg,Tumor,1
train,dataset\Hyperspectral_tumor_images\Hyperspectral_kidney_tumor_3232.jpg,Tumor,1
train,dataset\Hyperspectral_tumor_images\Hyperspectral_kidney_tumor_3268.jpg,Tumor,1
train,dataset\Hyperspectral_tumor_images\Hyperspectral_kidney_tumor_4914.jpg,Tumor,1
train,dataset\Hyperspectral_tumor_images\Hyperspectral_kidney_tumor_2161.jpg,Tumor,1
train,dataset\Hyperspectral_tumor_images\Hyperspectral_kidney_tumor_3685.jpg,Tumor,1
train,dataset\Hyperspectral_tumor_images\Hyperspectral_kidney_tumor_3303.jpg,Tumor,1
train,dataset\Hyperspectral_normal_images\Hyperspectral_kidney_normal_3336.jpg,Normal,0
train,dataset\Hyperspectral_tumor_images\Hyperspectral_kidney_tumor_1080.jpg,Tumor,1
train,dataset\Hyperspectral_normal_images\Hyperspectral_kidney_normal_2178.jpg,Normal,0
train,dataset\Hyperspectral_normal_images\Hyperspectral_kidney_normal_0267.jpg,Normal,0
train,dataset\Hyperspectral_tumor_images\Hyperspectral_kidney_tumor_1020.jpg,Tumor,1
train,dataset\Hyperspectral_tumor_images\Hyperspectral_kidney_tumor_4897.jpg,Tumor,1
train,dataset\Hyperspectral_tumor_images\Hyperspectral_kidney_tumor_1388.jpg,Tumor,1
train,dataset\Hyperspectral_tumor_images\Hyperspectral_kidney_tumor_0487.jpg,Tumor,1
train,dataset\Hyperspectral_tumor_images\Hyperspectral_kidney_tumor_3199.jpg,Tumor,1
train,dataset\Hyperspectral_normal_images\Hyperspectral_kidney_normal_4966.jpg,Normal,0
train,dataset\Hyperspectral_tumor_images\Hyperspectral_kidney_tumor_3632.jpg,Tumor,1
train,dataset\Hyperspectral_normal_images\Hyperspectral_kidney_normal_4757.jpg,Normal,0
train,dataset\Hyperspectral_tumor_images\Hyperspectral_kidney_tumor_0604.jpg,Tumor,1
train,dataset\Hyperspectral_tumor_images\Hyperspectral_kidney_tumor_3690.jpg,Tumor,1
train,dataset\Hyperspectral_tumor_images\Hyperspectral_kidney_tumor_2914.jpg,Tumor,1
train,dataset\Hyperspectral_normal_images\Hyperspectral_kidney_normal_0041.jpg,Normal,0
train,dataset\Hyperspectral_normal_images\Hyperspectral_kidney_normal_2675.jpg,Normal,0
train,dataset\Hyperspectral_tumor_images\Hyperspectral_kidney_tumor_1279.jpg,Tumor,1
train,dataset\Hyperspectral_tumor_images\Hyperspectral_kidney_tumor_3938.jpg,Tumor,1
train,dataset\Hyperspectral_normal_images\Hyperspectral_kidney_normal_1986.jpg,Normal,0
train,dataset\Hyperspectral_normal_images\Hyperspectral_kidney_normal_2854.jpg,Normal,0
train,dataset\Hyperspectral_normal_images\Hyperspectral_kidney_normal_1766.jpg,Normal,0
train,dataset\Hyperspectral_normal_images\Hyperspectral_kidney_normal_0213.jpg,Normal,0
train,dataset\Hyperspectral_tumor_images\Hyperspectral_kidney_tumor_0221.jpg,Tumor,1
train,dataset\Hyperspectral_normal_images\Hyperspectral_kidney_normal_3601.jpg,Normal,0
train,dataset\Hyperspectral_tumor_images\Hyperspectral_kidney_tumor_4326.jpg,Tumor,1
train,dataset\Hyperspectral_normal_images\Hyperspectral_kidney_normal_0756.jpg,Normal,0
train,dataset\Hyperspectral_tumor_images\Hyperspectral_kidney_tumor_3582.jpg,Tumor,1
train,dataset\Hyperspectral_tumor_images\Hyperspectral_kidney_tumor_1792.jpg,Tumor,1
train,dataset\Hyperspectral_tumor_images\Hyperspectral_kidney_tumor_4023.jpg,Tumor,1
train,dataset\Hyperspectral_normal_images\Hyperspectral_kidney_normal_3695.jpg,Normal,0
train,dataset\Hyperspectral_normal_images\Hyperspectral_kidney_normal_0158.jpg,Normal,0
train,dataset\Hyperspectral_tumor_images\Hyperspectral_kidney_tumor_1915.jpg,Tumor,1
train,dataset\Hyperspectral_tumor_images\Hyperspectral_kidney_tumor_2224.jpg,Tumor,1
train,dataset\Hyperspectral_tumor_images\Hyperspectral_kidney_tumor_0671.jpg,Tumor,1
train,dataset\Hyperspectral_normal_images\Hyperspectral_kidney_normal_4869.jpg,Normal,0
train,dataset\Hyperspectral_normal_images\Hyperspectral_kidney_normal_2196.jpg,Normal,0
train,dataset\Hyperspectral_tumor_images\Hyperspectral_kidney_tumor_4444.jpg,Tumor,1
train,dataset\Hyperspectral_normal_images\Hyperspectral_kidney_normal_1936.jpg,Normal,0
train,dataset\Hyperspectral_tumor_images\Hyperspectral_kidney_tumor_4937.jpg,Tumor,1
train,dataset\Hyperspectral_normal_images\Hyperspectral_kidney_normal_2141.jpg,Normal,0
train,dataset\Hyperspectral_normal_images\Hyperspectral_kidney_normal_1056.jpg,Normal,0
train,dataset\Hyperspectral_tumor_images\Hyperspectral_kidney_tumor_1174.jpg,Tumor,1
train,dataset\Hyperspectral_normal_images\Hyperspectral_kidney_normal_4765.jpg,Normal,0
train,dataset\Hyperspectral_normal_images\Hyperspectral_kidney_normal_3204.jpg,Normal,0
train,dataset\Hyperspectral_normal_images\Hyperspectral_kidney_normal_2144.jpg,Normal,0
train,dataset\Hyperspectral_normal_images\Hyperspectral_kidney_normal_0978.jpg,Normal,0
train,dataset\Hyperspectral_tumor_images\Hyperspectral_kidney_tumor_3986.jpg,Tumor,1
train,dataset\Hyperspectral_tumor_images\Hyperspectral_kidney_tumor_3514.jpg,Tumor,1
train,dataset\Hyperspectral_tumor_images\Hyperspectral_kidney_tumor_4416.jpg,Tumor,1
train,dataset\Hyperspectral_tumor_images\Hyperspectral_kidney_tumor_0587.jpg,Tumor,1
train,dataset\Hyperspectral_tumor_images\Hyperspectral_kidney_tumor_1968.jpg,Tumor,1
train,dataset\Hyperspectral_normal_images\Hyperspectral_kidney_normal_1061.jpg,Normal,0
train,dataset\Hyperspectral_tumor_images\Hyperspectral_kidney_tumor_1829.jpg,Tumor,1
train,dataset\Hyperspectral_normal_images\Hyperspectral_kidney_normal_1707.jpg,Normal,0
train,dataset\Hyperspectral_tumor_images\Hyperspectral_kidney_tumor_0120.jpg,Tumor,1
train,dataset\Hyperspectral_normal_images\Hyperspectral_kidney_normal_4583.jpg,Normal,0
train,dataset\Hyperspectral_normal_images\Hyperspectral_kidney_normal_3658.jpg,Normal,0
train,dataset\Hyperspectral_tumor_images\Hyperspectral_kidney_tumor_3524.jpg,Tumor,1
train,dataset\Hyperspectral_normal_images\Hyperspectral_kidney_normal_1177.jpg,Normal,0
train,dataset\Hyperspectral_normal_images\Hyperspectral_kidney_normal_1377.jpg,Normal,0
train,dataset\Hyperspectral_normal_images\Hyperspectral_kidney_normal_2628.jpg,Normal,0
train,dataset\Hyperspectral_normal_images\Hyperspectral_kidney_normal_1515.jpg,Normal,0
train,dataset\Hyperspectral_tumor_images\Hyperspectral_kidney_tumor_3952.jpg,Tumor,1
train,dataset\Hyperspectral_tumor_images\Hyperspectral_kidney_tumor_2014.jpg,Tumor,1
train,dataset\Hyperspectral_normal_images\Hyperspectral_kidney_normal_4337.jpg,Normal,0
train,dataset\Hyperspectral_normal_images\Hyperspectral_kidney_normal_1196.jpg,Normal,0
train,dataset\Hyperspectral_tumor_images\Hyperspectral_kidney_tumor_0379.jpg,Tumor,1
train,dataset\Hyperspectral_normal_images\Hyperspectral_kidney_normal_4125.jpg,Normal,0
train,dataset\Hyperspectral_normal_images\Hyperspectral_kidney_normal_4162.jpg,Normal,0
train,dataset\Hyperspectral_normal_images\Hyperspectral_kidney_normal_3205.jpg,Normal,0
train,dataset\Hyperspectral_normal_images\Hyperspectral_kidney_normal_1870.jpg,Normal,0
train,dataset\Hyperspectral_normal_images\Hyperspectral_kidney_normal_4529.jpg,Normal,0
train,dataset\Hyperspectral_normal_images\Hyperspectral_kidney_normal_0340.jpg,Normal,0
train,dataset\Hyperspectral_normal_images\Hyperspectral_kidney_normal_1422.jpg,Normal,0
train,dataset\Hyperspectral_normal_images\Hyperspectral_kidney_normal_2256.jpg,Normal,0
train,dataset\Hyperspectral_tumor_images\Hyperspectral_kidney_tumor_2074.jpg,Tumor,1
train,dataset\Hyperspectral_normal_images\Hyperspectral_kidney_normal_3185.jpg,Normal,0
train,dataset\Hyperspectral_normal_images\Hyperspectral_kidney_normal_3664.jpg,Normal,0
train,dataset\Hyperspectral_tumor_images\Hyperspectral_kidney_tumor_1516.jpg,Tumor,1
train,dataset\Hyperspectral_normal_images\Hyperspectral_kidney_normal_0610.jpg,Normal,0
train,dataset\Hyperspectral_normal_images\Hyperspectral_kidney_normal_2053.jpg,Normal,0
train,dataset\Hyperspectral_normal_images\Hyperspectral_kidney_normal_0206.jpg,Normal,0
train,dataset\Hyperspectral_normal_images\Hyperspectral_kidney_normal_3750.jpg,Normal,0
train,dataset\Hyperspectral_normal_images\Hyperspectral_kidney_normal_2905.jpg,Normal,0
train,dataset\Hyperspectral_normal_images\Hyperspectral_kidney_normal_2523.jpg,Normal,0
train,dataset\Hyperspectral_normal_images\Hyperspectral_kidney_normal_4674.jpg,Normal,0
train,dataset\Hyperspectral_normal_images\Hyperspectral_kidney_normal_3201.jpg,Normal,0
train,dataset\Hyperspectral_normal_images\Hyperspectral_kidney_normal_3990.jpg,Normal,0
train,dataset\Hyperspectral_tumor_images\Hyperspectral_kidney_tumor_0590.jpg,Tumor,1
train,dataset\Hyperspectral_tumor_images\Hyperspectral_kidney_tumor_2035.jpg,Tumor,1
train,dataset\Hyperspectral_tumor_images\Hyperspectral_kidney_tumor_4508.jpg,Tumor,1
train,dataset\Hyperspectral_normal_images\Hyperspectral_kidney_normal_0663.jpg,Normal,0
train,dataset\Hyperspectral_tumor_images\Hyperspectral_kidney_tumor_3028.jpg,Tumor,1
train,dataset\Hyperspectral_normal_images\Hyperspectral_kidney_normal_4496.jpg,Normal,0
train,dataset\Hyperspectral_normal_images\Hyperspectral_kidney_normal_0426.jpg,Normal,0
train,dataset\Hyperspectral_normal_images\Hyperspectral_kidney_normal_2766.jpg,Normal,0
train,dataset\Hyperspectral_tumor_images\Hyperspectral_kidney_tumor_2103.jpg,Tumor,1
train,dataset\Hyperspectral_normal_images\Hyperspectral_kidney_normal_0043.jpg,Normal,0
train,dataset\Hyperspectral_normal_images\Hyperspectral_kidney_normal_2612.jpg,Normal,0
train,dataset\Hyperspectral_normal_images\Hyperspectral_kidney_normal_3379.jpg,Normal,0
train,dataset\Hyperspectral_normal_images\Hyperspectral_kidney_normal_0239.jpg,Normal,0
train,dataset\Hyperspectral_normal_images\Hyperspectral_kidney_normal_3605.jpg,Normal,0
train,dataset\Hyperspectral_normal_images\Hyperspectral_kidney_normal_1669.jpg,Normal,0
train,dataset\Hyperspectral_tumor_images\Hyperspectral_kidney_tumor_0201.jpg,Tumor,1
train,dataset\Hyperspectral_normal_images\Hyperspectral_kidney_normal_4391.jpg,Normal,0
train,dataset\Hyperspectral_normal_images\Hyperspectral_kidney_normal_4679.jpg,Normal,0
train,dataset\Hyperspectral_normal_images\Hyperspectral_kidney_normal_1670.jpg,Normal,0
train,dataset\Hyperspectral_normal_images\Hyperspectral_kidney_normal_1181.jpg,Normal,0
train,dataset\Hyperspectral_tumor_images\Hyperspectral_kidney_tumor_2951.jpg,Tumor,1
train,dataset\Hyperspectral_tumor_images\Hyperspectral_kidney_tumor_4766.jpg,Tumor,1
train,dataset\Hyperspectral_normal_images\Hyperspectral_kidney_normal_4385.jpg,Normal,0
train,dataset\Hyperspectral_tumor_images\Hyperspectral_kidney_tumor_2903.jpg,Tumor,1
train,dataset\Hyperspectral_tumor_images\Hyperspectral_kidney_tumor_1664.jpg,Tumor,1
train,dataset\Hyperspectral_tumor_images\Hyperspectral_kidney_tumor_0143.jpg,Tumor,1
train,dataset\Hyperspectral_tumor_images\Hyperspectral_kidney_tumor_0513.jpg,Tumor,1
train,dataset\Hyperspectral_normal_images\Hyperspectral_kidney_normal_3996.jpg,Normal,0
train,dataset\Hyperspectral_normal_images\Hyperspectral_kidney_normal_4199.jpg,Normal,0
train,dataset\Hyperspectral_tumor_images\Hyperspectral_kidney_tumor_0133.jpg,Tumor,1
train,dataset\Hyperspectral_tumor_images\Hyperspectral_kidney_tumor_1267.jpg,Tumor,1
train,dataset\Hyperspectral_normal_images\Hyperspectral_kidney_normal_1834.jpg,Normal,0
train,dataset\Hyperspectral_tumor_images\Hyperspectral_kidney_tumor_4901.jpg,Tumor,1
train,dataset\Hyperspectral_normal_images\Hyperspectral_kidney_normal_0291.jpg,Normal,0
train,dataset\Hyperspectral_tumor_images\Hyperspectral_kidney_tumor_4190.jpg,Tumor,1
train,dataset\Hyperspectral_normal_images\Hyperspectral_kidney_normal_1663.jpg,Normal,0
train,dataset\Hyperspectral_normal_images\Hyperspectral_kidney_normal_2070.jpg,Normal,0
train,dataset\Hyperspectral_tumor_images\Hyperspectral_kidney_tumor_2973.jpg,Tumor,1
train,dataset\Hyperspectral_normal_images\Hyperspectral_kidney_normal_0723.jpg,Normal,0
train,dataset\Hyperspectral_tumor_images\Hyperspectral_kidney_tumor_1606.jpg,Tumor,1
train,dataset\Hyperspectral_tumor_images\Hyperspectral_kidney_tumor_1720.jpg,Tumor,1
train,dataset\Hyperspectral_normal_images\Hyperspectral_kidney_normal_4219.jpg,Normal,0
train,dataset\Hyperspectral_normal_images\Hyperspectral_kidney_normal_1831.jpg,Normal,0
train,dataset\Hyperspectral_normal_images\Hyperspectral_kidney_normal_2028.jpg,Normal,0
train,dataset\Hyperspectral_normal_images\Hyperspectral_kidney_normal_2182.jpg,Normal,0
train,dataset\Hyperspectral_normal_images\Hyperspectral_kidney_normal_0719.jpg,Normal,0
train,dataset\Hyperspectral_tumor_images\Hyperspectral_kidney_tumor_4397.jpg,Tumor,1
train,dataset\Hyperspectral_normal_images\Hyperspectral_kidney_normal_3960.jpg,Normal,0
train,dataset\Hyperspectral_tumor_images\Hyperspectral_kidney_tumor_1334.jpg,Tumor,1
train,dataset\Hyperspectral_tumor_images\Hyperspectral_kidney_tumor_2681.jpg,Tumor,1
train,dataset\Hyperspectral_normal_images\Hyperspectral_kidney_normal_3743.jpg,Normal,0
train,dataset\Hyperspectral_tumor_images\Hyperspectral_kidney_tumor_1445.jpg,Tumor,1
train,dataset\Hyperspectral_tumor_images\Hyperspectral_kidney_tumor_0342.jpg,Tumor,1
train,dataset\Hyperspectral_tumor_images\Hyperspectral_kidney_tumor_3082.jpg,Tumor,1
train,dataset\Hyperspectral_tumor_images\Hyperspectral_kidney_tumor_4848.jpg,Tumor,1
train,dataset\Hyperspectral_tumor_images\Hyperspectral_kidney_tumor_2684.jpg,Tumor,1
train,dataset\Hyperspectral_tumor_images\Hyperspectral_kidney_tumor_0293.jpg,Tumor,1
train,dataset\Hyperspectral_tumor_images\Hyperspectral_kidney_tumor_3562.jpg,Tumor,1
train,dataset\Hyperspectral_normal_images\Hyperspectral_kidney_normal_4959.jpg,Normal,0
train,dataset\Hyperspectral_normal_images\Hyperspectral_kidney_normal_2602.jpg,Normal,0
train,dataset\Hyperspectral_normal_images\Hyperspectral_kidney_normal_1983.jpg,Normal,0
train,dataset\Hyperspectral_tumor_images\Hyperspectral_kidney_tumor_0917.jpg,Tumor,1
train,dataset\Hyperspectral_normal_images\Hyperspectral_kidney_normal_3279.jpg,Normal,0
train,dataset\Hyperspectral_tumor_images\Hyperspectral_kidney_tumor_0992.jpg,Tumor,1
train,dataset\Hyperspectral_normal_images\Hyperspectral_kidney_normal_1588.jpg,Normal,0
train,dataset\Hyperspectral_normal_images\Hyperspectral_kidney_normal_2856.jpg,Normal,0
train,dataset\Hyperspectral_normal_images\Hyperspectral_kidney_normal_0746.jpg,Normal,0
train,dataset\Hyperspectral_normal_images\Hyperspectral_kidney_normal_2430.jpg,Normal,0
train,dataset\Hyperspectral_normal_images\Hyperspectral_kidney_normal_0053.jpg,Normal,0
train,dataset\Hyperspectral_tumor_images\Hyperspectral_kidney_tumor_1448.jpg,Tumor,1
train,dataset\Hyperspectral_tumor_images\Hyperspectral_kidney_tumor_0374.jpg,Tumor,1
train,dataset\Hyperspectral_tumor_images\Hyperspectral_kidney_tumor_0860.jpg,Tumor,1
train,dataset\Hyperspectral_tumor_images\Hyperspectral_kidney_tumor_4018.jpg,Tumor,1
train,dataset\Hyperspectral_normal_images\Hyperspectral_kidney_normal_4180.jpg,Normal,0
train,dataset\Hyperspectral_normal_images\Hyperspectral_kidney_normal_4178.jpg,Normal,0
train,dataset\Hyperspectral_normal_images\Hyperspectral_kidney_normal_0652.jpg,Normal,0
train,dataset\Hyperspectral_tumor_images\Hyperspectral_kidney_tumor_2094.jpg,Tumor,1
train,dataset\Hyperspectral_tumor_images\Hyperspectral_kidney_tumor_1422.jpg,Tumor,1
train,dataset\Hyperspectral_tumor_images\Hyperspectral_kidney_tumor_1713.jpg,Tumor,1
train,dataset\Hyperspectral_tumor_images\Hyperspectral_kidney_tumor_3430.jpg,Tumor,1
train,dataset\Hyperspectral_normal_images\Hyperspectral_kidney_normal_3839.jpg,Normal,0
train,dataset\Hyperspectral_normal_images\Hyperspectral_kidney_normal_3557.jpg,Normal,0
train,dataset\Hyperspectral_normal_images\Hyperspectral_kidney_normal_0477.jpg,Normal,0
train,dataset\Hyperspectral_normal_images\Hyperspectral_kidney_normal_4098.jpg,Normal,0
train,dataset\Hyperspectral_tumor_images\Hyperspectral_kidney_tumor_4738.jpg,Tumor,1
train,dataset\Hyperspectral_normal_images\Hyperspectral_kidney_normal_4940.jpg,Normal,0
train,dataset\Hyperspectral_tumor_images\Hyperspectral_kidney_tumor_3838.jpg,Tumor,1
train,dataset\Hyperspectral_normal_images\Hyperspectral_kidney_normal_3564.jpg,Normal,0
train,dataset\Hyperspectral_normal_images\Hyperspectral_kidney_normal_2081.jpg,Normal,0
train,dataset\Hyperspectral_tumor_images\Hyperspectral_kidney_tumor_3479.jpg,Tumor,1
train,dataset\Hyperspectral_tumor_images\Hyperspectral_kidney_tumor_1004.jpg,Tumor,1
train,dataset\Hyperspectral_tumor_images\Hyperspectral_kidney_tumor_1189.jpg,Tumor,1
train,dataset\Hyperspectral_normal_images\Hyperspectral_kidney_normal_1966.jpg,Normal,0
train,dataset\Hyperspectral_normal_images\Hyperspectral_kidney_normal_1664.jpg,Normal,0
train,dataset\Hyperspectral_tumor_images\Hyperspectral_kidney_tumor_1175.jpg,Tumor,1
train,dataset\Hyperspectral_tumor_images\Hyperspectral_kidney_tumor_1403.jpg,Tumor,1
train,dataset\Hyperspectral_tumor_images\Hyperspectral_kidney_tumor_2220.jpg,Tumor,1
train,dataset\Hyperspectral_tumor_images\Hyperspectral_kidney_tumor_3172.jpg,Tumor,1
train,dataset\Hyperspectral_tumor_images\Hyperspectral_kidney_tumor_2495.jpg,Tumor,1
train,dataset\Hyperspectral_normal_images\Hyperspectral_kidney_normal_1184.jpg,Normal,0
train,dataset\Hyperspectral_normal_images\Hyperspectral_kidney_normal_4888.jpg,Normal,0
train,dataset\Hyperspectral_normal_images\Hyperspectral_kidney_normal_0800.jpg,Normal,0
train,dataset\Hyperspectral_normal_images\Hyperspectral_kidney_normal_2563.jpg,Normal,0
train,dataset\Hyperspectral_tumor_images\Hyperspectral_kidney_tumor_4312.jpg,Tumor,1
train,dataset\Hyperspectral_normal_images\Hyperspectral_kidney_normal_2958.jpg,Normal,0
train,dataset\Hyperspectral_normal_images\Hyperspectral_kidney_normal_2092.jpg,Normal,0
train,dataset\Hyperspectral_normal_images\Hyperspectral_kidney_normal_4825.jpg,Normal,0
train,dataset\Hyperspectral_tumor_images\Hyperspectral_kidney_tumor_0101.jpg,Tumor,1
train,dataset\Hyperspectral_tumor_images\Hyperspectral_kidney_tumor_2386.jpg,Tumor,1
train,dataset\Hyperspectral_tumor_images\Hyperspectral_kidney_tumor_2143.jpg,Tumor,1
train,dataset\Hyperspectral_tumor_images\Hyperspectral_kidney_tumor_3081.jpg,Tumor,1
train,dataset\Hyperspectral_normal_images\Hyperspectral_kidney_normal_0225.jpg,Normal,0
train,dataset\Hyperspectral_normal_images\Hyperspectral_kidney_normal_0133.jpg,Normal,0
train,dataset\Hyperspectral_normal_images\Hyperspectral_kidney_normal_0985.jpg,Normal,0
train,dataset\Hyperspectral_tumor_images\Hyperspectral_kidney_tumor_3120.jpg,Tumor,1
train,dataset\Hyperspectral_tumor_images\Hyperspectral_kidney_tumor_4667.jpg,Tumor,1
train,dataset\Hyperspectral_normal_images\Hyperspectral_kidney_normal_1939.jpg,Normal,0
train,dataset\Hyperspectral_tumor_images\Hyperspectral_kidney_tumor_3475.jpg,Tumor,1
train,dataset\Hyperspectral_normal_images\Hyperspectral_kidney_normal_2462.jpg,Normal,0
train,dataset\Hyperspectral_tumor_images\Hyperspectral_kidney_tumor_3169.jpg,Tumor,1
train,dataset\Hyperspectral_tumor_images\Hyperspectral_kidney_tumor_3544.jpg,Tumor,1
train,dataset\Hyperspectral_tumor_images\Hyperspectral_kidney_tumor_1728.jpg,Tumor,1
train,dataset\Hyperspectral_normal_images\Hyperspectral_kidney_normal_3263.jpg,Normal,0
train,dataset\Hyperspectral_tumor_images\Hyperspectral_kidney_tumor_2211.jpg,Tumor,1
train,dataset\Hyperspectral_tumor_images\Hyperspectral_kidney_tumor_4744.jpg,Tumor,1
train,dataset\Hyperspectral_normal_images\Hyperspectral_kidney_normal_1135.jpg,Normal,0
train,dataset\Hyperspectral_normal_images\Hyperspectral_kidney_normal_3430.jpg,Normal,0
train,dataset\Hyperspectral_normal_images\Hyperspectral_kidney_normal_3047.jpg,Normal,0
train,dataset\Hyperspectral_normal_images\Hyperspectral_kidney_normal_2187.jpg,Normal,0
train,dataset\Hyperspectral_tumor_images\Hyperspectral_kidney_tumor_2663.jpg,Tumor,1
train,dataset\Hyperspectral_normal_images\Hyperspectral_kidney_normal_4905.jpg,Normal,0
train,dataset\Hyperspectral_tumor_images\Hyperspectral_kidney_tumor_3985.jpg,Tumor,1
train,dataset\Hyperspectral_tumor_images\Hyperspectral_kidney_tumor_4164.jpg,Tumor,1
train,dataset\Hyperspectral_normal_images\Hyperspectral_kidney_normal_3389.jpg,Normal,0
train,dataset\Hyperspectral_tumor_images\Hyperspectral_kidney_tumor_4573.jpg,Tumor,1
train,dataset\Hyperspectral_tumor_images\Hyperspectral_kidney_tumor_3154.jpg,Tumor,1
train,dataset\Hyperspectral_tumor_images\Hyperspectral_kidney_tumor_1410.jpg,Tumor,1
train,dataset\Hyperspectral_normal_images\Hyperspectral_kidney_normal_4325.jpg,Normal,0
train,dataset\Hyperspectral_normal_images\Hyperspectral_kidney_normal_3866.jpg,Normal,0
train,dataset\Hyperspectral_tumor_images\Hyperspectral_kidney_tumor_2329.jpg,Tumor,1
train,dataset\Hyperspectral_tumor_images\Hyperspectral_kidney_tumor_2021.jpg,Tumor,1
train,dataset\Hyperspectral_tumor_images\Hyperspectral_kidney_tumor_4855.jpg,Tumor,1
train,dataset\Hyperspectral_tumor_images\Hyperspectral_kidney_tumor_4556.jpg,Tumor,1
train,dataset\Hyperspectral_tumor_images\Hyperspectral_kidney_tumor_1554.jpg,Tumor,1
train,dataset\Hyperspectral_normal_images\Hyperspectral_kidney_normal_0818.jpg,Normal,0
train,dataset\Hyperspectral_tumor_images\Hyperspectral_kidney_tumor_3212.jpg,Tumor,1
train,dataset\Hyperspectral_normal_images\Hyperspectral_kidney_normal_2906.jpg,Normal,0
train,dataset\Hyperspectral_tumor_images\Hyperspectral_kidney_tumor_0821.jpg,Tumor,1
train,dataset\Hyperspectral_tumor_images\Hyperspectral_kidney_tumor_3991.jpg,Tumor,1
train,dataset\Hyperspectral_tumor_images\Hyperspectral_kidney_tumor_2748.jpg,Tumor,1
train,dataset\Hyperspectral_tumor_images\Hyperspectral_kidney_tumor_0614.jpg,Tumor,1
train,dataset\Hyperspectral_normal_images\Hyperspectral_kidney_normal_2376.jpg,Normal,0
train,dataset\Hyperspectral_normal_images\Hyperspectral_kidney_normal_1439.jpg,Normal,0
train,dataset\Hyperspectral_tumor_images\Hyperspectral_kidney_tumor_4762.jpg,Tumor,1
train,dataset\Hyperspectral_tumor_images\Hyperspectral_kidney_tumor_4643.jpg,Tumor,1
train,dataset\Hyperspectral_normal_images\Hyperspectral_kidney_normal_0775.jpg,Normal,0
train,dataset\Hyperspectral_normal_images\Hyperspectral_kidney_normal_2054.jpg,Normal,0
train,dataset\Hyperspectral_normal_images\Hyperspectral_kidney_normal_4986.jpg,Normal,0
train,dataset\Hyperspectral_tumor_images\Hyperspectral_kidney_tumor_2661.jpg,Tumor,1
train,dataset\Hyperspectral_normal_images\Hyperspectral_kidney_normal_4728.jpg,Normal,0
train,dataset\Hyperspectral_normal_images\Hyperspectral_kidney_normal_2942.jpg,Normal,0
train,dataset\Hyperspectral_tumor_images\Hyperspectral_kidney_tumor_4049.jpg,Tumor,1
train,dataset\Hyperspectral_normal_images\Hyperspectral_kidney_normal_0473.jpg,Normal,0
train,dataset\Hyperspectral_tumor_images\Hyperspectral_kidney_tumor_1464.jpg,Tumor,1
train,dataset\Hyperspectral_normal_images\Hyperspectral_kidney_normal_0641.jpg,Normal,0
train,dataset\Hyperspectral_normal_images\Hyperspectral_kidney_normal_2869.jpg,Normal,0
train,dataset\Hyperspectral_tumor_images\Hyperspectral_kidney_tumor_0362.jpg,Tumor,1
train,dataset\Hyperspectral_tumor_images\Hyperspectral_kidney_tumor_3788.jpg,Tumor,1
train,dataset\Hyperspectral_tumor_images\Hyperspectral_kidney_tumor_3882.jpg,Tumor,1
train,dataset\Hyperspectral_normal_images\Hyperspectral_kidney_normal_4815.jpg,Normal,0
train,dataset\Hyperspectral_normal_images\Hyperspectral_kidney_normal_1028.jpg,Normal,0
train,dataset\Hyperspectral_tumor_images\Hyperspectral_kidney_tumor_1667.jpg,Tumor,1
train,dataset\Hyperspectral_tumor_images\Hyperspectral_kidney_tumor_4614.jpg,Tumor,1
train,dataset\Hyperspectral_normal_images\Hyperspectral_kidney_normal_1273.jpg,Normal,0
train,dataset\Hyperspectral_normal_images\Hyperspectral_kidney_normal_1009.jpg,Normal,0
train,dataset\Hyperspectral_tumor_images\Hyperspectral_kidney_tumor_1157.jpg,Tumor,1
train,dataset\Hyperspectral_normal_images\Hyperspectral_kidney_normal_2410.jpg,Normal,0
train,dataset\Hyperspectral_tumor_images\Hyperspectral_kidney_tumor_3849.jpg,Tumor,1
train,dataset\Hyperspectral_tumor_images\Hyperspectral_kidney_tumor_2750.jpg,Tumor,1
train,dataset\Hyperspectral_normal_images\Hyperspectral_kidney_normal_1403.jpg,Normal,0
train,dataset\Hyperspectral_normal_images\Hyperspectral_kidney_normal_4114.jpg,Normal,0
train,dataset\Hyperspectral_normal_images\Hyperspectral_kidney_normal_2115.jpg,Normal,0
train,dataset\Hyperspectral_normal_images\Hyperspectral_kidney_normal_0827.jpg,Normal,0
train,dataset\Hyperspectral_normal_images\Hyperspectral_kidney_normal_1032.jpg,Normal,0
train,dataset\Hyperspectral_normal_images\Hyperspectral_kidney_normal_1382.jpg,Normal,0
train,dataset\Hyperspectral_tumor_images\Hyperspectral_kidney_tumor_2648.jpg,Tumor,1
train,dataset\Hyperspectral_tumor_images\Hyperspectral_kidney_tumor_2559.jpg,Tumor,1
train,dataset\Hyperspectral_tumor_images\Hyperspectral_kidney_tumor_3754.jpg,Tumor,1
train,dataset\Hyperspectral_normal_images\Hyperspectral_kidney_normal_0233.jpg,Normal,0
train,dataset\Hyperspectral_tumor_images\Hyperspectral_kidney_tumor_4151.jpg,Tumor,1
train,dataset\Hyperspectral_tumor_images\Hyperspectral_kidney_tumor_2957.jpg,Tumor,1
train,dataset\Hyperspectral_tumor_images\Hyperspectral_kidney_tumor_2807.jpg,Tumor,1
train,dataset\Hyperspectral_tumor_images\Hyperspectral_kidney_tumor_0696.jpg,Tumor,1
train,dataset\Hyperspectral_tumor_images\Hyperspectral_kidney_tumor_4837.jpg,Tumor,1
train,dataset\Hyperspectral_normal_images\Hyperspectral_kidney_normal_1856.jpg,Normal,0
validation,dataset\Hyperspectral_tumor_images\Hyperspectral_kidney_tumor_4176.jpg,Tumor,1
validation,dataset\Hyperspectral_normal_images\Hyperspectral_kidney_normal_0517.jpg,Normal,0
validation,dataset\Hyperspectral_tumor_images\Hyperspectral_kidney_tumor_2025.jpg,Tumor,1
validation,dataset\Hyperspectral_normal_images\Hyperspectral_kidney_normal_0135.jpg,Normal,0
validation,dataset\Hyperspectral_tumor_images\Hyperspectral_kidney_tumor_0398.jpg,Tumor,1
validation,dataset\Hyperspectral_tumor_images\Hyperspectral_kidney_tumor_2879.jpg,Tumor,1
validation,dataset\Hyperspectral_normal_images\Hyperspectral_kidney_normal_0170.jpg,Normal,0
validation,dataset\Hyperspectral_normal_images\Hyperspectral_kidney_normal_1646.jpg,Normal,0
validation,dataset\Hyperspectral_tumor_images\Hyperspectral_kidney_tumor_2812.jpg,Tumor,1
validation,dataset\Hyperspectral_tumor_images\Hyperspectral_kidney_tumor_2523.jpg,Tumor,1
validation,dataset\Hyperspectral_tumor_images\Hyperspectral_kidney_tumor_1031.jpg,Tumor,1
validation,dataset\Hyperspectral_normal_images\Hyperspectral_kidney_normal_3627.jpg,Normal,0
validation,dataset\Hyperspectral_normal_images\Hyperspectral_kidney_normal_0390.jpg,Normal,0
validation,dataset\Hyperspectral_normal_images\Hyperspectral_kidney_normal_3574.jpg,Normal,0
validation,dataset\Hyperspectral_tumor_images\Hyperspectral_kidney_tumor_0880.jpg,Tumor,1
validation,dataset\Hyperspectral_normal_images\Hyperspectral_kidney_normal_3581.jpg,Normal,0
validation,dataset\Hyperspectral_normal_images\Hyperspectral_kidney_normal_4239.jpg,Normal,0
validation,dataset\Hyperspectral_normal_images\Hyperspectral_kidney_normal_3224.jpg,Normal,0
validation,dataset\Hyperspectral_tumor_images\Hyperspectral_kidney_tumor_4626.jpg,Tumor,1
validation,dataset\Hyperspectral_tumor_images\Hyperspectral_kidney_tumor_2487.jpg,Tumor,1
validation,dataset\Hyperspectral_normal_images\Hyperspectral_kidney_normal_1283.jpg,Normal,0
validation,dataset\Hyperspectral_tumor_images\Hyperspectral_kidney_tumor_1501.jpg,Tumor,1
validation,dataset\Hyperspectral_tumor_images\Hyperspectral_kidney_tumor_1261.jpg,Tumor,1
validation,dataset\Hyperspectral_tumor_images\Hyperspectral_kidney_tumor_4982.jpg,Tumor,1
validation,dataset\Hyperspectral_tumor_images\Hyperspectral_kidney_tumor_0535.jpg,Tumor,1
validation,dataset\Hyperspectral_normal_images\Hyperspectral_kidney_normal_1702.jpg,Normal,0
validation,dataset\Hyperspectral_normal_images\Hyperspectral_kidney_normal_0987.jpg,Normal,0
validation,dataset\Hyperspectral_tumor_images\Hyperspectral_kidney_tumor_3234.jpg,Tumor,1
validation,dataset\Hyperspectral_tumor_images\Hyperspectral_kidney_tumor_2859.jpg,Tumor,1
validation,dataset\Hyperspectral_tumor_images\Hyperspectral_kidney_tumor_3956.jpg,Tumor,1
validation,dataset\Hyperspectral_normal_images\Hyperspectral_kidney_normal_4107.jpg,Normal,0
validation,dataset\Hyperspectral_tumor_images\Hyperspectral_kidney_tumor_4646.jpg,Tumor,1
validation,dataset\Hyperspectral_normal_images\Hyperspectral_kidney_normal_4368.jpg,Normal,0
validation,dataset\Hyperspectral_normal_images\Hyperspectral_kidney_normal_3941.jpg,Normal,0
validation,dataset\Hyperspectral_tumor_images\Hyperspectral_kidney_tumor_4160.jpg,Tumor,1
validation,dataset\Hyperspectral_tumor_images\Hyperspectral_kidney_tumor_1266.jpg,Tumor,1
validation,dataset\Hyperspectral_normal_images\Hyperspectral_kidney_normal_3494.jpg,Normal,0
validation,dataset\Hyperspectral_tumor_images\Hyperspectral_kidney_tumor_1308.jpg,Tumor,1
validation,dataset\Hyperspectral_normal_images\Hyperspectral_kidney_normal_2208.jpg,Normal,0
validation,dataset\Hyperspectral_tumor_images\Hyperspectral_kidney_tumor_2941.jpg,Tumor,1
validation,dataset\Hyperspectral_tumor_images\Hyperspectral_kidney_tumor_0453.jpg,Tumor,1
validation,dataset\Hyperspectral_normal_images\Hyperspectral_kidney_normal_0425.jpg,Normal,0
validation,dataset\Hyperspectral_tumor_images\Hyperspectral_kidney_tumor_1808.jpg,Tumor,1
validation,dataset\Hyperspectral_normal_images\Hyperspectral_kidney_normal_2811.jpg,Normal,0
validation,dataset\Hyperspectral_tumor_images\Hyperspectral_kidney_tumor_2339.jpg,Tumor,1
validation,dataset\Hyperspectral_tumor_images\Hyperspectral_kidney_tumor_4707.jpg,Tumor,1
validation,dataset\Hyperspectral_normal_images\Hyperspectral_kidney_normal_3635.jpg,Normal,0
validation,dataset\Hyperspectral_tumor_images\Hyperspectral_kidney_tumor_3563.jpg,Tumor,1
validation,dataset\Hyperspectral_normal_images\Hyperspectral_kidney_normal_2642.jpg,Normal,0
validation,dataset\Hyperspectral_tumor_images\Hyperspectral_kidney_tumor_2268.jpg,Tumor,1
validation,dataset\Hyperspectral_tumor_images\Hyperspectral_kidney_tumor_4579.jpg,Tumor,1
validation,dataset\Hyperspectral_normal_images\Hyperspectral_kidney_normal_0927.jpg,Normal,0
validation,dataset\Hyperspectral_normal_images\Hyperspectral_kidney_normal_3246.jpg,Normal,0
validation,dataset\Hyperspectral_normal_images\Hyperspectral_kidney_normal_2699.jpg,Normal,0
validation,dataset\Hyperspectral_normal_images\Hyperspectral_kidney_normal_1210.jpg,Normal,0
validation,dataset\Hyperspectral_normal_images\Hyperspectral_kidney_normal_4398.jpg,Normal,0
validation,dataset\Hyperspectral_tumor_images\Hyperspectral_kidney_tumor_3554.jpg,Tumor,1
validation,dataset\Hyperspectral_tumor_images\Hyperspectral_kidney_tumor_4582.jpg,Tumor,1
validation,dataset\Hyperspectral_normal_images\Hyperspectral_kidney_normal_4284.jpg,Normal,0
validation,dataset\Hyperspectral_tumor_images\Hyperspectral_kidney_tumor_2038.jpg,Tumor,1
validation,dataset\Hyperspectral_tumor_images\Hyperspectral_kidney_tumor_4513.jpg,Tumor,1
validation,dataset\Hyperspectral_normal_images\Hyperspectral_kidney_normal_4467.jpg,Normal,0
validation,dataset\Hyperspectral_normal_images\Hyperspectral_kidney_normal_0371.jpg,Normal,0
validation,dataset\Hyperspectral_tumor_images\Hyperspectral_kidney_tumor_1704.jpg,Tumor,1
validation,dataset\Hyperspectral_normal_images\Hyperspectral_kidney_normal_3331.jpg,Normal,0
validation,dataset\Hyperspectral_tumor_images\Hyperspectral_kidney_tumor_2674.jpg,Tumor,1
validation,dataset\Hyperspectral_normal_images\Hyperspectral_kidney_normal_0958.jpg,Normal,0
validation,dataset\Hyperspectral_tumor_images\Hyperspectral_kidney_tumor_1992.jpg,Tumor,1
validation,dataset\Hyperspectral_normal_images\Hyperspectral_kidney_normal_4456.jpg,Normal,0
validation,dataset\Hyperspectral_tumor_images\Hyperspectral_kidney_tumor_4249.jpg,Tumor,1
validation,dataset\Hyperspectral_normal_images\Hyperspectral_kidney_normal_2530.jpg,Normal,0
validation,dataset\Hyperspectral_tumor_images\Hyperspectral_kidney_tumor_2705.jpg,Tumor,1
validation,dataset\Hyperspectral_tumor_images\Hyperspectral_kidney_tumor_1212.jpg,Tumor,1
validation,dataset\Hyperspectral_tumor_images\Hyperspectral_kidney_tumor_4996.jpg,Tumor,1
validation,dataset\Hyperspectral_normal_images\Hyperspectral_kidney_normal_4146.jpg,Normal,0
validation,dataset\Hyperspectral_tumor_images\Hyperspectral_kidney_tumor_3377.jpg,Tumor,1
validation,dataset\Hyperspectral_normal_images\Hyperspectral_kidney_normal_4012.jpg,Normal,0
validation,dataset\Hyperspectral_tumor_images\Hyperspectral_kidney_tumor_2725.jpg,Tumor,1
validation,dataset\Hyperspectral_tumor_images\Hyperspectral_kidney_tumor_0628.jpg,Tumor,1
validation,dataset\Hyperspectral_tumor_images\Hyperspectral_kidney_tumor_1523.jpg,Tumor,1
validation,dataset\Hyperspectral_normal_images\Hyperspectral_kidney_normal_0540.jpg,Normal,0
validation,dataset\Hyperspectral_tumor_images\Hyperspectral_kidney_tumor_0121.jpg,Tumor,1
validation,dataset\Hyperspectral_normal_images\Hyperspectral_kidney_normal_0409.jpg,Normal,0
validation,dataset\Hyperspectral_tumor_images\Hyperspectral_kidney_tumor_0838.jpg,Tumor,1
validation,dataset\Hyperspectral_tumor_images\Hyperspectral_kidney_tumor_0249.jpg,Tumor,1
validation,dataset\Hyperspectral_tumor_images\Hyperspectral_kidney_tumor_2682.jpg,Tumor,1
validation,dataset\Hyperspectral_tumor_images\Hyperspectral_kidney_tumor_1247.jpg,Tumor,1
validation,dataset\Hyperspectral_normal_images\Hyperspectral_kidney_normal_1980.jpg,Normal,0
validation,dataset\Hyperspectral_tumor_images\Hyperspectral_kidney_tumor_2557.jpg,Tumor,1
validation,dataset\Hyperspectral_normal_images\Hyperspectral_kidney_normal_2005.jpg,Normal,0
validation,dataset\Hyperspectral_tumor_images\Hyperspectral_kidney_tumor_1235.jpg,Tumor,1
validation,dataset\Hyperspectral_tumor_images\Hyperspectral_kidney_tumor_3881.jpg,Tumor,1
validation,dataset\Hyperspectral_normal_images\Hyperspectral_kidney_normal_0930.jpg,Normal,0
validation,dataset\Hyperspectral_normal_images\Hyperspectral_kidney_normal_1218.jpg,Normal,0
validation,dataset\Hyperspectral_tumor_images\Hyperspectral_kidney_tumor_2218.jpg,Tumor,1
validation,dataset\Hyperspectral_tumor_images\Hyperspectral_kidney_tumor_2312.jpg,Tumor,1
validation,dataset\Hyperspectral_normal_images\Hyperspectral_kidney_normal_1226.jpg,Normal,0
validation,dataset\Hyperspectral_normal_images\Hyperspectral_kidney_normal_0634.jpg,Normal,0
validation,dataset\Hyperspectral_normal_images\Hyperspectral_kidney_normal_0516.jpg,Normal,0
validation,dataset\Hyperspectral_tumor_images\Hyperspectral_kidney_tumor_2805.jpg,Tumor,1
validation,dataset\Hyperspectral_normal_images\Hyperspectral_kidney_normal_0148.jpg,Normal,0
validation,dataset\Hyperspectral_normal_images\Hyperspectral_kidney_normal_3053.jpg,Normal,0
validation,dataset\Hyperspectral_tumor_images\Hyperspectral_kidney_tumor_3803.jpg,Tumor,1
validation,dataset\Hyperspectral_normal_images\Hyperspectral_kidney_normal_0748.jpg,Normal,0
validation,dataset\Hyperspectral_tumor_images\Hyperspectral_kidney_tumor_0079.jpg,Tumor,1
validation,dataset\Hyperspectral_normal_images\Hyperspectral_kidney_normal_0556.jpg,Normal,0
validation,dataset\Hyperspectral_tumor_images\Hyperspectral_kidney_tumor_3910.jpg,Tumor,1
validation,dataset\Hyperspectral_tumor_images\Hyperspectral_kidney_tumor_1041.jpg,Tumor,1
validation,dataset\Hyperspectral_tumor_images\Hyperspectral_kidney_tumor_1276.jpg,Tumor,1
validation,dataset\Hyperspectral_tumor_images\Hyperspectral_kidney_tumor_0765.jpg,Tumor,1
validation,dataset\Hyperspectral_tumor_images\Hyperspectral_kidney_tumor_3100.jpg,Tumor,1
validation,dataset\Hyperspectral_normal_images\Hyperspectral_kidney_normal_3039.jpg,Normal,0
validation,dataset\Hyperspectral_tumor_images\Hyperspectral_kidney_tumor_2455.jpg,Tumor,1
validation,dataset\Hyperspectral_tumor_images\Hyperspectral_kidney_tumor_4368.jpg,Tumor,1
validation,dataset\Hyperspectral_normal_images\Hyperspectral_kidney_normal_2320.jpg,Normal,0
validation,dataset\Hyperspectral_normal_images\Hyperspectral_kidney_normal_3115.jpg,Normal,0
validation,dataset\Hyperspectral_normal_images\Hyperspectral_kidney_normal_4480.jpg,Normal,0
validation,dataset\Hyperspectral_normal_images\Hyperspectral_kidney_normal_2546.jpg,Normal,0
validation,dataset\Hyperspectral_tumor_images\Hyperspectral_kidney_tumor_0274.jpg,Tumor,1
validation,dataset\Hyperspectral_tumor_images\Hyperspectral_kidney_tumor_1112.jpg,Tumor,1
validation,dataset\Hyperspectral_tumor_images\Hyperspectral_kidney_tumor_0648.jpg,Tumor,1
validation,dataset\Hyperspectral_tumor_images\Hyperspectral_kidney_tumor_4998.jpg,Tumor,1
validation,dataset\Hyperspectral_tumor_images\Hyperspectral_kidney_tumor_4881.jpg,Tumor,1
validation,dataset\Hyperspectral_normal_images\Hyperspectral_kidney_normal_4450.jpg,Normal,0
validation,dataset\Hyperspectral_normal_images\Hyperspectral_kidney_normal_3041.jpg,Normal,0
validation,dataset\Hyperspectral_tumor_images\Hyperspectral_kidney_tumor_0804.jpg,Tumor,1
validation,dataset\Hyperspectral_tumor_images\Hyperspectral_kidney_tumor_2763.jpg,Tumor,1
validation,dataset\Hyperspectral_tumor_images\Hyperspectral_kidney_tumor_4540.jpg,Tumor,1
validation,dataset\Hyperspectral_normal_images\Hyperspectral_kidney_normal_4247.jpg,Normal,0
validation,dataset\Hyperspectral_tumor_images\Hyperspectral_kidney_tumor_3368.jpg,Tumor,1
validation,dataset\Hyperspectral_normal_images\Hyperspectral_kidney_normal_2406.jpg,Normal,0
validation,dataset\Hyperspectral_normal_images\Hyperspectral_kidney_normal_0932.jpg,Normal,0
validation,dataset\Hyperspectral_tumor_images\Hyperspectral_kidney_tumor_4676.jpg,Tumor,1
validation,dataset\Hyperspectral_tumor_images\Hyperspectral_kidney_tumor_2144.jpg,Tumor,1
validation,dataset\Hyperspectral_normal_images\Hyperspectral_kidney_normal_0445.jpg,Normal,0
validation,dataset\Hyperspectral_normal_images\Hyperspectral_kidney_normal_3324.jpg,Normal,0
validation,dataset\Hyperspectral_normal_images\Hyperspectral_kidney_normal_2231.jpg,Normal,0
validation,dataset\Hyperspectral_tumor_images\Hyperspectral_kidney_tumor_1148.jpg,Tumor,1
validation,dataset\Hyperspectral_normal_images\Hyperspectral_kidney_normal_3489.jpg,Normal,0
validation,dataset\Hyperspectral_normal_images\Hyperspectral_kidney_normal_1041.jpg,Normal,0
validation,dataset\Hyperspectral_tumor_images\Hyperspectral_kidney_tumor_1710.jpg,Tumor,1
validation,dataset\Hyperspectral_tumor_images\Hyperspectral_kidney_tumor_4627.jpg,Tumor,1
validation,dataset\Hyperspectral_tumor_images\Hyperspectral_kidney_tumor_2441.jpg,Tumor,1
validation,dataset\Hyperspectral_normal_images\Hyperspectral_kidney_normal_3209.jpg,Normal,0
validation,dataset\Hyperspectral_tumor_images\Hyperspectral_kidney_tumor_0361.jpg,Tumor,1
validation,dataset\Hyperspectral_normal_images\Hyperspectral_kidney_normal_1704.jpg,Normal,0
validation,dataset\Hyperspectral_normal_images\Hyperspectral_kidney_normal_3304.jpg,Normal,0
validation,dataset\Hyperspectral_normal_images\Hyperspectral_kidney_normal_4184.jpg,Normal,0
validation,dataset\Hyperspectral_normal_images\Hyperspectral_kidney_normal_3307.jpg,Normal,0
validation,dataset\Hyperspectral_normal_images\Hyperspectral_kidney_normal_0633.jpg,Normal,0
validation,dataset\Hyperspectral_tumor_images\Hyperspectral_kidney_tumor_3922.jpg,Tumor,1
validation,dataset\Hyperspectral_normal_images\Hyperspectral_kidney_normal_3694.jpg,Normal,0
validation,dataset\Hyperspectral_normal_images\Hyperspectral_kidney_normal_1688.jpg,Normal,0
validation,dataset\Hyperspectral_normal_images\Hyperspectral_kidney_normal_1621.jpg,Normal,0
validation,dataset\Hyperspectral_tumor_images\Hyperspectral_kidney_tumor_2000.jpg,Tumor,1
validation,dataset\Hyperspectral_tumor_images\Hyperspectral_kidney_tumor_1488.jpg,Tumor,1
validation,dataset\Hyperspectral_normal_images\Hyperspectral_kidney_normal_2872.jpg,Normal,0
validation,dataset\Hyperspectral_normal_images\Hyperspectral_kidney_normal_4415.jpg,Normal,0
validation,dataset\Hyperspectral_tumor_images\Hyperspectral_kidney_tumor_4320.jpg,Tumor,1
validation,dataset\Hyperspectral_tumor_images\Hyperspectral_kidney_tumor_2146.jpg,Tumor,1
validation,dataset\Hyperspectral_normal_images\Hyperspectral_kidney_normal_2618.jpg,Normal,0
validation,dataset\Hyperspectral_normal_images\Hyperspectral_kidney_normal_1849.jpg,Normal,0
validation,dataset\Hyperspectral_tumor_images\Hyperspectral_kidney_tumor_2388.jpg,Tumor,1
validation,dataset\Hyperspectral_normal_images\Hyperspectral_kidney_normal_3596.jpg,Normal,0
validation,dataset\Hyperspectral_tumor_images\Hyperspectral_kidney_tumor_0159.jpg,Tumor,1
validation,dataset\Hyperspectral_normal_images\Hyperspectral_kidney_normal_4034.jpg,Normal,0
validation,dataset\Hyperspectral_tumor_images\Hyperspectral_kidney_tumor_3525.jpg,Tumor,1
validation,dataset\Hyperspectral_tumor_images\Hyperspectral_kidney_tumor_0433.jpg,Tumor,1
validation,dataset\Hyperspectral_normal_images\Hyperspectral_kidney_normal_1247.jpg,Normal,0
validation,dataset\Hyperspectral_normal_images\Hyperspectral_kidney_normal_0593.jpg,Normal,0
validation,dataset\Hyperspectral_normal_images\Hyperspectral_kidney_normal_2514.jpg,Normal,0
validation,dataset\Hyperspectral_normal_images\Hyperspectral_kidney_normal_3869.jpg,Normal,0
validation,dataset\Hyperspectral_tumor_images\Hyperspectral_kidney_tumor_2288.jpg,Tumor,1
validation,dataset\Hyperspectral_tumor_images\Hyperspectral_kidney_tumor_2342.jpg,Tumor,1
validation,dataset\Hyperspectral_tumor_images\Hyperspectral_kidney_tumor_4749.jpg,Tumor,1
validation,dataset\Hyperspectral_tumor_images\Hyperspectral_kidney_tumor_4074.jpg,Tumor,1
validation,dataset\Hyperspectral_normal_images\Hyperspectral_kidney_normal_0857.jpg,Normal,0
validation,dataset\Hyperspectral_tumor_images\Hyperspectral_kidney_tumor_2889.jpg,Tumor,1
validation,dataset\Hyperspectral_tumor_images\Hyperspectral_kidney_tumor_1616.jpg,Tumor,1
validation,dataset\Hyperspectral_tumor_images\Hyperspectral_kidney_tumor_4818.jpg,Tumor,1
validation,dataset\Hyperspectral_normal_images\Hyperspectral_kidney_normal_2155.jpg,Normal,0
validation,dataset\Hyperspectral_tumor_images\Hyperspectral_kidney_tumor_0622.jpg,Tumor,1
validation,dataset\Hyperspectral_tumor_images\Hyperspectral_kidney_tumor_2994.jpg,Tumor,1
validation,dataset\Hyperspectral_normal_images\Hyperspectral_kidney_normal_1318.jpg,Normal,0
validation,dataset\Hyperspectral_tumor_images\Hyperspectral_kidney_tumor_0781.jpg,Tumor,1
validation,dataset\Hyperspectral_normal_images\Hyperspectral_kidney_normal_3899.jpg,Normal,0
validation,dataset\Hyperspectral_tumor_images\Hyperspectral_kidney_tumor_1239.jpg,Tumor,1
validation,dataset\Hyperspectral_tumor_images\Hyperspectral_kidney_tumor_4670.jpg,Tumor,1
validation,dataset\Hyperspectral_normal_images\Hyperspectral_kidney_normal_3753.jpg,Normal,0
validation,dataset\Hyperspectral_normal_images\Hyperspectral_kidney_normal_2361.jpg,Normal,0
validation,dataset\Hyperspectral_tumor_images\Hyperspectral_kidney_tumor_1024.jpg,Tumor,1
validation,dataset\Hyperspectral_normal_images\Hyperspectral_kidney_normal_1567.jpg,Normal,0
validation,dataset\Hyperspectral_tumor_images\Hyperspectral_kidney_tumor_2155.jpg,Tumor,1
validation,dataset\Hyperspectral_tumor_images\Hyperspectral_kidney_tumor_0877.jpg,Tumor,1
validation,dataset\Hyperspectral_tumor_images\Hyperspectral_kidney_tumor_2979.jpg,Tumor,1
validation,dataset\Hyperspectral_normal_images\Hyperspectral_kidney_normal_2594.jpg,Normal,0
validation,dataset\Hyperspectral_normal_images\Hyperspectral_kidney_normal_0520.jpg,Normal,0
validation,dataset\Hyperspectral_normal_images\Hyperspectral_kidney_normal_3111.jpg,Normal,0
validation,dataset\Hyperspectral_tumor_images\Hyperspectral_kidney_tumor_3355.jpg,Tumor,1
validation,dataset\Hyperspectral_tumor_images\Hyperspectral_kidney_tumor_1841.jpg,Tumor,1
validation,dataset\Hyperspectral_normal_images\Hyperspectral_kidney_normal_4633.jpg,Normal,0
validation,dataset\Hyperspectral_normal_images\Hyperspectral_kidney_normal_2174.jpg,Normal,0
validation,dataset\Hyperspectral_tumor_images\Hyperspectral_kidney_tumor_1886.jpg,Tumor,1
validation,dataset\Hyperspectral_normal_images\Hyperspectral_kidney_normal_3262.jpg,Normal,0
validation,dataset\Hyperspectral_normal_images\Hyperspectral_kidney_normal_0722.jpg,Normal,0
validation,dataset\Hyperspectral_tumor_images\Hyperspectral_kidney_tumor_4900.jpg,Tumor,1
validation,dataset\Hyperspectral_normal_images\Hyperspectral_kidney_normal_0963.jpg,Normal,0
validation,dataset\Hyperspectral_normal_images\Hyperspectral_kidney_normal_3898.jpg,Normal,0
validation,dataset\Hyperspectral_normal_images\Hyperspectral_kidney_normal_2522.jpg,Normal,0
validation,dataset\Hyperspectral_tumor_images\Hyperspectral_kidney_tumor_3421.jpg,Tumor,1
validation,dataset\Hyperspectral_tumor_images\Hyperspectral_kidney_tumor_4004.jpg,Tumor,1
validation,dataset\Hyperspectral_tumor_images\Hyperspectral_kidney_tumor_1970.jpg,Tumor,1
validation,dataset\Hyperspectral_tumor_images\Hyperspectral_kidney_tumor_3426.jpg,Tumor,1
validation,dataset\Hyperspectral_tumor_images\Hyperspectral_kidney_tumor_1270.jpg,Tumor,1
validation,dataset\Hyperspectral_normal_images\Hyperspectral_kidney_normal_3150.jpg,Normal,0
validation,dataset\Hyperspectral_normal_images\Hyperspectral_kidney_normal_2177.jpg,Normal,0
validation,dataset\Hyperspectral_normal_images\Hyperspectral_kidney_normal_1280.jpg,Normal,0
validation,dataset\Hyperspectral_normal_images\Hyperspectral_kidney_normal_4248.jpg,Normal,0
validation,dataset\Hyperspectral_normal_images\Hyperspectral_kidney_normal_3971.jpg,Normal,0
validation,dataset\Hyperspectral_tumor_images\Hyperspectral_kidney_tumor_1689.jpg,Tumor,1
validation,dataset\Hyperspectral_normal_images\Hyperspectral_kidney_normal_3095.jpg,Normal,0
validation,dataset\Hyperspectral_tumor_images\Hyperspectral_kidney_tumor_4514.jpg,Tumor,1
validation,dataset\Hyperspectral_tumor_images\Hyperspectral_kidney_tumor_1370.jpg,Tumor,1
validation,dataset\Hyperspectral_normal_images\Hyperspectral_kidney_normal_1435.jpg,Normal,0
validation,dataset\Hyperspectral_tumor_images\Hyperspectral_kidney_tumor_2564.jpg,Tumor,1
validation,dataset\Hyperspectral_normal_images\Hyperspectral_kidney_normal_0307.jpg,Normal,0
validation,dataset\Hyperspectral_normal_images\Hyperspectral_kidney_normal_3855.jpg,Normal,0
validation,dataset\Hyperspectral_tumor_images\Hyperspectral_kidney_tumor_4603.jpg,Tumor,1
validation,dataset\Hyperspectral_normal_images\Hyperspectral_kidney_normal_0615.jpg,Normal,0
validation,dataset\Hyperspectral_tumor_images\Hyperspectral_kidney_tumor_1089.jpg,Tumor,1
validation,dataset\Hyperspectral_tumor_images\Hyperspectral_kidney_tumor_1377.jpg,Tumor,1
validation,dataset\Hyperspectral_normal_images\Hyperspectral_kidney_normal_1346.jpg,Normal,0
validation,dataset\Hyperspectral_tumor_images\Hyperspectral_kidney_tumor_0532.jpg,Tumor,1
validation,dataset\Hyperspectral_normal_images\Hyperspectral_kidney_normal_2838.jpg,Normal,0
validation,dataset\Hyperspectral_normal_images\Hyperspectral_kidney_normal_3738.jpg,Normal,0
validation,dataset\Hyperspectral_normal_images\Hyperspectral_kidney_normal_4567.jpg,Normal,0
validation,dataset\Hyperspectral_tumor_images\Hyperspectral_kidney_tumor_4349.jpg,Tumor,1
validation,dataset\Hyperspectral_tumor_images\Hyperspectral_kidney_tumor_2553.jpg,Tumor,1
validation,dataset\Hyperspectral_normal_images\Hyperspectral_kidney_normal_2355.jpg,Normal,0
validation,dataset\Hyperspectral_normal_images\Hyperspectral_kidney_normal_1965.jpg,Normal,0
validation,dataset\Hyperspectral_tumor_images\Hyperspectral_kidney_tumor_0001.jpg,Tumor,1
validation,dataset\Hyperspectral_tumor_images\Hyperspectral_kidney_tumor_1627.jpg,Tumor,1
validation,dataset\Hyperspectral_tumor_images\Hyperspectral_kidney_tumor_3510.jpg,Tumor,1
validation,dataset\Hyperspectral_normal_images\Hyperspectral_kidney_normal_2633.jpg,Normal,0
validation,dataset\Hyperspectral_tumor_images\Hyperspectral_kidney_tumor_3774.jpg,Tumor,1
validation,dataset\Hyperspectral_normal_images\Hyperspectral_kidney_normal_0437.jpg,Normal,0
validation,dataset\Hyperspectral_tumor_images\Hyperspectral_kidney_tumor_4853.jpg,Tumor,1
validation,dataset\Hyperspectral_tumor_images\Hyperspectral_kidney_tumor_4152.jpg,Tumor,1
validation,dataset\Hyperspectral_normal_images\Hyperspectral_kidney_normal_3976.jpg,Normal,0
validation,dataset\Hyperspectral_normal_images\Hyperspectral_kidney_normal_2571.jpg,Normal,0
validation,dataset\Hyperspectral_normal_images\Hyperspectral_kidney_normal_4673.jpg,Normal,0
validation,dataset\Hyperspectral_normal_images\Hyperspectral_kidney_normal_1622.jpg,Normal,0
validation,dataset\Hyperspectral_normal_images\Hyperspectral_kidney_normal_4843.jpg,Normal,0
validation,dataset\Hyperspectral_tumor_images\Hyperspectral_kidney_tumor_2322.jpg,Tumor,1
validation,dataset\Hyperspectral_normal_images\Hyperspectral_kidney_normal_4846.jpg,Normal,0
validation,dataset\Hyperspectral_tumor_images\Hyperspectral_kidney_tumor_0167.jpg,Tumor,1
validation,dataset\Hyperspectral_tumor_images\Hyperspectral_kidney_tumor_1412.jpg,Tumor,1
validation,dataset\Hyperspectral_tumor_images\Hyperspectral_kidney_tumor_1986.jpg,Tumor,1
validation,dataset\Hyperspectral_tumor_images\Hyperspectral_kidney_tumor_1360.jpg,Tumor,1
validation,dataset\Hyperspectral_normal_images\Hyperspectral_kidney_normal_4896.jpg,Normal,0
validation,dataset\Hyperspectral_tumor_images\Hyperspectral_kidney_tumor_2095.jpg,Tumor,1
validation,dataset\Hyperspectral_normal_images\Hyperspectral_kidney_normal_4945.jpg,Normal,0
validation,dataset\Hyperspectral_normal_images\Hyperspectral_kidney_normal_1534.jpg,Normal,0
validation,dataset\Hyperspectral_normal_images\Hyperspectral_kidney_normal_1817.jpg,Normal,0
validation,dataset\Hyperspectral_tumor_images\Hyperspectral_kidney_tumor_3878.jpg,Tumor,1
validation,dataset\Hyperspectral_tumor_images\Hyperspectral_kidney_tumor_3139.jpg,Tumor,1
validation,dataset\Hyperspectral_tumor_images\Hyperspectral_kidney_tumor_4830.jpg,Tumor,1
validation,dataset\Hyperspectral_tumor_images\Hyperspectral_kidney_tumor_3459.jpg,Tumor,1
validation,dataset\Hyperspectral_tumor_images\Hyperspectral_kidney_tumor_1575.jpg,Tumor,1
validation,dataset\Hyperspectral_normal_images\Hyperspectral_kidney_normal_2724.jpg,Normal,0
validation,dataset\Hyperspectral_tumor_images\Hyperspectral_kidney_tumor_3617.jpg,Tumor,1
validation,dataset\Hyperspectral_tumor_images\Hyperspectral_kidney_tumor_0605.jpg,Tumor,1
validation,dataset\Hyperspectral_tumor_images\Hyperspectral_kidney_tumor_3254.jpg,Tumor,1
validation,dataset\Hyperspectral_tumor_images\Hyperspectral_kidney_tumor_2048.jpg,Tumor,1
validation,dataset\Hyperspectral_normal_images\Hyperspectral_kidney_normal_2731.jpg,Normal,0
validation,dataset\Hyperspectral_normal_images\Hyperspectral_kidney_normal_0908.jpg,Normal,0
validation,dataset\Hyperspectral_tumor_images\Hyperspectral_kidney_tumor_3046.jpg,Tumor,1
validation,dataset\Hyperspectral_tumor_images\Hyperspectral_kidney_tumor_1977.jpg,Tumor,1
validation,dataset\Hyperspectral_tumor_images\Hyperspectral_kidney_tumor_0639.jpg,Tumor,1
validation,dataset\Hyperspectral_normal_images\Hyperspectral_kidney_normal_3187.jpg,Normal,0
validation,dataset\Hyperspectral_tumor_images\Hyperspectral_kidney_tumor_3410.jpg,Tumor,1
validation,dataset\Hyperspectral_tumor_images\Hyperspectral_kidney_tumor_0749.jpg,Tumor,1
validation,dataset\Hyperspectral_tumor_images\Hyperspectral_kidney_tumor_3131.jpg,Tumor,1
validation,dataset\Hyperspectral_tumor_images\Hyperspectral_kidney_tumor_0154.jpg,Tumor,1
validation,dataset\Hyperspectral_normal_images\Hyperspectral_kidney_normal_3051.jpg,Normal,0
validation,dataset\Hyperspectral_tumor_images\Hyperspectral_kidney_tumor_3793.jpg,Tumor,1
validation,dataset\Hyperspectral_tumor_images\Hyperspectral_kidney_tumor_3783.jpg,Tumor,1
validation,dataset\Hyperspectral_normal_images\Hyperspectral_kidney_normal_3465.jpg,Normal,0
validation,dataset\Hyperspectral_normal_images\Hyperspectral_kidney_normal_1131.jpg,Normal,0
validation,dataset\Hyperspectral_normal_images\Hyperspectral_kidney_normal_2484.jpg,Normal,0
validation,dataset\Hyperspectral_tumor_images\Hyperspectral_kidney_tumor_2013.jpg,Tumor,1
validation,dataset\Hyperspectral_tumor_images\Hyperspectral_kidney_tumor_3030.jpg,Tumor,1
validation,dataset\Hyperspectral_tumor_images\Hyperspectral_kidney_tumor_4880.jpg,Tumor,1
validation,dataset\Hyperspectral_tumor_images\Hyperspectral_kidney_tumor_2685.jpg,Tumor,1
validation,dataset\Hyperspectral_tumor_images\Hyperspectral_kidney_tumor_1633.jpg,Tumor,1
validation,dataset\Hyperspectral_normal_images\Hyperspectral_kidney_normal_2944.jpg,Normal,0
validation,dataset\Hyperspectral_normal_images\Hyperspectral_kidney_normal_3400.jpg,Normal,0
validation,dataset\Hyperspectral_normal_images\Hyperspectral_kidney_normal_1976.jpg,Normal,0
validation,dataset\Hyperspectral_normal_images\Hyperspectral_kidney_normal_4983.jpg,Normal,0
validation,dataset\Hyperspectral_normal_images\Hyperspectral_kidney_normal_2708.jpg,Normal,0
validation,dataset\Hyperspectral_tumor_images\Hyperspectral_kidney_tumor_4010.jpg,Tumor,1
validation,dataset\Hyperspectral_tumor_images\Hyperspectral_kidney_tumor_4270.jpg,Tumor,1
validation,dataset\Hyperspectral_normal_images\Hyperspectral_kidney_normal_3239.jpg,Normal,0
validation,dataset\Hyperspectral_tumor_images\Hyperspectral_kidney_tumor_3196.jpg,Tumor,1
validation,dataset\Hyperspectral_tumor_images\Hyperspectral_kidney_tumor_1770.jpg,Tumor,1
validation,dataset\Hyperspectral_tumor_images\Hyperspectral_kidney_tumor_4113.jpg,Tumor,1
validation,dataset\Hyperspectral_tumor_images\Hyperspectral_kidney_tumor_4801.jpg,Tumor,1
validation,dataset\Hyperspectral_normal_images\Hyperspectral_kidney_normal_4663.jpg,Normal,0
validation,dataset\Hyperspectral_tumor_images\Hyperspectral_kidney_tumor_0579.jpg,Tumor,1
validation,dataset\Hyperspectral_tumor_images\Hyperspectral_kidney_tumor_0485.jpg,Tumor,1
validation,dataset\Hyperspectral_tumor_images\Hyperspectral_kidney_tumor_3731.jpg,Tumor,1
validation,dataset\Hyperspectral_normal_images\Hyperspectral_kidney_normal_3375.jpg,Normal,0
validation,dataset\Hyperspectral_tumor_images\Hyperspectral_kidney_tumor_0657.jpg,Tumor,1
validation,dataset\Hyperspectral_normal_images\Hyperspectral_kidney_normal_3563.jpg,Normal,0
validation,dataset\Hyperspectral_tumor_images\Hyperspectral_kidney_tumor_0294.jpg,Tumor,1
validation,dataset\Hyperspectral_tumor_images\Hyperspectral_kidney_tumor_2971.jpg,Tumor,1
validation,dataset\Hyperspectral_tumor_images\Hyperspectral_kidney_tumor_1019.jpg,Tumor,1
validation,dataset\Hyperspectral_tumor_images\Hyperspectral_kidney_tumor_0230.jpg,Tumor,1
validation,dataset\Hyperspectral_tumor_images\Hyperspectral_kidney_tumor_3104.jpg,Tumor,1
validation,dataset\Hyperspectral_normal_images\Hyperspectral_kidney_normal_1582.jpg,Normal,0
validation,dataset\Hyperspectral_normal_images\Hyperspectral_kidney_normal_4809.jpg,Normal,0
validation,dataset\Hyperspectral_tumor_images\Hyperspectral_kidney_tumor_4353.jpg,Tumor,1
validation,dataset\Hyperspectral_tumor_images\Hyperspectral_kidney_tumor_2230.jpg,Tumor,1
validation,dataset\Hyperspectral_tumor_images\Hyperspectral_kidney_tumor_2337.jpg,Tumor,1
validation,dataset\Hyperspectral_tumor_images\Hyperspectral_kidney_tumor_2778.jpg,Tumor,1
validation,dataset\Hyperspectral_normal_images\Hyperspectral_kidney_normal_0088.jpg,Normal,0
validation,dataset\Hyperspectral_normal_images\Hyperspectral_kidney_normal_1883.jpg,Normal,0
validation,dataset\Hyperspectral_normal_images\Hyperspectral_kidney_normal_2298.jpg,Normal,0
validation,dataset\Hyperspectral_normal_images\Hyperspectral_kidney_normal_2810.jpg,Normal,0
validation,dataset\Hyperspectral_normal_images\Hyperspectral_kidney_normal_4207.jpg,Normal,0
validation,dataset\Hyperspectral_tumor_images\Hyperspectral_kidney_tumor_2974.jpg,Tumor,1
validation,dataset\Hyperspectral_tumor_images\Hyperspectral_kidney_tumor_3032.jpg,Tumor,1
validation,dataset\Hyperspectral_tumor_images\Hyperspectral_kidney_tumor_1696.jpg,Tumor,1
validation,dataset\Hyperspectral_tumor_images\Hyperspectral_kidney_tumor_0777.jpg,Tumor,1
validation,dataset\Hyperspectral_normal_images\Hyperspectral_kidney_normal_2693.jpg,Normal,0
validation,dataset\Hyperspectral_tumor_images\Hyperspectral_kidney_tumor_2704.jpg,Tumor,1
validation,dataset\Hyperspectral_tumor_images\Hyperspectral_kidney_tumor_1930.jpg,Tumor,1
validation,dataset\Hyperspectral_normal_images\Hyperspectral_kidney_normal_0919.jpg,Normal,0
validation,dataset\Hyperspectral_tumor_images\Hyperspectral_kidney_tumor_4544.jpg,Tumor,1
validation,dataset\Hyperspectral_normal_images\Hyperspectral_kidney_normal_1436.jpg,Normal,0
validation,dataset\Hyperspectral_normal_images\Hyperspectral_kidney_normal_1850.jpg,Normal,0
validation,dataset\Hyperspectral_tumor_images\Hyperspectral_kidney_tumor_4404.jpg,Tumor,1
validation,dataset\Hyperspectral_tumor_images\Hyperspectral_kidney_tumor_0289.jpg,Tumor,1
validation,dataset\Hyperspectral_normal_images\Hyperspectral_kidney_normal_2217.jpg,Normal,0
validation,dataset\Hyperspectral_tumor_images\Hyperspectral_kidney_tumor_1567.jpg,Tumor,1
validation,dataset\Hyperspectral_tumor_images\Hyperspectral_kidney_tumor_0068.jpg,Tumor,1
validation,dataset\Hyperspectral_tumor_images\Hyperspectral_kidney_tumor_2121.jpg,Tumor,1
validation,dataset\Hyperspectral_tumor_images\Hyperspectral_kidney_tumor_2953.jpg,Tumor,1
validation,dataset\Hyperspectral_tumor_images\Hyperspectral_kidney_tumor_3840.jpg,Tumor,1
validation,dataset\Hyperspectral_normal_images\Hyperspectral_kidney_normal_0624.jpg,Normal,0
validation,dataset\Hyperspectral_tumor_images\Hyperspectral_kidney_tumor_2527.jpg,Tumor,1
validation,dataset\Hyperspectral_normal_images\Hyperspectral_kidney_normal_2799.jpg,Normal,0
validation,dataset\Hyperspectral_normal_images\Hyperspectral_kidney_normal_1680.jpg,Normal,0
validation,dataset\Hyperspectral_tumor_images\Hyperspectral_kidney_tumor_4252.jpg,Tumor,1
validation,dataset\Hyperspectral_tumor_images\Hyperspectral_kidney_tumor_3326.jpg,Tumor,1
validation,dataset\Hyperspectral_tumor_images\Hyperspectral_kidney_tumor_0823.jpg,Tumor,1
validation,dataset\Hyperspectral_normal_images\Hyperspectral_kidney_normal_4979.jpg,Normal,0
validation,dataset\Hyperspectral_normal_images\Hyperspectral_kidney_normal_4980.jpg,Normal,0
validation,dataset\Hyperspectral_tumor_images\Hyperspectral_kidney_tumor_2556.jpg,Tumor,1
validation,dataset\Hyperspectral_tumor_images\Hyperspectral_kidney_tumor_2147.jpg,Tumor,1
validation,dataset\Hyperspectral_normal_images\Hyperspectral_kidney_normal_1725.jpg,Normal,0
validation,dataset\Hyperspectral_tumor_images\Hyperspectral_kidney_tumor_1612.jpg,Tumor,1
validation,dataset\Hyperspectral_normal_images\Hyperspectral_kidney_normal_2259.jpg,Normal,0
validation,dataset\Hyperspectral_normal_images\Hyperspectral_kidney_normal_3777.jpg,Normal,0
validation,dataset\Hyperspectral_tumor_images\Hyperspectral_kidney_tumor_0387.jpg,Tumor,1
validation,dataset\Hyperspectral_normal_images\Hyperspectral_kidney_normal_2362.jpg,Normal,0
validation,dataset\Hyperspectral_normal_images\Hyperspectral_kidney_normal_1387.jpg,Normal,0
validation,dataset\Hyperspectral_normal_images\Hyperspectral_kidney_normal_1924.jpg,Normal,0
validation,dataset\Hyperspectral_tumor_images\Hyperspectral_kidney_tumor_3185.jpg,Tumor,1
validation,dataset\Hyperspectral_normal_images\Hyperspectral_kidney_normal_1424.jpg,Normal,0
validation,dataset\Hyperspectral_normal_images\Hyperspectral_kidney_normal_2460.jpg,Normal,0
validation,dataset\Hyperspectral_normal_images\Hyperspectral_kidney_normal_3296.jpg,Normal,0
validation,dataset\Hyperspectral_tumor_images\Hyperspectral_kidney_tumor_4502.jpg,Tumor,1
validation,dataset\Hyperspectral_tumor_images\Hyperspectral_kidney_tumor_4044.jpg,Tumor,1
validation,dataset\Hyperspectral_normal_images\Hyperspectral_kidney_normal_3295.jpg,Normal,0
validation,dataset\Hyperspectral_tumor_images\Hyperspectral_kidney_tumor_4929.jpg,Tumor,1
validation,dataset\Hyperspectral_normal_images\Hyperspectral_kidney_normal_3742.jpg,Normal,0
validation,dataset\Hyperspectral_normal_images\Hyperspectral_kidney_normal_4042.jpg,Normal,0
validation,dataset\Hyperspectral_normal_images\Hyperspectral_kidney_normal_1859.jpg,Normal,0
validation,dataset\Hyperspectral_tumor_images\Hyperspectral_kidney_tumor_4682.jpg,Tumor,1
validation,dataset\Hyperspectral_normal_images\Hyperspectral_kidney_normal_0126.jpg,Normal,0
validation,dataset\Hyperspectral_tumor_images\Hyperspectral_kidney_tumor_4639.jpg,Tumor,1
validation,dataset\Hyperspectral_normal_images\Hyperspectral_kidney_normal_0941.jpg,Normal,0
validation,dataset\Hyperspectral_normal_images\Hyperspectral_kidney_normal_2828.jpg,Normal,0
validation,dataset\Hyperspectral_normal_images\Hyperspectral_kidney_normal_1287.jpg,Normal,0
validation,dataset\Hyperspectral_normal_images\Hyperspectral_kidney_normal_4677.jpg,Normal,0
validation,dataset\Hyperspectral_tumor_images\Hyperspectral_kidney_tumor_0760.jpg,Tumor,1
validation,dataset\Hyperspectral_normal_images\Hyperspectral_kidney_normal_3726.jpg,Normal,0
validation,dataset\Hyperspectral_tumor_images\Hyperspectral_kidney_tumor_2660.jpg,Tumor,1
validation,dataset\Hyperspectral_tumor_images\Hyperspectral_kidney_tumor_2848.jpg,Tumor,1
validation,dataset\Hyperspectral_normal_images\Hyperspectral_kidney_normal_4912.jpg,Normal,0
validation,dataset\Hyperspectral_normal_images\Hyperspectral_kidney_normal_4309.jpg,Normal,0
validation,dataset\Hyperspectral_normal_images\Hyperspectral_kidney_normal_4454.jpg,Normal,0
validation,dataset\Hyperspectral_normal_images\Hyperspectral_kidney_normal_4534.jpg,Normal,0
validation,dataset\Hyperspectral_tumor_images\Hyperspectral_kidney_tumor_1292.jpg,Tumor,1
validation,dataset\Hyperspectral_normal_images\Hyperspectral_kidney_normal_3050.jpg,Normal,0
validation,dataset\Hyperspectral_tumor_images\Hyperspectral_kidney_tumor_0218.jpg,Tumor,1
validation,dataset\Hyperspectral_normal_images\Hyperspectral_kidney_normal_4434.jpg,Normal,0
validation,dataset\Hyperspectral_tumor_images\Hyperspectral_kidney_tumor_0891.jpg,Tumor,1
validation,dataset\Hyperspectral_tumor_images\Hyperspectral_kidney_tumor_4376.jpg,Tumor,1
validation,dataset\Hyperspectral_normal_images\Hyperspectral_kidney_normal_4687.jpg,Normal,0
validation,dataset\Hyperspectral_normal_images\Hyperspectral_kidney_normal_4543.jpg,Normal,0
validation,dataset\Hyperspectral_tumor_images\Hyperspectral_kidney_tumor_1442.jpg,Tumor,1
validation,dataset\Hyperspectral_normal_images\Hyperspectral_kidney_normal_1518.jpg,Normal,0
validation,dataset\Hyperspectral_tumor_images\Hyperspectral_kidney_tumor_4992.jpg,Tumor,1
validation,dataset\Hyperspectral_tumor_images\Hyperspectral_kidney_tumor_1539.jpg,Tumor,1
validation,dataset\Hyperspectral_tumor_images\Hyperspectral_kidney_tumor_0075.jpg,Tumor,1
validation,dataset\Hyperspectral_tumor_images\Hyperspectral_kidney_tumor_0885.jpg,Tumor,1
validation,dataset\Hyperspectral_tumor_images\Hyperspectral_kidney_tumor_3799.jpg,Tumor,1
validation,dataset\Hyperspectral_tumor_images\Hyperspectral_kidney_tumor_2688.jpg,Tumor,1
validation,dataset\Hyperspectral_tumor_images\Hyperspectral_kidney_tumor_0089.jpg,Tumor,1
validation,dataset\Hyperspectral_normal_images\Hyperspectral_kidney_normal_3701.jpg,Normal,0
validation,dataset\Hyperspectral_tumor_images\Hyperspectral_kidney_tumor_1444.jpg,Tumor,1
validation,dataset\Hyperspectral_normal_images\Hyperspectral_kidney_normal_1087.jpg,Normal,0
validation,dataset\Hyperspectral_tumor_images\Hyperspectral_kidney_tumor_1131.jpg,Tumor,1
validation,dataset\Hyperspectral_normal_images\Hyperspectral_kidney_normal_2745.jpg,Normal,0
validation,dataset\Hyperspectral_normal_images\Hyperspectral_kidney_normal_3821.jpg,Normal,0
validation,dataset\Hyperspectral_tumor_images\Hyperspectral_kidney_tumor_2350.jpg,Tumor,1
validation,dataset\Hyperspectral_normal_images\Hyperspectral_kidney_normal_3577.jpg,Normal,0
validation,dataset\Hyperspectral_normal_images\Hyperspectral_kidney_normal_2843.jpg,Normal,0
validation,dataset\Hyperspectral_tumor_images\Hyperspectral_kidney_tumor_1479.jpg,Tumor,1
validation,dataset\Hyperspectral_tumor_images\Hyperspectral_kidney_tumor_0395.jpg,Tumor,1
validation,dataset\Hyperspectral_tumor_images\Hyperspectral_kidney_tumor_2984.jpg,Tumor,1
validation,dataset\Hyperspectral_tumor_images\Hyperspectral_kidney_tumor_1919.jpg,Tumor,1
validation,dataset\Hyperspectral_tumor_images\Hyperspectral_kidney_tumor_1426.jpg,Tumor,1
validation,dataset\Hyperspectral_normal_images\Hyperspectral_kidney_normal_0584.jpg,Normal,0
validation,dataset\Hyperspectral_normal_images\Hyperspectral_kidney_normal_0925.jpg,Normal,0
validation,dataset\Hyperspectral_normal_images\Hyperspectral_kidney_normal_2035.jpg,Normal,0
validation,dataset\Hyperspectral_normal_images\Hyperspectral_kidney_normal_0246.jpg,Normal,0
validation,dataset\Hyperspectral_tumor_images\Hyperspectral_kidney_tumor_2480.jpg,Tumor,1
validation,dataset\Hyperspectral_normal_images\Hyperspectral_kidney_normal_4705.jpg,Normal,0
validation,dataset\Hyperspectral_normal_images\Hyperspectral_kidney_normal_4430.jpg,Normal,0
validation,dataset\Hyperspectral_tumor_images\Hyperspectral_kidney_tumor_1560.jpg,Tumor,1
validation,dataset\Hyperspectral_tumor_images\Hyperspectral_kidney_tumor_2246.jpg,Tumor,1
validation,dataset\Hyperspectral_normal_images\Hyperspectral_kidney_normal_1136.jpg,Normal,0
validation,dataset\Hyperspectral_normal_images\Hyperspectral_kidney_normal_3946.jpg,Normal,0
validation,dataset\Hyperspectral_normal_images\Hyperspectral_kidney_normal_1872.jpg,Normal,0
validation,dataset\Hyperspectral_normal_images\Hyperspectral_kidney_normal_3689.jpg,Normal,0
validation,dataset\Hyperspectral_tumor_images\Hyperspectral_kidney_tumor_4031.jpg,Tumor,1
validation,dataset\Hyperspectral_tumor_images\Hyperspectral_kidney_tumor_0124.jpg,Tumor,1
validation,dataset\Hyperspectral_tumor_images\Hyperspectral_kidney_tumor_3369.jpg,Tumor,1
validation,dataset\Hyperspectral_tumor_images\Hyperspectral_kidney_tumor_3794.jpg,Tumor,1
validation,dataset\Hyperspectral_normal_images\Hyperspectral_kidney_normal_2403.jpg,Normal,0
validation,dataset\Hyperspectral_tumor_images\Hyperspectral_kidney_tumor_2818.jpg,Tumor,1
validation,dataset\Hyperspectral_normal_images\Hyperspectral_kidney_normal_1703.jpg,Normal,0
validation,dataset\Hyperspectral_normal_images\Hyperspectral_kidney_normal_0823.jpg,Normal,0
validation,dataset\Hyperspectral_normal_images\Hyperspectral_kidney_normal_3236.jpg,Normal,0
validation,dataset\Hyperspectral_normal_images\Hyperspectral_kidney_normal_3966.jpg,Normal,0
validation,dataset\Hyperspectral_normal_images\Hyperspectral_kidney_normal_1468.jpg,Normal,0
validation,dataset\Hyperspectral_tumor_images\Hyperspectral_kidney_tumor_1237.jpg,Tumor,1
validation,dataset\Hyperspectral_normal_images\Hyperspectral_kidney_normal_3044.jpg,Normal,0
validation,dataset\Hyperspectral_normal_images\Hyperspectral_kidney_normal_0501.jpg,Normal,0
validation,dataset\Hyperspectral_normal_images\Hyperspectral_kidney_normal_4519.jpg,Normal,0
validation,dataset\Hyperspectral_tumor_images\Hyperspectral_kidney_tumor_0239.jpg,Tumor,1
validation,dataset\Hyperspectral_tumor_images\Hyperspectral_kidney_tumor_3352.jpg,Tumor,1
validation,dataset\Hyperspectral_tumor_images\Hyperspectral_kidney_tumor_1645.jpg,Tumor,1
validation,dataset\Hyperspectral_normal_images\Hyperspectral_kidney_normal_3947.jpg,Normal,0
validation,dataset\Hyperspectral_normal_images\Hyperspectral_kidney_normal_1327.jpg,Normal,0
validation,dataset\Hyperspectral_tumor_images\Hyperspectral_kidney_tumor_1293.jpg,Tumor,1
validation,dataset\Hyperspectral_normal_images\Hyperspectral_kidney_normal_0518.jpg,Normal,0
validation,dataset\Hyperspectral_tumor_images\Hyperspectral_kidney_tumor_0317.jpg,Tumor,1
validation,dataset\Hyperspectral_normal_images\Hyperspectral_kidney_normal_1212.jpg,Normal,0
validation,dataset\Hyperspectral_tumor_images\Hyperspectral_kidney_tumor_1117.jpg,Tumor,1
validation,dataset\Hyperspectral_normal_images\Hyperspectral_kidney_normal_4059.jpg,Normal,0
validation,dataset\Hyperspectral_tumor_images\Hyperspectral_kidney_tumor_3869.jpg,Tumor,1
validation,dataset\Hyperspectral_normal_images\Hyperspectral_kidney_normal_1505.jpg,Normal,0
validation,dataset\Hyperspectral_tumor_images\Hyperspectral_kidney_tumor_4764.jpg,Tumor,1
validation,dataset\Hyperspectral_normal_images\Hyperspectral_kidney_normal_3520.jpg,Normal,0
validation,dataset\Hyperspectral_tumor_images\Hyperspectral_kidney_tumor_2073.jpg,Tumor,1
validation,dataset\Hyperspectral_normal_images\Hyperspectral_kidney_normal_1563.jpg,Normal,0
validation,dataset\Hyperspectral_tumor_images\Hyperspectral_kidney_tumor_4777.jpg,Tumor,1
validation,dataset\Hyperspectral_normal_images\Hyperspectral_kidney_normal_0572.jpg,Normal,0
validation,dataset\Hyperspectral_normal_images\Hyperspectral_kidney_normal_4065.jpg,Normal,0
validation,dataset\Hyperspectral_tumor_images\Hyperspectral_kidney_tumor_1056.jpg,Tumor,1
validation,dataset\Hyperspectral_tumor_images\Hyperspectral_kidney_tumor_3069.jpg,Tumor,1
validation,dataset\Hyperspectral_tumor_images\Hyperspectral_kidney_tumor_4467.jpg,Tumor,1
validation,dataset\Hyperspectral_normal_images\Hyperspectral_kidney_normal_3704.jpg,Normal,0
validation,dataset\Hyperspectral_normal_images\Hyperspectral_kidney_normal_3223.jpg,Normal,0
validation,dataset\Hyperspectral_normal_images\Hyperspectral_kidney_normal_3058.jpg,Normal,0
validation,dataset\Hyperspectral_normal_images\Hyperspectral_kidney_normal_3249.jpg,Normal,0
validation,dataset\Hyperspectral_normal_images\Hyperspectral_kidney_normal_1749.jpg,Normal,0
validation,dataset\Hyperspectral_tumor_images\Hyperspectral_kidney_tumor_3480.jpg,Tumor,1
validation,dataset\Hyperspectral_normal_images\Hyperspectral_kidney_normal_0608.jpg,Normal,0
validation,dataset\Hyperspectral_normal_images\Hyperspectral_kidney_normal_3524.jpg,Normal,0
validation,dataset\Hyperspectral_tumor_images\Hyperspectral_kidney_tumor_2825.jpg,Tumor,1
validation,dataset\Hyperspectral_tumor_images\Hyperspectral_kidney_tumor_3193.jpg,Tumor,1
validation,dataset\Hyperspectral_normal_images\Hyperspectral_kidney_normal_1487.jpg,Normal,0
validation,dataset\Hyperspectral_normal_images\Hyperspectral_kidney_normal_3390.jpg,Normal,0
validation,dataset\Hyperspectral_normal_images\Hyperspectral_kidney_normal_0301.jpg,Normal,0
validation,dataset\Hyperspectral_tumor_images\Hyperspectral_kidney_tumor_2627.jpg,Tumor,1
validation,dataset\Hyperspectral_tumor_images\Hyperspectral_kidney_tumor_1979.jpg,Tumor,1
validation,dataset\Hyperspectral_normal_images\Hyperspectral_kidney_normal_4092.jpg,Normal,0
validation,dataset\Hyperspectral_tumor_images\Hyperspectral_kidney_tumor_0910.jpg,Tumor,1
validation,dataset\Hyperspectral_normal_images\Hyperspectral_kidney_normal_1025.jpg,Normal,0
validation,dataset\Hyperspectral_tumor_images\Hyperspectral_kidney_tumor_2178.jpg,Tumor,1
validation,dataset\Hyperspectral_tumor_images\Hyperspectral_kidney_tumor_4275.jpg,Tumor,1
validation,dataset\Hyperspectral_tumor_images\Hyperspectral_kidney_tumor_2259.jpg,Tumor,1
validation,dataset\Hyperspectral_normal_images\Hyperspectral_kidney_normal_4594.jpg,Normal,0
validation,dataset\Hyperspectral_tumor_images\Hyperspectral_kidney_tumor_0986.jpg,Tumor,1
validation,dataset\Hyperspectral_normal_images\Hyperspectral_kidney_normal_2702.jpg,Normal,0
validation,dataset\Hyperspectral_tumor_images\Hyperspectral_kidney_tumor_2272.jpg,Tumor,1
validation,dataset\Hyperspectral_normal_images\Hyperspectral_kidney_normal_0286.jpg,Normal,0
validation,dataset\Hyperspectral_tumor_images\Hyperspectral_kidney_tumor_1407.jpg,Tumor,1
validation,dataset\Hyperspectral_tumor_images\Hyperspectral_kidney_tumor_3215.jpg,Tumor,1
validation,dataset\Hyperspectral_normal_images\Hyperspectral_kidney_normal_2577.jpg,Normal,0
validation,dataset\Hyperspectral_normal_images\Hyperspectral_kidney_normal_1537.jpg,Normal,0
validation,dataset\Hyperspectral_normal_images\Hyperspectral_kidney_normal_3992.jpg,Normal,0
validation,dataset\Hyperspectral_normal_images\Hyperspectral_kidney_normal_2418.jpg,Normal,0
validation,dataset\Hyperspectral_normal_images\Hyperspectral_kidney_normal_2631.jpg,Normal,0
validation,dataset\Hyperspectral_tumor_images\Hyperspectral_kidney_tumor_3182.jpg,Tumor,1
validation,dataset\Hyperspectral_normal_images\Hyperspectral_kidney_normal_3887.jpg,Normal,0
validation,dataset\Hyperspectral_normal_images\Hyperspectral_kidney_normal_1266.jpg,Normal,0
validation,dataset\Hyperspectral_normal_images\Hyperspectral_kidney_normal_3285.jpg,Normal,0
validation,dataset\Hyperspectral_normal_images\Hyperspectral_kidney_normal_2726.jpg,Normal,0
validation,dataset\Hyperspectral_normal_images\Hyperspectral_kidney_normal_0329.jpg,Normal,0
validation,dataset\Hyperspectral_normal_images\Hyperspectral_kidney_normal_2964.jpg,Normal,0
validation,dataset\Hyperspectral_tumor_images\Hyperspectral_kidney_tumor_1009.jpg,Tumor,1
validation,dataset\Hyperspectral_tumor_images\Hyperspectral_kidney_tumor_1243.jpg,Tumor,1
validation,dataset\Hyperspectral_normal_images\Hyperspectral_kidney_normal_3398.jpg,Normal,0
validation,dataset\Hyperspectral_tumor_images\Hyperspectral_kidney_tumor_3246.jpg,Tumor,1
validation,dataset\Hyperspectral_tumor_images\Hyperspectral_kidney_tumor_2007.jpg,Tumor,1
validation,dataset\Hyperspectral_tumor_images\Hyperspectral_kidney_tumor_2362.jpg,Tumor,1
validation,dataset\Hyperspectral_normal_images\Hyperspectral_kidney_normal_0212.jpg,Normal,0
validation,dataset\Hyperspectral_normal_images\Hyperspectral_kidney_normal_0275.jpg,Normal,0
validation,dataset\Hyperspectral_normal_images\Hyperspectral_kidney_normal_4930.jpg,Normal,0
validation,dataset\Hyperspectral_tumor_images\Hyperspectral_kidney_tumor_2595.jpg,Tumor,1
validation,dataset\Hyperspectral_tumor_images\Hyperspectral_kidney_tumor_4071.jpg,Tumor,1
validation,dataset\Hyperspectral_tumor_images\Hyperspectral_kidney_tumor_0408.jpg,Tumor,1
validation,dataset\Hyperspectral_normal_images\Hyperspectral_kidney_normal_3973.jpg,Normal,0
validation,dataset\Hyperspectral_tumor_images\Hyperspectral_kidney_tumor_2975.jpg,Tumor,1
validation,dataset\Hyperspectral_tumor_images\Hyperspectral_kidney_tumor_3776.jpg,Tumor,1
validation,dataset\Hyperspectral_normal_images\Hyperspectral_kidney_normal_0039.jpg,Normal,0
validation,dataset\Hyperspectral_normal_images\Hyperspectral_kidney_normal_1700.jpg,Normal,0
validation,dataset\Hyperspectral_normal_images\Hyperspectral_kidney_normal_2168.jpg,Normal,0
validation,dataset\Hyperspectral_normal_images\Hyperspectral_kidney_normal_2300.jpg,Normal,0
validation,dataset\Hyperspectral_normal_images\Hyperspectral_kidney_normal_3091.jpg,Normal,0
validation,dataset\Hyperspectral_normal_images\Hyperspectral_kidney_normal_0489.jpg,Normal,0
validation,dataset\Hyperspectral_normal_images\Hyperspectral_kidney_normal_2653.jpg,Normal,0
validation,dataset\Hyperspectral_tumor_images\Hyperspectral_kidney_tumor_3714.jpg,Tumor,1
validation,dataset\Hyperspectral_tumor_images\Hyperspectral_kidney_tumor_1492.jpg,Tumor,1
validation,dataset\Hyperspectral_normal_images\Hyperspectral_kidney_normal_4026.jpg,Normal,0
validation,dataset\Hyperspectral_tumor_images\Hyperspectral_kidney_tumor_3592.jpg,Tumor,1
validation,dataset\Hyperspectral_tumor_images\Hyperspectral_kidney_tumor_2439.jpg,Tumor,1
validation,dataset\Hyperspectral_tumor_images\Hyperspectral_kidney_tumor_0968.jpg,Tumor,1
validation,dataset\Hyperspectral_normal_images\Hyperspectral_kidney_normal_3549.jpg,Normal,0
validation,dataset\Hyperspectral_normal_images\Hyperspectral_kidney_normal_3135.jpg,Normal,0
validation,dataset\Hyperspectral_tumor_images\Hyperspectral_kidney_tumor_3233.jpg,Tumor,1
validation,dataset\Hyperspectral_normal_images\Hyperspectral_kidney_normal_2079.jpg,Normal,0
validation,dataset\Hyperspectral_normal_images\Hyperspectral_kidney_normal_4936.jpg,Normal,0
validation,dataset\Hyperspectral_normal_images\Hyperspectral_kidney_normal_2318.jpg,Normal,0
validation,dataset\Hyperspectral_tumor_images\Hyperspectral_kidney_tumor_2433.jpg,Tumor,1
validation,dataset\Hyperspectral_normal_images\Hyperspectral_kidney_normal_1416.jpg,Normal,0
validation,dataset\Hyperspectral_tumor_images\Hyperspectral_kidney_tumor_2614.jpg,Tumor,1
validation,dataset\Hyperspectral_tumor_images\Hyperspectral_kidney_tumor_3000.jpg,Tumor,1
validation,dataset\Hyperspectral_tumor_images\Hyperspectral_kidney_tumor_3559.jpg,Tumor,1
validation,dataset\Hyperspectral_tumor_images\Hyperspectral_kidney_tumor_1301.jpg,Tumor,1
validation,dataset\Hyperspectral_tumor_images\Hyperspectral_kidney_tumor_1963.jpg,Tumor,1
validation,dataset\Hyperspectral_normal_images\Hyperspectral_kidney_normal_2547.jpg,Normal,0
validation,dataset\Hyperspectral_normal_images\Hyperspectral_kidney_normal_3057.jpg,Normal,0
validation,dataset\Hyperspectral_normal_images\Hyperspectral_kidney_normal_2889.jpg,Normal,0
validation,dataset\Hyperspectral_normal_images\Hyperspectral_kidney_normal_1527.jpg,Normal,0
validation,dataset\Hyperspectral_tumor_images\Hyperspectral_kidney_tumor_4887.jpg,Tumor,1
validation,dataset\Hyperspectral_normal_images\Hyperspectral_kidney_normal_0764.jpg,Normal,0
validation,dataset\Hyperspectral_tumor_images\Hyperspectral_kidney_tumor_0855.jpg,Tumor,1
validation,dataset\Hyperspectral_normal_images\Hyperspectral_kidney_normal_1262.jpg,Normal,0
validation,dataset\Hyperspectral_normal_images\Hyperspectral_kidney_normal_2432.jpg,Normal,0
validation,dataset\Hyperspectral_tumor_images\Hyperspectral_kidney_tumor_4689.jpg,Tumor,1
validation,dataset\Hyperspectral_tumor_images\Hyperspectral_kidney_tumor_4296.jpg,Tumor,1
validation,dataset\Hyperspectral_tumor_images\Hyperspectral_kidney_tumor_2133.jpg,Tumor,1
validation,dataset\Hyperspectral_tumor_images\Hyperspectral_kidney_tumor_2532.jpg,Tumor,1
validation,dataset\Hyperspectral_tumor_images\Hyperspectral_kidney_tumor_0456.jpg,Tumor,1
validation,dataset\Hyperspectral_normal_images\Hyperspectral_kidney_normal_3172.jpg,Normal,0
validation,dataset\Hyperspectral_tumor_images\Hyperspectral_kidney_tumor_2913.jpg,Tumor,1
validation,dataset\Hyperspectral_normal_images\Hyperspectral_kidney_normal_4676.jpg,Normal,0
validation,dataset\Hyperspectral_tumor_images\Hyperspectral_kidney_tumor_1427.jpg,Tumor,1
validation,dataset\Hyperspectral_tumor_images\Hyperspectral_kidney_tumor_4002.jpg,Tumor,1
validation,dataset\Hyperspectral_normal_images\Hyperspectral_kidney_normal_1522.jpg,Normal,0
validation,dataset\Hyperspectral_normal_images\Hyperspectral_kidney_normal_0237.jpg,Normal,0
validation,dataset\Hyperspectral_tumor_images\Hyperspectral_kidney_tumor_4187.jpg,Tumor,1
validation,dataset\Hyperspectral_tumor_images\Hyperspectral_kidney_tumor_4352.jpg,Tumor,1
validation,dataset\Hyperspectral_normal_images\Hyperspectral_kidney_normal_0890.jpg,Normal,0
validation,dataset\Hyperspectral_normal_images\Hyperspectral_kidney_normal_2029.jpg,Normal,0
validation,dataset\Hyperspectral_tumor_images\Hyperspectral_kidney_tumor_1164.jpg,Tumor,1
validation,dataset\Hyperspectral_normal_images\Hyperspectral_kidney_normal_2368.jpg,Normal,0
validation,dataset\Hyperspectral_tumor_images\Hyperspectral_kidney_tumor_1091.jpg,Tumor,1
validation,dataset\Hyperspectral_tumor_images\Hyperspectral_kidney_tumor_2629.jpg,Tumor,1
validation,dataset\Hyperspectral_tumor_images\Hyperspectral_kidney_tumor_2544.jpg,Tumor,1
validation,dataset\Hyperspectral_tumor_images\Hyperspectral_kidney_tumor_0634.jpg,Tumor,1
validation,dataset\Hyperspectral_tumor_images\Hyperspectral_kidney_tumor_0278.jpg,Tumor,1
validation,dataset\Hyperspectral_tumor_images\Hyperspectral_kidney_tumor_1495.jpg,Tumor,1
validation,dataset\Hyperspectral_normal_images\Hyperspectral_kidney_normal_3343.jpg,Normal,0
validation,dataset\Hyperspectral_normal_images\Hyperspectral_kidney_normal_0605.jpg,Normal,0
validation,dataset\Hyperspectral_normal_images\Hyperspectral_kidney_normal_0881.jpg,Normal,0
validation,dataset\Hyperspectral_tumor_images\Hyperspectral_kidney_tumor_0932.jpg,Tumor,1
validation,dataset\Hyperspectral_tumor_images\Hyperspectral_kidney_tumor_1079.jpg,Tumor,1
validation,dataset\Hyperspectral_tumor_images\Hyperspectral_kidney_tumor_4095.jpg,Tumor,1
validation,dataset\Hyperspectral_normal_images\Hyperspectral_kidney_normal_3230.jpg,Normal,0
validation,dataset\Hyperspectral_tumor_images\Hyperspectral_kidney_tumor_4171.jpg,Tumor,1
validation,dataset\Hyperspectral_tumor_images\Hyperspectral_kidney_tumor_4239.jpg,Tumor,1
validation,dataset\Hyperspectral_normal_images\Hyperspectral_kidney_normal_2586.jpg,Normal,0
validation,dataset\Hyperspectral_tumor_images\Hyperspectral_kidney_tumor_3061.jpg,Tumor,1
validation,dataset\Hyperspectral_tumor_images\Hyperspectral_kidney_tumor_3443.jpg,Tumor,1
validation,dataset\Hyperspectral_normal_images\Hyperspectral_kidney_normal_1179.jpg,Normal,0
validation,dataset\Hyperspectral_tumor_images\Hyperspectral_kidney_tumor_4083.jpg,Tumor,1
validation,dataset\Hyperspectral_normal_images\Hyperspectral_kidney_normal_1763.jpg,Normal,0
validation,dataset\Hyperspectral_normal_images\Hyperspectral_kidney_normal_2544.jpg,Normal,0
validation,dataset\Hyperspectral_normal_images\Hyperspectral_kidney_normal_3415.jpg,Normal,0
validation,dataset\Hyperspectral_normal_images\Hyperspectral_kidney_normal_1166.jpg,Normal,0
validation,dataset\Hyperspectral_normal_images\Hyperspectral_kidney_normal_3902.jpg,Normal,0
validation,dataset\Hyperspectral_tumor_images\Hyperspectral_kidney_tumor_4314.jpg,Tumor,1
validation,dataset\Hyperspectral_normal_images\Hyperspectral_kidney_normal_1146.jpg,Normal,0
validation,dataset\Hyperspectral_normal_images\Hyperspectral_kidney_normal_0012.jpg,Normal,0
validation,dataset\Hyperspectral_tumor_images\Hyperspectral_kidney_tumor_2691.jpg,Tumor,1
validation,dataset\Hyperspectral_normal_images\Hyperspectral_kidney_normal_3144.jpg,Normal,0
validation,dataset\Hyperspectral_normal_images\Hyperspectral_kidney_normal_2492.jpg,Normal,0
validation,dataset\Hyperspectral_tumor_images\Hyperspectral_kidney_tumor_4690.jpg,Tumor,1
validation,dataset\Hyperspectral_tumor_images\Hyperspectral_kidney_tumor_4752.jpg,Tumor,1
validation,dataset\Hyperspectral_tumor_images\Hyperspectral_kidney_tumor_2274.jpg,Tumor,1
validation,dataset\Hyperspectral_tumor_images\Hyperspectral_kidney_tumor_4602.jpg,Tumor,1
validation,dataset\Hyperspectral_normal_images\Hyperspectral_kidney_normal_4083.jpg,Normal,0
validation,dataset\Hyperspectral_tumor_images\Hyperspectral_kidney_tumor_2673.jpg,Tumor,1
validation,dataset\Hyperspectral_normal_images\Hyperspectral_kidney_normal_4629.jpg,Normal,0
validation,dataset\Hyperspectral_normal_images\Hyperspectral_kidney_normal_4950.jpg,Normal,0
validation,dataset\Hyperspectral_normal_images\Hyperspectral_kidney_normal_1444.jpg,Normal,0
validation,dataset\Hyperspectral_normal_images\Hyperspectral_kidney_normal_4278.jpg,Normal,0
validation,dataset\Hyperspectral_normal_images\Hyperspectral_kidney_normal_1178.jpg,Normal,0
validation,dataset\Hyperspectral_tumor_images\Hyperspectral_kidney_tumor_4862.jpg,Tumor,1
validation,dataset\Hyperspectral_normal_images\Hyperspectral_kidney_normal_2607.jpg,Normal,0
validation,dataset\Hyperspectral_tumor_images\Hyperspectral_kidney_tumor_1537.jpg,Tumor,1
validation,dataset\Hyperspectral_tumor_images\Hyperspectral_kidney_tumor_2176.jpg,Tumor,1
validation,dataset\Hyperspectral_tumor_images\Hyperspectral_kidney_tumor_3248.jpg,Tumor,1
validation,dataset\Hyperspectral_tumor_images\Hyperspectral_kidney_tumor_3811.jpg,Tumor,1
validation,dataset\Hyperspectral_normal_images\Hyperspectral_kidney_normal_0358.jpg,Normal,0
validation,dataset\Hyperspectral_normal_images\Hyperspectral_kidney_normal_0869.jpg,Normal,0
validation,dataset\Hyperspectral_normal_images\Hyperspectral_kidney_normal_0955.jpg,Normal,0
validation,dataset\Hyperspectral_normal_images\Hyperspectral_kidney_normal_1758.jpg,Normal,0
validation,dataset\Hyperspectral_normal_images\Hyperspectral_kidney_normal_4514.jpg,Normal,0
validation,dataset\Hyperspectral_tumor_images\Hyperspectral_kidney_tumor_0568.jpg,Tumor,1
validation,dataset\Hyperspectral_normal_images\Hyperspectral_kidney_normal_3124.jpg,Normal,0
validation,dataset\Hyperspectral_tumor_images\Hyperspectral_kidney_tumor_0955.jpg,Tumor,1
validation,dataset\Hyperspectral_normal_images\Hyperspectral_kidney_normal_1913.jpg,Normal,0
validation,dataset\Hyperspectral_normal_images\Hyperspectral_kidney_normal_3544.jpg,Normal,0
validation,dataset\Hyperspectral_normal_images\Hyperspectral_kidney_normal_2068.jpg,Normal,0
validation,dataset\Hyperspectral_normal_images\Hyperspectral_kidney_normal_4974.jpg,Normal,0
validation,dataset\Hyperspectral_tumor_images\Hyperspectral_kidney_tumor_2248.jpg,Tumor,1
validation,dataset\Hyperspectral_normal_images\Hyperspectral_kidney_normal_3773.jpg,Normal,0
validation,dataset\Hyperspectral_tumor_images\Hyperspectral_kidney_tumor_2803.jpg,Tumor,1
validation,dataset\Hyperspectral_normal_images\Hyperspectral_kidney_normal_4555.jpg,Normal,0
validation,dataset\Hyperspectral_normal_images\Hyperspectral_kidney_normal_2701.jpg,Normal,0
validation,dataset\Hyperspectral_normal_images\Hyperspectral_kidney_normal_0022.jpg,Normal,0
validation,dataset\Hyperspectral_tumor_images\Hyperspectral_kidney_tumor_3084.jpg,Tumor,1
validation,dataset\Hyperspectral_tumor_images\Hyperspectral_kidney_tumor_4715.jpg,Tumor,1
validation,dataset\Hyperspectral_normal_images\Hyperspectral_kidney_normal_4204.jpg,Normal,0
validation,dataset\Hyperspectral_tumor_images\Hyperspectral_kidney_tumor_2360.jpg,Tumor,1
validation,dataset\Hyperspectral_normal_images\Hyperspectral_kidney_normal_3828.jpg,Normal,0
validation,dataset\Hyperspectral_normal_images\Hyperspectral_kidney_normal_2313.jpg,Normal,0
validation,dataset\Hyperspectral_tumor_images\Hyperspectral_kidney_tumor_1812.jpg,Tumor,1
validation,dataset\Hyperspectral_tumor_images\Hyperspectral_kidney_tumor_0812.jpg,Tumor,1
validation,dataset\Hyperspectral_normal_images\Hyperspectral_kidney_normal_2793.jpg,Normal,0
validation,dataset\Hyperspectral_normal_images\Hyperspectral_kidney_normal_0208.jpg,Normal,0
validation,dataset\Hyperspectral_tumor_images\Hyperspectral_kidney_tumor_1707.jpg,Tumor,1
validation,dataset\Hyperspectral_tumor_images\Hyperspectral_kidney_tumor_2253.jpg,Tumor,1
validation,dataset\Hyperspectral_normal_images\Hyperspectral_kidney_normal_2695.jpg,Normal,0
validation,dataset\Hyperspectral_normal_images\Hyperspectral_kidney_normal_4420.jpg,Normal,0
validation,dataset\Hyperspectral_normal_images\Hyperspectral_kidney_normal_0950.jpg,Normal,0
validation,dataset\Hyperspectral_normal_images\Hyperspectral_kidney_normal_3298.jpg,Normal,0
validation,dataset\Hyperspectral_tumor_images\Hyperspectral_kidney_tumor_3997.jpg,Tumor,1
validation,dataset\Hyperspectral_tumor_images\Hyperspectral_kidney_tumor_2338.jpg,Tumor,1
validation,dataset\Hyperspectral_tumor_images\Hyperspectral_kidney_tumor_1457.jpg,Tumor,1
validation,dataset\Hyperspectral_normal_images\Hyperspectral_kidney_normal_4948.jpg,Normal,0
validation,dataset\Hyperspectral_tumor_images\Hyperspectral_kidney_tumor_4457.jpg,Tumor,1
validation,dataset\Hyperspectral_tumor_images\Hyperspectral_kidney_tumor_1907.jpg,Tumor,1
validation,dataset\Hyperspectral_tumor_images\Hyperspectral_kidney_tumor_4096.jpg,Tumor,1
validation,dataset\Hyperspectral_normal_images\Hyperspectral_kidney_normal_0626.jpg,Normal,0
validation,dataset\Hyperspectral_normal_images\Hyperspectral_kidney_normal_0591.jpg,Normal,0
validation,dataset\Hyperspectral_normal_images\Hyperspectral_kidney_normal_2136.jpg,Normal,0
validation,dataset\Hyperspectral_tumor_images\Hyperspectral_kidney_tumor_4370.jpg,Tumor,1
validation,dataset\Hyperspectral_normal_images\Hyperspectral_kidney_normal_3785.jpg,Normal,0
validation,dataset\Hyperspectral_tumor_images\Hyperspectral_kidney_tumor_2738.jpg,Tumor,1
validation,dataset\Hyperspectral_normal_images\Hyperspectral_kidney_normal_3909.jpg,Normal,0
validation,dataset\Hyperspectral_normal_images\Hyperspectral_kidney_normal_3556.jpg,Normal,0
validation,dataset\Hyperspectral_tumor_images\Hyperspectral_kidney_tumor_4042.jpg,Tumor,1
validation,dataset\Hyperspectral_tumor_images\Hyperspectral_kidney_tumor_2040.jpg,Tumor,1
validation,dataset\Hyperspectral_normal_images\Hyperspectral_kidney_normal_0119.jpg,Normal,0
validation,dataset\Hyperspectral_normal_images\Hyperspectral_kidney_normal_1351.jpg,Normal,0
validation,dataset\Hyperspectral_normal_images\Hyperspectral_kidney_normal_1388.jpg,Normal,0
validation,dataset\Hyperspectral_tumor_images\Hyperspectral_kidney_tumor_2801.jpg,Tumor,1
validation,dataset\Hyperspectral_tumor_images\Hyperspectral_kidney_tumor_0254.jpg,Tumor,1
validation,dataset\Hyperspectral_tumor_images\Hyperspectral_kidney_tumor_0179.jpg,Tumor,1
validation,dataset\Hyperspectral_normal_images\Hyperspectral_kidney_normal_4582.jpg,Normal,0
validation,dataset\Hyperspectral_normal_images\Hyperspectral_kidney_normal_2210.jpg,Normal,0
validation,dataset\Hyperspectral_normal_images\Hyperspectral_kidney_normal_2725.jpg,Normal,0
validation,dataset\Hyperspectral_tumor_images\Hyperspectral_kidney_tumor_1001.jpg,Tumor,1
validation,dataset\Hyperspectral_normal_images\Hyperspectral_kidney_normal_1852.jpg,Normal,0
validation,dataset\Hyperspectral_tumor_images\Hyperspectral_kidney_tumor_1581.jpg,Tumor,1
validation,dataset\Hyperspectral_tumor_images\Hyperspectral_kidney_tumor_3578.jpg,Tumor,1
validation,dataset\Hyperspectral_tumor_images\Hyperspectral_kidney_tumor_3461.jpg,Tumor,1
validation,dataset\Hyperspectral_normal_images\Hyperspectral_kidney_normal_0302.jpg,Normal,0
validation,dataset\Hyperspectral_normal_images\Hyperspectral_kidney_normal_3864.jpg,Normal,0
validation,dataset\Hyperspectral_normal_images\Hyperspectral_kidney_normal_3074.jpg,Normal,0
validation,dataset\Hyperspectral_normal_images\Hyperspectral_kidney_normal_0682.jpg,Normal,0
validation,dataset\Hyperspectral_tumor_images\Hyperspectral_kidney_tumor_1512.jpg,Tumor,1
validation,dataset\Hyperspectral_normal_images\Hyperspectral_kidney_normal_4502.jpg,Normal,0
validation,dataset\Hyperspectral_tumor_images\Hyperspectral_kidney_tumor_1456.jpg,Tumor,1
validation,dataset\Hyperspectral_tumor_images\Hyperspectral_kidney_tumor_1467.jpg,Tumor,1
validation,dataset\Hyperspectral_tumor_images\Hyperspectral_kidney_tumor_0607.jpg,Tumor,1
validation,dataset\Hyperspectral_normal_images\Hyperspectral_kidney_normal_3952.jpg,Normal,0
validation,dataset\Hyperspectral_tumor_images\Hyperspectral_kidney_tumor_0815.jpg,Tumor,1
validation,dataset\Hyperspectral_tumor_images\Hyperspectral_kidney_tumor_3155.jpg,Tumor,1
validation,dataset\Hyperspectral_tumor_images\Hyperspectral_kidney_tumor_4062.jpg,Tumor,1
validation,dataset\Hyperspectral_tumor_images\Hyperspectral_kidney_tumor_0345.jpg,Tumor,1
validation,dataset\Hyperspectral_tumor_images\Hyperspectral_kidney_tumor_2493.jpg,Tumor,1
validation,dataset\Hyperspectral_normal_images\Hyperspectral_kidney_normal_2386.jpg,Normal,0
validation,dataset\Hyperspectral_normal_images\Hyperspectral_kidney_normal_0215.jpg,Normal,0
validation,dataset\Hyperspectral_tumor_images\Hyperspectral_kidney_tumor_4206.jpg,Tumor,1
validation,dataset\Hyperspectral_tumor_images\Hyperspectral_kidney_tumor_2239.jpg,Tumor,1
validation,dataset\Hyperspectral_tumor_images\Hyperspectral_kidney_tumor_2380.jpg,Tumor,1
validation,dataset\Hyperspectral_tumor_images\Hyperspectral_kidney_tumor_2525.jpg,Tumor,1
validation,dataset\Hyperspectral_normal_images\Hyperspectral_kidney_normal_4497.jpg,Normal,0
validation,dataset\Hyperspectral_normal_images\Hyperspectral_kidney_normal_0108.jpg,Normal,0
validation,dataset\Hyperspectral_normal_images\Hyperspectral_kidney_normal_0063.jpg,Normal,0
validation,dataset\Hyperspectral_normal_images\Hyperspectral_kidney_normal_4977.jpg,Normal,0
validation,dataset\Hyperspectral_normal_images\Hyperspectral_kidney_normal_4148.jpg,Normal,0
validation,dataset\Hyperspectral_tumor_images\Hyperspectral_kidney_tumor_0367.jpg,Tumor,1
validation,dataset\Hyperspectral_tumor_images\Hyperspectral_kidney_tumor_3136.jpg,Tumor,1
validation,dataset\Hyperspectral_tumor_images\Hyperspectral_kidney_tumor_3943.jpg,Tumor,1
validation,dataset\Hyperspectral_normal_images\Hyperspectral_kidney_normal_3730.jpg,Normal,0
validation,dataset\Hyperspectral_tumor_images\Hyperspectral_kidney_tumor_3594.jpg,Tumor,1
validation,dataset\Hyperspectral_normal_images\Hyperspectral_kidney_normal_4861.jpg,Normal,0
validation,dataset\Hyperspectral_tumor_images\Hyperspectral_kidney_tumor_0169.jpg,Tumor,1
validation,dataset\Hyperspectral_tumor_images\Hyperspectral_kidney_tumor_3281.jpg,Tumor,1
validation,dataset\Hyperspectral_tumor_images\Hyperspectral_kidney_tumor_4811.jpg,Tumor,1
validation,dataset\Hyperspectral_tumor_images\Hyperspectral_kidney_tumor_4159.jpg,Tumor,1
validation,dataset\Hyperspectral_normal_images\Hyperspectral_kidney_normal_1957.jpg,Normal,0
validation,dataset\Hyperspectral_tumor_images\Hyperspectral_kidney_tumor_4550.jpg,Tumor,1
validation,dataset\Hyperspectral_normal_images\Hyperspectral_kidney_normal_0153.jpg,Normal,0
validation,dataset\Hyperspectral_tumor_images\Hyperspectral_kidney_tumor_1553.jpg,Tumor,1
validation,dataset\Hyperspectral_tumor_images\Hyperspectral_kidney_tumor_2842.jpg,Tumor,1
validation,dataset\Hyperspectral_normal_images\Hyperspectral_kidney_normal_2317.jpg,Normal,0
validation,dataset\Hyperspectral_tumor_images\Hyperspectral_kidney_tumor_3406.jpg,Tumor,1
validation,dataset\Hyperspectral_tumor_images\Hyperspectral_kidney_tumor_4054.jpg,Tumor,1
validation,dataset\Hyperspectral_tumor_images\Hyperspectral_kidney_tumor_3555.jpg,Tumor,1
validation,dataset\Hyperspectral_normal_images\Hyperspectral_kidney_normal_1520.jpg,Normal,0
validation,dataset\Hyperspectral_normal_images\Hyperspectral_kidney_normal_3546.jpg,Normal,0
validation,dataset\Hyperspectral_tumor_images\Hyperspectral_kidney_tumor_3894.jpg,Tumor,1
validation,dataset\Hyperspectral_normal_images\Hyperspectral_kidney_normal_2407.jpg,Normal,0
validation,dataset\Hyperspectral_normal_images\Hyperspectral_kidney_normal_3659.jpg,Normal,0
validation,dataset\Hyperspectral_normal_images\Hyperspectral_kidney_normal_4360.jpg,Normal,0
validation,dataset\Hyperspectral_tumor_images\Hyperspectral_kidney_tumor_4613.jpg,Tumor,1
validation,dataset\Hyperspectral_tumor_images\Hyperspectral_kidney_tumor_3137.jpg,Tumor,1
validation,dataset\Hyperspectral_normal_images\Hyperspectral_kidney_normal_1298.jpg,Normal,0
validation,dataset\Hyperspectral_tumor_images\Hyperspectral_kidney_tumor_0442.jpg,Tumor,1
validation,dataset\Hyperspectral_tumor_images\Hyperspectral_kidney_tumor_0202.jpg,Tumor,1
validation,dataset\Hyperspectral_tumor_images\Hyperspectral_kidney_tumor_3751.jpg,Tumor,1
validation,dataset\Hyperspectral_tumor_images\Hyperspectral_kidney_tumor_1908.jpg,Tumor,1
validation,dataset\Hyperspectral_tumor_images\Hyperspectral_kidney_tumor_2335.jpg,Tumor,1
validation,dataset\Hyperspectral_normal_images\Hyperspectral_kidney_normal_0090.jpg,Normal,0
validation,dataset\Hyperspectral_normal_images\Hyperspectral_kidney_normal_3312.jpg,Normal,0
validation,dataset\Hyperspectral_tumor_images\Hyperspectral_kidney_tumor_2208.jpg,Tumor,1
validation,dataset\Hyperspectral_tumor_images\Hyperspectral_kidney_tumor_3852.jpg,Tumor,1
validation,dataset\Hyperspectral_tumor_images\Hyperspectral_kidney_tumor_0054.jpg,Tumor,1
validation,dataset\Hyperspectral_normal_images\Hyperspectral_kidney_normal_0259.jpg,Normal,0
validation,dataset\Hyperspectral_normal_images\Hyperspectral_kidney_normal_0443.jpg,Normal,0
validation,dataset\Hyperspectral_normal_images\Hyperspectral_kidney_normal_3886.jpg,Normal,0
validation,dataset\Hyperspectral_tumor_images\Hyperspectral_kidney_tumor_4836.jpg,Tumor,1
validation,dataset\Hyperspectral_normal_images\Hyperspectral_kidney_normal_0907.jpg,Normal,0
validation,dataset\Hyperspectral_normal_images\Hyperspectral_kidney_normal_0744.jpg,Normal,0
validation,dataset\Hyperspectral_tumor_images\Hyperspectral_kidney_tumor_0060.jpg,Tumor,1
validation,dataset\Hyperspectral_normal_images\Hyperspectral_kidney_normal_4602.jpg,Normal,0
validation,dataset\Hyperspectral_tumor_images\Hyperspectral_kidney_tumor_4598.jpg,Tumor,1
validation,dataset\Hyperspectral_normal_images\Hyperspectral_kidney_normal_4645.jpg,Normal,0
validation,dataset\Hyperspectral_tumor_images\Hyperspectral_kidney_tumor_2699.jpg,Tumor,1
validation,dataset\Hyperspectral_normal_images\Hyperspectral_kidney_normal_4008.jpg,Normal,0
validation,dataset\Hyperspectral_normal_images\Hyperspectral_kidney_normal_4660.jpg,Normal,0
validation,dataset\Hyperspectral_tumor_images\Hyperspectral_kidney_tumor_2051.jpg,Tumor,1
validation,dataset\Hyperspectral_tumor_images\Hyperspectral_kidney_tumor_3357.jpg,Tumor,1
validation,dataset\Hyperspectral_normal_images\Hyperspectral_kidney_normal_2954.jpg,Normal,0
validation,dataset\Hyperspectral_tumor_images\Hyperspectral_kidney_tumor_0027.jpg,Tumor,1
validation,dataset\Hyperspectral_normal_images\Hyperspectral_kidney_normal_2603.jpg,Normal,0
validation,dataset\Hyperspectral_tumor_images\Hyperspectral_kidney_tumor_0613.jpg,Tumor,1
validation,dataset\Hyperspectral_tumor_images\Hyperspectral_kidney_tumor_0847.jpg,Tumor,1
validation,dataset\Hyperspectral_normal_images\Hyperspectral_kidney_normal_2446.jpg,Normal,0
validation,dataset\Hyperspectral_normal_images\Hyperspectral_kidney_normal_0061.jpg,Normal,0
validation,dataset\Hyperspectral_normal_images\Hyperspectral_kidney_normal_2649.jpg,Normal,0
validation,dataset\Hyperspectral_normal_images\Hyperspectral_kidney_normal_3517.jpg,Normal,0
validation,dataset\Hyperspectral_normal_images\Hyperspectral_kidney_normal_2553.jpg,Normal,0
validation,dataset\Hyperspectral_tumor_images\Hyperspectral_kidney_tumor_4729.jpg,Tumor,1
validation,dataset\Hyperspectral_normal_images\Hyperspectral_kidney_normal_2395.jpg,Normal,0
validation,dataset\Hyperspectral_normal_images\Hyperspectral_kidney_normal_1765.jpg,Normal,0
validation,dataset\Hyperspectral_tumor_images\Hyperspectral_kidney_tumor_1245.jpg,Tumor,1
validation,dataset\Hyperspectral_normal_images\Hyperspectral_kidney_normal_2747.jpg,Normal,0
validation,dataset\Hyperspectral_normal_images\Hyperspectral_kidney_normal_4690.jpg,Normal,0
validation,dataset\Hyperspectral_tumor_images\Hyperspectral_kidney_tumor_1579.jpg,Tumor,1
validation,dataset\Hyperspectral_normal_images\Hyperspectral_kidney_normal_1001.jpg,Normal,0
validation,dataset\Hyperspectral_normal_images\Hyperspectral_kidney_normal_4522.jpg,Normal,0
validation,dataset\Hyperspectral_normal_images\Hyperspectral_kidney_normal_2056.jpg,Normal,0
validation,dataset\Hyperspectral_normal_images\Hyperspectral_kidney_normal_3867.jpg,Normal,0
validation,dataset\Hyperspectral_normal_images\Hyperspectral_kidney_normal_3786.jpg,Normal,0
validation,dataset\Hyperspectral_tumor_images\Hyperspectral_kidney_tumor_0291.jpg,Tumor,1
validation,dataset\Hyperspectral_tumor_images\Hyperspectral_kidney_tumor_2262.jpg,Tumor,1
validation,dataset\Hyperspectral_tumor_images\Hyperspectral_kidney_tumor_3553.jpg,Tumor,1
validation,dataset\Hyperspectral_tumor_images\Hyperspectral_kidney_tumor_1086.jpg,Tumor,1
validation,dataset\Hyperspectral_normal_images\Hyperspectral_kidney_normal_3963.jpg,Normal,0
validation,dataset\Hyperspectral_tumor_images\Hyperspectral_kidney_tumor_1000.jpg,Tumor,1
validation,dataset\Hyperspectral_tumor_images\Hyperspectral_kidney_tumor_2616.jpg,Tumor,1
validation,dataset\Hyperspectral_normal_images\Hyperspectral_kidney_normal_2009.jpg,Normal,0
validation,dataset\Hyperspectral_normal_images\Hyperspectral_kidney_normal_3850.jpg,Normal,0
validation,dataset\Hyperspectral_normal_images\Hyperspectral_kidney_normal_1592.jpg,Normal,0
validation,dataset\Hyperspectral_tumor_images\Hyperspectral_kidney_tumor_2221.jpg,Tumor,1
validation,dataset\Hyperspectral_normal_images\Hyperspectral_kidney_normal_0451.jpg,Normal,0
validation,dataset\Hyperspectral_tumor_images\Hyperspectral_kidney_tumor_0985.jpg,Tumor,1
validation,dataset\Hyperspectral_tumor_images\Hyperspectral_kidney_tumor_4694.jpg,Tumor,1
validation,dataset\Hyperspectral_normal_images\Hyperspectral_kidney_normal_2239.jpg,Normal,0
validation,dataset\Hyperspectral_tumor_images\Hyperspectral_kidney_tumor_3043.jpg,Tumor,1
validation,dataset\Hyperspectral_tumor_images\Hyperspectral_kidney_tumor_1588.jpg,Tumor,1
validation,dataset\Hyperspectral_normal_images\Hyperspectral_kidney_normal_2436.jpg,Normal,0
validation,dataset\Hyperspectral_normal_images\Hyperspectral_kidney_normal_4329.jpg,Normal,0
validation,dataset\Hyperspectral_normal_images\Hyperspectral_kidney_normal_4300.jpg,Normal,0
validation,dataset\Hyperspectral_tumor_images\Hyperspectral_kidney_tumor_1780.jpg,Tumor,1
validation,dataset\Hyperspectral_normal_images\Hyperspectral_kidney_normal_2763.jpg,Normal,0
validation,dataset\Hyperspectral_normal_images\Hyperspectral_kidney_normal_1769.jpg,Normal,0
validation,dataset\Hyperspectral_tumor_images\Hyperspectral_kidney_tumor_2297.jpg,Tumor,1
validation,dataset\Hyperspectral_normal_images\Hyperspectral_kidney_normal_0113.jpg,Normal,0
validation,dataset\Hyperspectral_tumor_images\Hyperspectral_kidney_tumor_0175.jpg,Tumor,1
validation,dataset\Hyperspectral_tumor_images\Hyperspectral_kidney_tumor_0947.jpg,Tumor,1
validation,dataset\Hyperspectral_tumor_images\Hyperspectral_kidney_tumor_1330.jpg,Tumor,1
validation,dataset\Hyperspectral_tumor_images\Hyperspectral_kidney_tumor_0818.jpg,Tumor,1
validation,dataset\Hyperspectral_normal_images\Hyperspectral_kidney_normal_2804.jpg,Normal,0
validation,dataset\Hyperspectral_tumor_images\Hyperspectral_kidney_tumor_2083.jpg,Tumor,1
validation,dataset\Hyperspectral_tumor_images\Hyperspectral_kidney_tumor_0074.jpg,Tumor,1
validation,dataset\Hyperspectral_normal_images\Hyperspectral_kidney_normal_2539.jpg,Normal,0
validation,dataset\Hyperspectral_tumor_images\Hyperspectral_kidney_tumor_0222.jpg,Tumor,1
validation,dataset\Hyperspectral_tumor_images\Hyperspectral_kidney_tumor_4521.jpg,Tumor,1
validation,dataset\Hyperspectral_normal_images\Hyperspectral_kidney_normal_0968.jpg,Normal,0
validation,dataset\Hyperspectral_tumor_images\Hyperspectral_kidney_tumor_0644.jpg,Tumor,1
validation,dataset\Hyperspectral_tumor_images\Hyperspectral_kidney_tumor_3935.jpg,Tumor,1
validation,dataset\Hyperspectral_normal_images\Hyperspectral_kidney_normal_1997.jpg,Normal,0
validation,dataset\Hyperspectral_tumor_images\Hyperspectral_kidney_tumor_4675.jpg,Tumor,1
validation,dataset\Hyperspectral_normal_images\Hyperspectral_kidney_normal_1897.jpg,Normal,0
validation,dataset\Hyperspectral_tumor_images\Hyperspectral_kidney_tumor_3581.jpg,Tumor,1
validation,dataset\Hyperspectral_tumor_images\Hyperspectral_kidney_tumor_0561.jpg,Tumor,1
validation,dataset\Hyperspectral_tumor_images\Hyperspectral_kidney_tumor_0100.jpg,Tumor,1
validation,dataset\Hyperspectral_tumor_images\Hyperspectral_kidney_tumor_2563.jpg,Tumor,1
validation,dataset\Hyperspectral_tumor_images\Hyperspectral_kidney_tumor_1934.jpg,Tumor,1
validation,dataset\Hyperspectral_tumor_images\Hyperspectral_kidney_tumor_1708.jpg,Tumor,1
validation,dataset\Hyperspectral_normal_images\Hyperspectral_kidney_normal_3271.jpg,Normal,0
validation,dataset\Hyperspectral_normal_images\Hyperspectral_kidney_normal_1842.jpg,Normal,0
validation,dataset\Hyperspectral_normal_images\Hyperspectral_kidney_normal_1628.jpg,Normal,0
validation,dataset\Hyperspectral_tumor_images\Hyperspectral_kidney_tumor_0924.jpg,Tumor,1
validation,dataset\Hyperspectral_normal_images\Hyperspectral_kidney_normal_4124.jpg,Normal,0
validation,dataset\Hyperspectral_normal_images\Hyperspectral_kidney_normal_1919.jpg,Normal,0
validation,dataset\Hyperspectral_normal_images\Hyperspectral_kidney_normal_1804.jpg,Normal,0
validation,dataset\Hyperspectral_normal_images\Hyperspectral_kidney_normal_0399.jpg,Normal,0
validation,dataset\Hyperspectral_tumor_images\Hyperspectral_kidney_tumor_3980.jpg,Tumor,1
validation,dataset\Hyperspectral_normal_images\Hyperspectral_kidney_normal_0697.jpg,Normal,0
validation,dataset\Hyperspectral_normal_images\Hyperspectral_kidney_normal_4662.jpg,Normal,0
validation,dataset\Hyperspectral_tumor_images\Hyperspectral_kidney_tumor_3170.jpg,Tumor,1
validation,dataset\Hyperspectral_normal_images\Hyperspectral_kidney_normal_3376.jpg,Normal,0
validation,dataset\Hyperspectral_tumor_images\Hyperspectral_kidney_tumor_2314.jpg,Tumor,1
validation,dataset\Hyperspectral_tumor_images\Hyperspectral_kidney_tumor_3870.jpg,Tumor,1
validation,dataset\Hyperspectral_normal_images\Hyperspectral_kidney_normal_4073.jpg,Normal,0
validation,dataset\Hyperspectral_normal_images\Hyperspectral_kidney_normal_0407.jpg,Normal,0
validation,dataset\Hyperspectral_normal_images\Hyperspectral_kidney_normal_1125.jpg,Normal,0
validation,dataset\Hyperspectral_tumor_images\Hyperspectral_kidney_tumor_1679.jpg,Tumor,1
validation,dataset\Hyperspectral_normal_images\Hyperspectral_kidney_normal_1810.jpg,Normal,0
validation,dataset\Hyperspectral_normal_images\Hyperspectral_kidney_normal_1120.jpg,Normal,0
validation,dataset\Hyperspectral_tumor_images\Hyperspectral_kidney_tumor_4663.jpg,Tumor,1
validation,dataset\Hyperspectral_normal_images\Hyperspectral_kidney_normal_2497.jpg,Normal,0
validation,dataset\Hyperspectral_tumor_images\Hyperspectral_kidney_tumor_0346.jpg,Tumor,1
validation,dataset\Hyperspectral_tumor_images\Hyperspectral_kidney_tumor_0407.jpg,Tumor,1
validation,dataset\Hyperspectral_normal_images\Hyperspectral_kidney_normal_2917.jpg,Normal,0
validation,dataset\Hyperspectral_normal_images\Hyperspectral_kidney_normal_1019.jpg,Normal,0
validation,dataset\Hyperspectral_tumor_images\Hyperspectral_kidney_tumor_2561.jpg,Tumor,1
validation,dataset\Hyperspectral_normal_images\Hyperspectral_kidney_normal_2374.jpg,Normal,0
validation,dataset\Hyperspectral_tumor_images\Hyperspectral_kidney_tumor_4865.jpg,Tumor,1
validation,dataset\Hyperspectral_tumor_images\Hyperspectral_kidney_tumor_2287.jpg,Tumor,1
validation,dataset\Hyperspectral_normal_images\Hyperspectral_kidney_normal_0476.jpg,Normal,0
validation,dataset\Hyperspectral_normal_images\Hyperspectral_kidney_normal_3492.jpg,Normal,0
validation,dataset\Hyperspectral_tumor_images\Hyperspectral_kidney_tumor_2333.jpg,Tumor,1
validation,dataset\Hyperspectral_normal_images\Hyperspectral_kidney_normal_4232.jpg,Normal,0
validation,dataset\Hyperspectral_normal_images\Hyperspectral_kidney_normal_2071.jpg,Normal,0
validation,dataset\Hyperspectral_normal_images\Hyperspectral_kidney_normal_3953.jpg,Normal,0
validation,dataset\Hyperspectral_normal_images\Hyperspectral_kidney_normal_0972.jpg,Normal,0
validation,dataset\Hyperspectral_normal_images\Hyperspectral_kidney_normal_3781.jpg,Normal,0
validation,dataset\Hyperspectral_tumor_images\Hyperspectral_kidney_tumor_2659.jpg,Tumor,1
validation,dataset\Hyperspectral_normal_images\Hyperspectral_kidney_normal_2616.jpg,Normal,0
validation,dataset\Hyperspectral_normal_images\Hyperspectral_kidney_normal_4680.jpg,Normal,0
validation,dataset\Hyperspectral_tumor_images\Hyperspectral_kidney_tumor_4390.jpg,Tumor,1
validation,dataset\Hyperspectral_tumor_images\Hyperspectral_kidney_tumor_3842.jpg,Tumor,1
validation,dataset\Hyperspectral_tumor_images\Hyperspectral_kidney_tumor_2902.jpg,Tumor,1
validation,dataset\Hyperspectral_tumor_images\Hyperspectral_kidney_tumor_2453.jpg,Tumor,1
validation,dataset\Hyperspectral_normal_images\Hyperspectral_kidney_normal_1438.jpg,Normal,0
validation,dataset\Hyperspectral_normal_images\Hyperspectral_kidney_normal_1329.jpg,Normal,0
validation,dataset\Hyperspectral_tumor_images\Hyperspectral_kidney_tumor_2539.jpg,Tumor,1
validation,dataset\Hyperspectral_normal_images\Hyperspectral_kidney_normal_4461.jpg,Normal,0
validation,dataset\Hyperspectral_tumor_images\Hyperspectral_kidney_tumor_1130.jpg,Tumor,1
validation,dataset\Hyperspectral_normal_images\Hyperspectral_kidney_normal_1227.jpg,Normal,0
validation,dataset\Hyperspectral_normal_images\Hyperspectral_kidney_normal_4508.jpg,Normal,0
validation,dataset\Hyperspectral_normal_images\Hyperspectral_kidney_normal_3474.jpg,Normal,0
validation,dataset\Hyperspectral_tumor_images\Hyperspectral_kidney_tumor_1050.jpg,Tumor,1
validation,dataset\Hyperspectral_normal_images\Hyperspectral_kidney_normal_2660.jpg,Normal,0
validation,dataset\Hyperspectral_normal_images\Hyperspectral_kidney_normal_1185.jpg,Normal,0
validation,dataset\Hyperspectral_normal_images\Hyperspectral_kidney_normal_0738.jpg,Normal,0
validation,dataset\Hyperspectral_tumor_images\Hyperspectral_kidney_tumor_0077.jpg,Tumor,1
validation,dataset\Hyperspectral_normal_images\Hyperspectral_kidney_normal_0058.jpg,Normal,0
validation,dataset\Hyperspectral_normal_images\Hyperspectral_kidney_normal_1683.jpg,Normal,0
validation,dataset\Hyperspectral_tumor_images\Hyperspectral_kidney_tumor_2618.jpg,Tumor,1
validation,dataset\Hyperspectral_tumor_images\Hyperspectral_kidney_tumor_1128.jpg,Tumor,1
validation,dataset\Hyperspectral_normal_images\Hyperspectral_kidney_normal_4382.jpg,Normal,0
validation,dataset\Hyperspectral_tumor_images\Hyperspectral_kidney_tumor_0926.jpg,Tumor,1
validation,dataset\Hyperspectral_normal_images\Hyperspectral_kidney_normal_1202.jpg,Normal,0
validation,dataset\Hyperspectral_tumor_images\Hyperspectral_kidney_tumor_2058.jpg,Tumor,1
validation,dataset\Hyperspectral_tumor_images\Hyperspectral_kidney_tumor_4012.jpg,Tumor,1
validation,dataset\Hyperspectral_normal_images\Hyperspectral_kidney_normal_1238.jpg,Normal,0
validation,dataset\Hyperspectral_normal_images\Hyperspectral_kidney_normal_4947.jpg,Normal,0
validation,dataset\Hyperspectral_tumor_images\Hyperspectral_kidney_tumor_0349.jpg,Tumor,1
validation,dataset\Hyperspectral_normal_images\Hyperspectral_kidney_normal_0813.jpg,Normal,0
validation,dataset\Hyperspectral_tumor_images\Hyperspectral_kidney_tumor_3008.jpg,Tumor,1
validation,dataset\Hyperspectral_normal_images\Hyperspectral_kidney_normal_1469.jpg,Normal,0
validation,dataset\Hyperspectral_tumor_images\Hyperspectral_kidney_tumor_4323.jpg,Tumor,1
validation,dataset\Hyperspectral_tumor_images\Hyperspectral_kidney_tumor_0553.jpg,Tumor,1
validation,dataset\Hyperspectral_tumor_images\Hyperspectral_kidney_tumor_3760.jpg,Tumor,1
validation,dataset\Hyperspectral_normal_images\Hyperspectral_kidney_normal_2960.jpg,Normal,0
validation,dataset\Hyperspectral_tumor_images\Hyperspectral_kidney_tumor_0035.jpg,Tumor,1
validation,dataset\Hyperspectral_tumor_images\Hyperspectral_kidney_tumor_3955.jpg,Tumor,1
validation,dataset\Hyperspectral_normal_images\Hyperspectral_kidney_normal_4152.jpg,Normal,0
validation,dataset\Hyperspectral_tumor_images\Hyperspectral_kidney_tumor_4668.jpg,Tumor,1
validation,dataset\Hyperspectral_normal_images\Hyperspectral_kidney_normal_1027.jpg,Normal,0
validation,dataset\Hyperspectral_normal_images\Hyperspectral_kidney_normal_1818.jpg,Normal,0
validation,dataset\Hyperspectral_normal_images\Hyperspectral_kidney_normal_2841.jpg,Normal,0
validation,dataset\Hyperspectral_normal_images\Hyperspectral_kidney_normal_0533.jpg,Normal,0
validation,dataset\Hyperspectral_normal_images\Hyperspectral_kidney_normal_3090.jpg,Normal,0
validation,dataset\Hyperspectral_tumor_images\Hyperspectral_kidney_tumor_2562.jpg,Tumor,1
validation,dataset\Hyperspectral_normal_images\Hyperspectral_kidney_normal_0250.jpg,Normal,0
validation,dataset\Hyperspectral_normal_images\Hyperspectral_kidney_normal_3567.jpg,Normal,0
validation,dataset\Hyperspectral_normal_images\Hyperspectral_kidney_normal_2777.jpg,Normal,0
validation,dataset\Hyperspectral_normal_images\Hyperspectral_kidney_normal_3123.jpg,Normal,0
validation,dataset\Hyperspectral_normal_images\Hyperspectral_kidney_normal_1281.jpg,Normal,0
validation,dataset\Hyperspectral_tumor_images\Hyperspectral_kidney_tumor_0180.jpg,Tumor,1
validation,dataset\Hyperspectral_normal_images\Hyperspectral_kidney_normal_0975.jpg,Normal,0
validation,dataset\Hyperspectral_tumor_images\Hyperspectral_kidney_tumor_3156.jpg,Tumor,1
validation,dataset\Hyperspectral_tumor_images\Hyperspectral_kidney_tumor_3644.jpg,Tumor,1
validation,dataset\Hyperspectral_normal_images\Hyperspectral_kidney_normal_3055.jpg,Normal,0
validation,dataset\Hyperspectral_tumor_images\Hyperspectral_kidney_tumor_0224.jpg,Tumor,1
validation,dataset\Hyperspectral_tumor_images\Hyperspectral_kidney_tumor_0377.jpg,Tumor,1
validation,dataset\Hyperspectral_tumor_images\Hyperspectral_kidney_tumor_3701.jpg,Tumor,1
validation,dataset\Hyperspectral_tumor_images\Hyperspectral_kidney_tumor_1400.jpg,Tumor,1
validation,dataset\Hyperspectral_tumor_images\Hyperspectral_kidney_tumor_0828.jpg,Tumor,1
validation,dataset\Hyperspectral_tumor_images\Hyperspectral_kidney_tumor_0770.jpg,Tumor,1
validation,dataset\Hyperspectral_normal_images\Hyperspectral_kidney_normal_3062.jpg,Normal,0
validation,dataset\Hyperspectral_normal_images\Hyperspectral_kidney_normal_0943.jpg,Normal,0
validation,dataset\Hyperspectral_tumor_images\Hyperspectral_kidney_tumor_0155.jpg,Tumor,1
validation,dataset\Hyperspectral_tumor_images\Hyperspectral_kidney_tumor_2686.jpg,Tumor,1
validation,dataset\Hyperspectral_tumor_images\Hyperspectral_kidney_tumor_1543.jpg,Tumor,1
validation,dataset\Hyperspectral_normal_images\Hyperspectral_kidney_normal_4006.jpg,Normal,0
validation,dataset\Hyperspectral_tumor_images\Hyperspectral_kidney_tumor_0415.jpg,Tumor,1
validation,dataset\Hyperspectral_tumor_images\Hyperspectral_kidney_tumor_4834.jpg,Tumor,1
validation,dataset\Hyperspectral_tumor_images\Hyperspectral_kidney_tumor_2448.jpg,Tumor,1
validation,dataset\Hyperspectral_tumor_images\Hyperspectral_kidney_tumor_4968.jpg,Tumor,1
validation,dataset\Hyperspectral_normal_images\Hyperspectral_kidney_normal_2495.jpg,Normal,0
validation,dataset\Hyperspectral_normal_images\Hyperspectral_kidney_normal_2697.jpg,Normal,0
validation,dataset\Hyperspectral_tumor_images\Hyperspectral_kidney_tumor_2361.jpg,Tumor,1
validation,dataset\Hyperspectral_tumor_images\Hyperspectral_kidney_tumor_3647.jpg,Tumor,1
validation,dataset\Hyperspectral_tumor_images\Hyperspectral_kidney_tumor_4918.jpg,Tumor,1
validation,dataset\Hyperspectral_normal_images\Hyperspectral_kidney_normal_2918.jpg,Normal,0
validation,dataset\Hyperspectral_normal_images\Hyperspectral_kidney_normal_4918.jpg,Normal,0
validation,dataset\Hyperspectral_normal_images\Hyperspectral_kidney_normal_3692.jpg,Normal,0
validation,dataset\Hyperspectral_normal_images\Hyperspectral_kidney_normal_0587.jpg,Normal,0
validation,dataset\Hyperspectral_tumor_images\Hyperspectral_kidney_tumor_0778.jpg,Tumor,1
validation,dataset\Hyperspectral_tumor_images\Hyperspectral_kidney_tumor_4913.jpg,Tumor,1
validation,dataset\Hyperspectral_normal_images\Hyperspectral_kidney_normal_0952.jpg,Normal,0
validation,dataset\Hyperspectral_normal_images\Hyperspectral_kidney_normal_1173.jpg,Normal,0
validation,dataset\Hyperspectral_tumor_images\Hyperspectral_kidney_tumor_4264.jpg,Tumor,1
validation,dataset\Hyperspectral_tumor_images\Hyperspectral_kidney_tumor_1476.jpg,Tumor,1
validation,dataset\Hyperspectral_tumor_images\Hyperspectral_kidney_tumor_2203.jpg,Tumor,1
validation,dataset\Hyperspectral_tumor_images\Hyperspectral_kidney_tumor_3289.jpg,Tumor,1
validation,dataset\Hyperspectral_tumor_images\Hyperspectral_kidney_tumor_0494.jpg,Tumor,1
validation,dataset\Hyperspectral_normal_images\Hyperspectral_kidney_normal_2613.jpg,Normal,0
validation,dataset\Hyperspectral_tumor_images\Hyperspectral_kidney_tumor_1060.jpg,Tumor,1
validation,dataset\Hyperspectral_normal_images\Hyperspectral_kidney_normal_2389.jpg,Normal,0
validation,dataset\Hyperspectral_normal_images\Hyperspectral_kidney_normal_4066.jpg,Normal,0
validation,dataset\Hyperspectral_normal_images\Hyperspectral_kidney_normal_3402.jpg,Normal,0
validation,dataset\Hyperspectral_normal_images\Hyperspectral_kidney_normal_2365.jpg,Normal,0
validation,dataset\Hyperspectral_tumor_images\Hyperspectral_kidney_tumor_4732.jpg,Tumor,1
validation,dataset\Hyperspectral_tumor_images\Hyperspectral_kidney_tumor_1750.jpg,Tumor,1
validation,dataset\Hyperspectral_normal_images\Hyperspectral_kidney_normal_1546.jpg,Normal,0
validation,dataset\Hyperspectral_normal_images\Hyperspectral_kidney_normal_4471.jpg,Normal,0
validation,dataset\Hyperspectral_normal_images\Hyperspectral_kidney_normal_0106.jpg,Normal,0
validation,dataset\Hyperspectral_tumor_images\Hyperspectral_kidney_tumor_0207.jpg,Tumor,1
validation,dataset\Hyperspectral_tumor_images\Hyperspectral_kidney_tumor_2873.jpg,Tumor,1
validation,dataset\Hyperspectral_tumor_images\Hyperspectral_kidney_tumor_2512.jpg,Tumor,1
validation,dataset\Hyperspectral_normal_images\Hyperspectral_kidney_normal_0230.jpg,Normal,0
validation,dataset\Hyperspectral_tumor_images\Hyperspectral_kidney_tumor_4452.jpg,Tumor,1
validation,dataset\Hyperspectral_normal_images\Hyperspectral_kidney_normal_3749.jpg,Normal,0
validation,dataset\Hyperspectral_normal_images\Hyperspectral_kidney_normal_4576.jpg,Normal,0
validation,dataset\Hyperspectral_normal_images\Hyperspectral_kidney_normal_0539.jpg,Normal,0
validation,dataset\Hyperspectral_normal_images\Hyperspectral_kidney_normal_4290.jpg,Normal,0
validation,dataset\Hyperspectral_tumor_images\Hyperspectral_kidney_tumor_1421.jpg,Tumor,1
validation,dataset\Hyperspectral_tumor_images\Hyperspectral_kidney_tumor_0755.jpg,Tumor,1
validation,dataset\Hyperspectral_normal_images\Hyperspectral_kidney_normal_1499.jpg,Normal,0
validation,dataset\Hyperspectral_tumor_images\Hyperspectral_kidney_tumor_3874.jpg,Tumor,1
validation,dataset\Hyperspectral_tumor_images\Hyperspectral_kidney_tumor_4782.jpg,Tumor,1
validation,dataset\Hyperspectral_tumor_images\Hyperspectral_kidney_tumor_1584.jpg,Tumor,1
validation,dataset\Hyperspectral_tumor_images\Hyperspectral_kidney_tumor_1160.jpg,Tumor,1
validation,dataset\Hyperspectral_normal_images\Hyperspectral_kidney_normal_2683.jpg,Normal,0
validation,dataset\Hyperspectral_normal_images\Hyperspectral_kidney_normal_4018.jpg,Normal,0
validation,dataset\Hyperspectral_normal_images\Hyperspectral_kidney_normal_1449.jpg,Normal,0
validation,dataset\Hyperspectral_tumor_images\Hyperspectral_kidney_tumor_1999.jpg,Tumor,1
validation,dataset\Hyperspectral_normal_images\Hyperspectral_kidney_normal_4348.jpg,Normal,0
validation,dataset\Hyperspectral_normal_images\Hyperspectral_kidney_normal_1562.jpg,Normal,0
validation,dataset\Hyperspectral_normal_images\Hyperspectral_kidney_normal_0659.jpg,Normal,0
validation,dataset\Hyperspectral_normal_images\Hyperspectral_kidney_normal_1221.jpg,Normal,0
validation,dataset\Hyperspectral_normal_images\Hyperspectral_kidney_normal_0542.jpg,Normal,0
validation,dataset\Hyperspectral_tumor_images\Hyperspectral_kidney_tumor_4809.jpg,Tumor,1
validation,dataset\Hyperspectral_tumor_images\Hyperspectral_kidney_tumor_3911.jpg,Tumor,1
validation,dataset\Hyperspectral_tumor_images\Hyperspectral_kidney_tumor_1840.jpg,Tumor,1
validation,dataset\Hyperspectral_normal_images\Hyperspectral_kidney_normal_2637.jpg,Normal,0
validation,dataset\Hyperspectral_normal_images\Hyperspectral_kidney_normal_1510.jpg,Normal,0
validation,dataset\Hyperspectral_normal_images\Hyperspectral_kidney_normal_2814.jpg,Normal,0
validation,dataset\Hyperspectral_normal_images\Hyperspectral_kidney_normal_4807.jpg,Normal,0
validation,dataset\Hyperspectral_tumor_images\Hyperspectral_kidney_tumor_4516.jpg,Tumor,1
validation,dataset\Hyperspectral_tumor_images\Hyperspectral_kidney_tumor_1338.jpg,Tumor,1
validation,dataset\Hyperspectral_tumor_images\Hyperspectral_kidney_tumor_0131.jpg,Tumor,1
validation,dataset\Hyperspectral_tumor_images\Hyperspectral_kidney_tumor_1844.jpg,Tumor,1
validation,dataset\Hyperspectral_normal_images\Hyperspectral_kidney_normal_0178.jpg,Normal,0
validation,dataset\Hyperspectral_tumor_images\Hyperspectral_kidney_tumor_2853.jpg,Tumor,1
validation,dataset\Hyperspectral_normal_images\Hyperspectral_kidney_normal_2480.jpg,Normal,0
validation,dataset\Hyperspectral_tumor_images\Hyperspectral_kidney_tumor_2878.jpg,Tumor,1
validation,dataset\Hyperspectral_tumor_images\Hyperspectral_kidney_tumor_0369.jpg,Tumor,1
validation,dataset\Hyperspectral_normal_images\Hyperspectral_kidney_normal_4458.jpg,Normal,0
validation,dataset\Hyperspectral_normal_images\Hyperspectral_kidney_normal_4646.jpg,Normal,0
validation,dataset\Hyperspectral_normal_images\Hyperspectral_kidney_normal_2247.jpg,Normal,0
validation,dataset\Hyperspectral_normal_images\Hyperspectral_kidney_normal_4796.jpg,Normal,0
validation,dataset\Hyperspectral_tumor_images\Hyperspectral_kidney_tumor_2826.jpg,Tumor,1
validation,dataset\Hyperspectral_normal_images\Hyperspectral_kidney_normal_0404.jpg,Normal,0
validation,dataset\Hyperspectral_normal_images\Hyperspectral_kidney_normal_1392.jpg,Normal,0
validation,dataset\Hyperspectral_normal_images\Hyperspectral_kidney_normal_4703.jpg,Normal,0
validation,dataset\Hyperspectral_tumor_images\Hyperspectral_kidney_tumor_4557.jpg,Tumor,1
validation,dataset\Hyperspectral_tumor_images\Hyperspectral_kidney_tumor_2049.jpg,Tumor,1
validation,dataset\Hyperspectral_tumor_images\Hyperspectral_kidney_tumor_0273.jpg,Tumor,1
validation,dataset\Hyperspectral_normal_images\Hyperspectral_kidney_normal_4971.jpg,Normal,0
validation,dataset\Hyperspectral_normal_images\Hyperspectral_kidney_normal_3362.jpg,Normal,0
validation,dataset\Hyperspectral_tumor_images\Hyperspectral_kidney_tumor_2597.jpg,Tumor,1
validation,dataset\Hyperspectral_tumor_images\Hyperspectral_kidney_tumor_0732.jpg,Tumor,1
validation,dataset\Hyperspectral_normal_images\Hyperspectral_kidney_normal_3968.jpg,Normal,0
validation,dataset\Hyperspectral_tumor_images\Hyperspectral_kidney_tumor_3710.jpg,Tumor,1
validation,dataset\Hyperspectral_normal_images\Hyperspectral_kidney_normal_1617.jpg,Normal,0
validation,dataset\Hyperspectral_normal_images\Hyperspectral_kidney_normal_3682.jpg,Normal,0
validation,dataset\Hyperspectral_tumor_images\Hyperspectral_kidney_tumor_4178.jpg,Tumor,1
validation,dataset\Hyperspectral_normal_images\Hyperspectral_kidney_normal_0137.jpg,Normal,0
validation,dataset\Hyperspectral_normal_images\Hyperspectral_kidney_normal_3231.jpg,Normal,0
validation,dataset\Hyperspectral_normal_images\Hyperspectral_kidney_normal_2636.jpg,Normal,0
validation,dataset\Hyperspectral_normal_images\Hyperspectral_kidney_normal_1486.jpg,Normal,0
validation,dataset\Hyperspectral_tumor_images\Hyperspectral_kidney_tumor_1197.jpg,Tumor,1
validation,dataset\Hyperspectral_tumor_images\Hyperspectral_kidney_tumor_3153.jpg,Tumor,1
validation,dataset\Hyperspectral_normal_images\Hyperspectral_kidney_normal_4611.jpg,Normal,0
validation,dataset\Hyperspectral_tumor_images\Hyperspectral_kidney_tumor_3718.jpg,Tumor,1
validation,dataset\Hyperspectral_normal_images\Hyperspectral_kidney_normal_0674.jpg,Normal,0
validation,dataset\Hyperspectral_tumor_images\Hyperspectral_kidney_tumor_3683.jpg,Tumor,1
validation,dataset\Hyperspectral_tumor_images\Hyperspectral_kidney_tumor_4552.jpg,Tumor,1
validation,dataset\Hyperspectral_tumor_images\Hyperspectral_kidney_tumor_4987.jpg,Tumor,1
validation,dataset\Hyperspectral_normal_images\Hyperspectral_kidney_normal_0370.jpg,Normal,0
validation,dataset\Hyperspectral_tumor_images\Hyperspectral_kidney_tumor_0868.jpg,Tumor,1
validation,dataset\Hyperspectral_normal_images\Hyperspectral_kidney_normal_3782.jpg,Normal,0
validation,dataset\Hyperspectral_tumor_images\Hyperspectral_kidney_tumor_1785.jpg,Tumor,1
validation,dataset\Hyperspectral_tumor_images\Hyperspectral_kidney_tumor_1524.jpg,Tumor,1
validation,dataset\Hyperspectral_normal_images\Hyperspectral_kidney_normal_1495.jpg,Normal,0
validation,dataset\Hyperspectral_tumor_images\Hyperspectral_kidney_tumor_2438.jpg,Tumor,1
validation,dataset\Hyperspectral_normal_images\Hyperspectral_kidney_normal_2608.jpg,Normal,0
validation,dataset\Hyperspectral_tumor_images\Hyperspectral_kidney_tumor_3782.jpg,Tumor,1
validation,dataset\Hyperspectral_normal_images\Hyperspectral_kidney_normal_3434.jpg,Normal,0
validation,dataset\Hyperspectral_tumor_images\Hyperspectral_kidney_tumor_2694.jpg,Tumor,1
validation,dataset\Hyperspectral_tumor_images\Hyperspectral_kidney_tumor_4015.jpg,Tumor,1
validation,dataset\Hyperspectral_normal_images\Hyperspectral_kidney_normal_2979.jpg,Normal,0
validation,dataset\Hyperspectral_normal_images\Hyperspectral_kidney_normal_1858.jpg,Normal,0
validation,dataset\Hyperspectral_tumor_images\Hyperspectral_kidney_tumor_0460.jpg,Tumor,1
validation,dataset\Hyperspectral_normal_images\Hyperspectral_kidney_normal_3739.jpg,Normal,0
validation,dataset\Hyperspectral_tumor_images\Hyperspectral_kidney_tumor_2235.jpg,Tumor,1
validation,dataset\Hyperspectral_tumor_images\Hyperspectral_kidney_tumor_0490.jpg,Tumor,1
validation,dataset\Hyperspectral_tumor_images\Hyperspectral_kidney_tumor_2964.jpg,Tumor,1
validation,dataset\Hyperspectral_normal_images\Hyperspectral_kidney_normal_2412.jpg,Normal,0
validation,dataset\Hyperspectral_normal_images\Hyperspectral_kidney_normal_3000.jpg,Normal,0
validation,dataset\Hyperspectral_normal_images\Hyperspectral_kidney_normal_2064.jpg,Normal,0
validation,dataset\Hyperspectral_tumor_images\Hyperspectral_kidney_tumor_0142.jpg,Tumor,1
validation,dataset\Hyperspectral_normal_images\Hyperspectral_kidney_normal_2202.jpg,Normal,0
validation,dataset\Hyperspectral_tumor_images\Hyperspectral_kidney_tumor_3629.jpg,Tumor,1
validation,dataset\Hyperspectral_normal_images\Hyperspectral_kidney_normal_4202.jpg,Normal,0
validation,dataset\Hyperspectral_normal_images\Hyperspectral_kidney_normal_0885.jpg,Normal,0
validation,dataset\Hyperspectral_normal_images\Hyperspectral_kidney_normal_2851.jpg,Normal,0
validation,dataset\Hyperspectral_tumor_images\Hyperspectral_kidney_tumor_3373.jpg,Tumor,1
validation,dataset\Hyperspectral_tumor_images\Hyperspectral_kidney_tumor_2227.jpg,Tumor,1
validation,dataset\Hyperspectral_tumor_images\Hyperspectral_kidney_tumor_1545.jpg,Tumor,1
validation,dataset\Hyperspectral_normal_images\Hyperspectral_kidney_normal_3587.jpg,Normal,0
validation,dataset\Hyperspectral_normal_images\Hyperspectral_kidney_normal_2281.jpg,Normal,0
validation,dataset\Hyperspectral_normal_images\Hyperspectral_kidney_normal_0739.jpg,Normal,0
validation,dataset\Hyperspectral_normal_images\Hyperspectral_kidney_normal_0128.jpg,Normal,0
validation,dataset\Hyperspectral_normal_images\Hyperspectral_kidney_normal_4067.jpg,Normal,0
validation,dataset\Hyperspectral_normal_images\Hyperspectral_kidney_normal_0324.jpg,Normal,0
validation,dataset\Hyperspectral_normal_images\Hyperspectral_kidney_normal_4413.jpg,Normal,0
validation,dataset\Hyperspectral_tumor_images\Hyperspectral_kidney_tumor_3409.jpg,Tumor,1
validation,dataset\Hyperspectral_tumor_images\Hyperspectral_kidney_tumor_2283.jpg,Tumor,1
validation,dataset\Hyperspectral_tumor_images\Hyperspectral_kidney_tumor_0684.jpg,Tumor,1
validation,dataset\Hyperspectral_normal_images\Hyperspectral_kidney_normal_4845.jpg,Normal,0
validation,dataset\Hyperspectral_normal_images\Hyperspectral_kidney_normal_1536.jpg,Normal,0
validation,dataset\Hyperspectral_normal_images\Hyperspectral_kidney_normal_2271.jpg,Normal,0
validation,dataset\Hyperspectral_tumor_images\Hyperspectral_kidney_tumor_2400.jpg,Tumor,1
validation,dataset\Hyperspectral_normal_images\Hyperspectral_kidney_normal_4457.jpg,Normal,0
validation,dataset\Hyperspectral_tumor_images\Hyperspectral_kidney_tumor_0792.jpg,Tumor,1
validation,dataset\Hyperspectral_tumor_images\Hyperspectral_kidney_tumor_3063.jpg,Tumor,1
validation,dataset\Hyperspectral_tumor_images\Hyperspectral_kidney_tumor_2418.jpg,Tumor,1
validation,dataset\Hyperspectral_normal_images\Hyperspectral_kidney_normal_4403.jpg,Normal,0
validation,dataset\Hyperspectral_tumor_images\Hyperspectral_kidney_tumor_3360.jpg,Tumor,1
validation,dataset\Hyperspectral_tumor_images\Hyperspectral_kidney_tumor_1120.jpg,Tumor,1
validation,dataset\Hyperspectral_normal_images\Hyperspectral_kidney_normal_2662.jpg,Normal,0
validation,dataset\Hyperspectral_normal_images\Hyperspectral_kidney_normal_4658.jpg,Normal,0
validation,dataset\Hyperspectral_tumor_images\Hyperspectral_kidney_tumor_1950.jpg,Tumor,1
validation,dataset\Hyperspectral_normal_images\Hyperspectral_kidney_normal_4331.jpg,Normal,0
validation,dataset\Hyperspectral_tumor_images\Hyperspectral_kidney_tumor_2373.jpg,Tumor,1
validation,dataset\Hyperspectral_normal_images\Hyperspectral_kidney_normal_1360.jpg,Normal,0
validation,dataset\Hyperspectral_normal_images\Hyperspectral_kidney_normal_4057.jpg,Normal,0
validation,dataset\Hyperspectral_normal_images\Hyperspectral_kidney_normal_4100.jpg,Normal,0
validation,dataset\Hyperspectral_tumor_images\Hyperspectral_kidney_tumor_4959.jpg,Tumor,1
validation,dataset\Hyperspectral_tumor_images\Hyperspectral_kidney_tumor_2716.jpg,Tumor,1
validation,dataset\Hyperspectral_tumor_images\Hyperspectral_kidney_tumor_1779.jpg,Tumor,1
validation,dataset\Hyperspectral_tumor_images\Hyperspectral_kidney_tumor_4920.jpg,Tumor,1
validation,dataset\Hyperspectral_tumor_images\Hyperspectral_kidney_tumor_1300.jpg,Tumor,1
validation,dataset\Hyperspectral_tumor_images\Hyperspectral_kidney_tumor_3778.jpg,Tumor,1
validation,dataset\Hyperspectral_normal_images\Hyperspectral_kidney_normal_3202.jpg,Normal,0
validation,dataset\Hyperspectral_tumor_images\Hyperspectral_kidney_tumor_0182.jpg,Tumor,1
validation,dataset\Hyperspectral_tumor_images\Hyperspectral_kidney_tumor_2954.jpg,Tumor,1
validation,dataset\Hyperspectral_tumor_images\Hyperspectral_kidney_tumor_0275.jpg,Tumor,1
validation,dataset\Hyperspectral_tumor_images\Hyperspectral_kidney_tumor_2752.jpg,Tumor,1
validation,dataset\Hyperspectral_tumor_images\Hyperspectral_kidney_tumor_0129.jpg,Tumor,1
validation,dataset\Hyperspectral_tumor_images\Hyperspectral_kidney_tumor_0829.jpg,Tumor,1
validation,dataset\Hyperspectral_normal_images\Hyperspectral_kidney_normal_1119.jpg,Normal,0
validation,dataset\Hyperspectral_normal_images\Hyperspectral_kidney_normal_2352.jpg,Normal,0
validation,dataset\Hyperspectral_tumor_images\Hyperspectral_kidney_tumor_3844.jpg,Tumor,1
validation,dataset\Hyperspectral_tumor_images\Hyperspectral_kidney_tumor_3773.jpg,Tumor,1
validation,dataset\Hyperspectral_normal_images\Hyperspectral_kidney_normal_1733.jpg,Normal,0
validation,dataset\Hyperspectral_tumor_images\Hyperspectral_kidney_tumor_1989.jpg,Tumor,1
validation,dataset\Hyperspectral_normal_images\Hyperspectral_kidney_normal_4438.jpg,Normal,0
validation,dataset\Hyperspectral_normal_images\Hyperspectral_kidney_normal_4209.jpg,Normal,0
validation,dataset\Hyperspectral_tumor_images\Hyperspectral_kidney_tumor_0957.jpg,Tumor,1
validation,dataset\Hyperspectral_normal_images\Hyperspectral_kidney_normal_4417.jpg,Normal,0
validation,dataset\Hyperspectral_normal_images\Hyperspectral_kidney_normal_0396.jpg,Normal,0
validation,dataset\Hyperspectral_tumor_images\Hyperspectral_kidney_tumor_0439.jpg,Tumor,1
validation,dataset\Hyperspectral_tumor_images\Hyperspectral_kidney_tumor_1047.jpg,Tumor,1
validation,dataset\Hyperspectral_tumor_images\Hyperspectral_kidney_tumor_3527.jpg,Tumor,1
validation,dataset\Hyperspectral_normal_images\Hyperspectral_kidney_normal_1557.jpg,Normal,0
validation,dataset\Hyperspectral_normal_images\Hyperspectral_kidney_normal_3404.jpg,Normal,0
validation,dataset\Hyperspectral_normal_images\Hyperspectral_kidney_normal_3247.jpg,Normal,0
validation,dataset\Hyperspectral_normal_images\Hyperspectral_kidney_normal_0936.jpg,Normal,0
validation,dataset\Hyperspectral_normal_images\Hyperspectral_kidney_normal_2967.jpg,Normal,0
validation,dataset\Hyperspectral_normal_images\Hyperspectral_kidney_normal_4084.jpg,Normal,0
validation,dataset\Hyperspectral_tumor_images\Hyperspectral_kidney_tumor_0339.jpg,Tumor,1
validation,dataset\Hyperspectral_tumor_images\Hyperspectral_kidney_tumor_2415.jpg,Tumor,1
validation,dataset\Hyperspectral_tumor_images\Hyperspectral_kidney_tumor_2631.jpg,Tumor,1
validation,dataset\Hyperspectral_normal_images\Hyperspectral_kidney_normal_4210.jpg,Normal,0
validation,dataset\Hyperspectral_tumor_images\Hyperspectral_kidney_tumor_4697.jpg,Tumor,1
validation,dataset\Hyperspectral_normal_images\Hyperspectral_kidney_normal_0561.jpg,Normal,0
validation,dataset\Hyperspectral_normal_images\Hyperspectral_kidney_normal_1778.jpg,Normal,0
validation,dataset\Hyperspectral_normal_images\Hyperspectral_kidney_normal_3691.jpg,Normal,0
validation,dataset\Hyperspectral_normal_images\Hyperspectral_kidney_normal_0577.jpg,Normal,0
validation,dataset\Hyperspectral_tumor_images\Hyperspectral_kidney_tumor_4068.jpg,Tumor,1
validation,dataset\Hyperspectral_normal_images\Hyperspectral_kidney_normal_3353.jpg,Normal,0
validation,dataset\Hyperspectral_tumor_images\Hyperspectral_kidney_tumor_2357.jpg,Tumor,1
validation,dataset\Hyperspectral_normal_images\Hyperspectral_kidney_normal_0268.jpg,Normal,0
validation,dataset\Hyperspectral_normal_images\Hyperspectral_kidney_normal_2103.jpg,Normal,0
validation,dataset\Hyperspectral_normal_images\Hyperspectral_kidney_normal_1914.jpg,Normal,0
validation,dataset\Hyperspectral_normal_images\Hyperspectral_kidney_normal_3386.jpg,Normal,0
validation,dataset\Hyperspectral_normal_images\Hyperspectral_kidney_normal_0779.jpg,Normal,0
validation,dataset\Hyperspectral_normal_images\Hyperspectral_kidney_normal_0998.jpg,Normal,0
validation,dataset\Hyperspectral_normal_images\Hyperspectral_kidney_normal_2499.jpg,Normal,0
validation,dataset\Hyperspectral_tumor_images\Hyperspectral_kidney_tumor_4936.jpg,Tumor,1
validation,dataset\Hyperspectral_tumor_images\Hyperspectral_kidney_tumor_0324.jpg,Tumor,1
validation,dataset\Hyperspectral_normal_images\Hyperspectral_kidney_normal_4353.jpg,Normal,0
validation,dataset\Hyperspectral_normal_images\Hyperspectral_kidney_normal_1117.jpg,Normal,0
validation,dataset\Hyperspectral_normal_images\Hyperspectral_kidney_normal_1320.jpg,Normal,0
validation,dataset\Hyperspectral_tumor_images\Hyperspectral_kidney_tumor_0597.jpg,Tumor,1
validation,dataset\Hyperspectral_normal_images\Hyperspectral_kidney_normal_1951.jpg,Normal,0
validation,dataset\Hyperspectral_normal_images\Hyperspectral_kidney_normal_3540.jpg,Normal,0
validation,dataset\Hyperspectral_normal_images\Hyperspectral_kidney_normal_3840.jpg,Normal,0
validation,dataset\Hyperspectral_tumor_images\Hyperspectral_kidney_tumor_2254.jpg,Tumor,1
validation,dataset\Hyperspectral_tumor_images\Hyperspectral_kidney_tumor_3221.jpg,Tumor,1
validation,dataset\Hyperspectral_tumor_images\Hyperspectral_kidney_tumor_1701.jpg,Tumor,1
validation,dataset\Hyperspectral_tumor_images\Hyperspectral_kidney_tumor_3295.jpg,Tumor,1
validation,dataset\Hyperspectral_normal_images\Hyperspectral_kidney_normal_0720.jpg,Normal,0
validation,dataset\Hyperspectral_tumor_images\Hyperspectral_kidney_tumor_2068.jpg,Tumor,1
validation,dataset\Hyperspectral_tumor_images\Hyperspectral_kidney_tumor_4202.jpg,Tumor,1
validation,dataset\Hyperspectral_normal_images\Hyperspectral_kidney_normal_0494.jpg,Normal,0
validation,dataset\Hyperspectral_tumor_images\Hyperspectral_kidney_tumor_3095.jpg,Tumor,1
validation,dataset\Hyperspectral_normal_images\Hyperspectral_kidney_normal_0472.jpg,Normal,0
validation,dataset\Hyperspectral_tumor_images\Hyperspectral_kidney_tumor_2524.jpg,Tumor,1
validation,dataset\Hyperspectral_tumor_images\Hyperspectral_kidney_tumor_4563.jpg,Tumor,1
validation,dataset\Hyperspectral_tumor_images\Hyperspectral_kidney_tumor_1762.jpg,Tumor,1
validation,dataset\Hyperspectral_tumor_images\Hyperspectral_kidney_tumor_4348.jpg,Tumor,1
validation,dataset\Hyperspectral_normal_images\Hyperspectral_kidney_normal_2853.jpg,Normal,0
validation,dataset\Hyperspectral_normal_images\Hyperspectral_kidney_normal_3027.jpg,Normal,0
validation,dataset\Hyperspectral_tumor_images\Hyperspectral_kidney_tumor_4261.jpg,Tumor,1
validation,dataset\Hyperspectral_tumor_images\Hyperspectral_kidney_tumor_0094.jpg,Tumor,1
validation,dataset\Hyperspectral_normal_images\Hyperspectral_kidney_normal_1902.jpg,Normal,0
validation,dataset\Hyperspectral_normal_images\Hyperspectral_kidney_normal_4112.jpg,Normal,0
validation,dataset\Hyperspectral_normal_images\Hyperspectral_kidney_normal_4072.jpg,Normal,0
validation,dataset\Hyperspectral_normal_images\Hyperspectral_kidney_normal_3955.jpg,Normal,0
validation,dataset\Hyperspectral_tumor_images\Hyperspectral_kidney_tumor_1695.jpg,Tumor,1
validation,dataset\Hyperspectral_tumor_images\Hyperspectral_kidney_tumor_1166.jpg,Tumor,1
validation,dataset\Hyperspectral_tumor_images\Hyperspectral_kidney_tumor_3418.jpg,Tumor,1
validation,dataset\Hyperspectral_normal_images\Hyperspectral_kidney_normal_3068.jpg,Normal,0
validation,dataset\Hyperspectral_tumor_images\Hyperspectral_kidney_tumor_3243.jpg,Tumor,1
validation,dataset\Hyperspectral_tumor_images\Hyperspectral_kidney_tumor_3323.jpg,Tumor,1
validation,dataset\Hyperspectral_normal_images\Hyperspectral_kidney_normal_0778.jpg,Normal,0
validation,dataset\Hyperspectral_tumor_images\Hyperspectral_kidney_tumor_2446.jpg,Tumor,1
validation,dataset\Hyperspectral_normal_images\Hyperspectral_kidney_normal_3879.jpg,Normal,0
validation,dataset\Hyperspectral_normal_images\Hyperspectral_kidney_normal_2538.jpg,Normal,0
validation,dataset\Hyperspectral_normal_images\Hyperspectral_kidney_normal_1863.jpg,Normal,0
validation,dataset\Hyperspectral_tumor_images\Hyperspectral_kidney_tumor_1325.jpg,Tumor,1
validation,dataset\Hyperspectral_normal_images\Hyperspectral_kidney_normal_2442.jpg,Normal,0
validation,dataset\Hyperspectral_normal_images\Hyperspectral_kidney_normal_3143.jpg,Normal,0
validation,dataset\Hyperspectral_normal_images\Hyperspectral_kidney_normal_1938.jpg,Normal,0
validation,dataset\Hyperspectral_normal_images\Hyperspectral_kidney_normal_3744.jpg,Normal,0
validation,dataset\Hyperspectral_normal_images\Hyperspectral_kidney_normal_2052.jpg,Normal,0
validation,dataset\Hyperspectral_tumor_images\Hyperspectral_kidney_tumor_0993.jpg,Tumor,1
validation,dataset\Hyperspectral_tumor_images\Hyperspectral_kidney_tumor_1250.jpg,Tumor,1
validation,dataset\Hyperspectral_tumor_images\Hyperspectral_kidney_tumor_0733.jpg,Tumor,1
validation,dataset\Hyperspectral_normal_images\Hyperspectral_kidney_normal_2360.jpg,Normal,0
validation,dataset\Hyperspectral_normal_images\Hyperspectral_kidney_normal_2502.jpg,Normal,0
validation,dataset\Hyperspectral_normal_images\Hyperspectral_kidney_normal_2558.jpg,Normal,0
validation,dataset\Hyperspectral_normal_images\Hyperspectral_kidney_normal_2391.jpg,Normal,0
validation,dataset\Hyperspectral_normal_images\Hyperspectral_kidney_normal_1471.jpg,Normal,0
validation,dataset\Hyperspectral_tumor_images\Hyperspectral_kidney_tumor_2482.jpg,Tumor,1
validation,dataset\Hyperspectral_normal_images\Hyperspectral_kidney_normal_3412.jpg,Normal,0
validation,dataset\Hyperspectral_normal_images\Hyperspectral_kidney_normal_3347.jpg,Normal,0
validation,dataset\Hyperspectral_normal_images\Hyperspectral_kidney_normal_1961.jpg,Normal,0
validation,dataset\Hyperspectral_normal_images\Hyperspectral_kidney_normal_0714.jpg,Normal,0
validation,dataset\Hyperspectral_normal_images\Hyperspectral_kidney_normal_3851.jpg,Normal,0
validation,dataset\Hyperspectral_normal_images\Hyperspectral_kidney_normal_1762.jpg,Normal,0
validation,dataset\Hyperspectral_normal_images\Hyperspectral_kidney_normal_2879.jpg,Normal,0
validation,dataset\Hyperspectral_normal_images\Hyperspectral_kidney_normal_1506.jpg,Normal,0
validation,dataset\Hyperspectral_normal_images\Hyperspectral_kidney_normal_4989.jpg,Normal,0
validation,dataset\Hyperspectral_tumor_images\Hyperspectral_kidney_tumor_0981.jpg,Tumor,1
validation,dataset\Hyperspectral_normal_images\Hyperspectral_kidney_normal_0715.jpg,Normal,0
validation,dataset\Hyperspectral_tumor_images\Hyperspectral_kidney_tumor_4683.jpg,Tumor,1
validation,dataset\Hyperspectral_tumor_images\Hyperspectral_kidney_tumor_1638.jpg,Tumor,1
validation,dataset\Hyperspectral_normal_images\Hyperspectral_kidney_normal_1074.jpg,Normal,0
validation,dataset\Hyperspectral_tumor_images\Hyperspectral_kidney_tumor_4441.jpg,Tumor,1
validation,dataset\Hyperspectral_normal_images\Hyperspectral_kidney_normal_0406.jpg,Normal,0
validation,dataset\Hyperspectral_tumor_images\Hyperspectral_kidney_tumor_2799.jpg,Tumor,1
validation,dataset\Hyperspectral_tumor_images\Hyperspectral_kidney_tumor_1497.jpg,Tumor,1
validation,dataset\Hyperspectral_normal_images\Hyperspectral_kidney_normal_4931.jpg,Normal,0
validation,dataset\Hyperspectral_tumor_images\Hyperspectral_kidney_tumor_2919.jpg,Tumor,1
validation,dataset\Hyperspectral_normal_images\Hyperspectral_kidney_normal_1344.jpg,Normal,0
validation,dataset\Hyperspectral_normal_images\Hyperspectral_kidney_normal_0898.jpg,Normal,0
validation,dataset\Hyperspectral_tumor_images\Hyperspectral_kidney_tumor_4140.jpg,Tumor,1
validation,dataset\Hyperspectral_tumor_images\Hyperspectral_kidney_tumor_3006.jpg,Tumor,1
validation,dataset\Hyperspectral_normal_images\Hyperspectral_kidney_normal_3369.jpg,Normal,0
validation,dataset\Hyperspectral_tumor_images\Hyperspectral_kidney_tumor_1764.jpg,Tumor,1
validation,dataset\Hyperspectral_normal_images\Hyperspectral_kidney_normal_4356.jpg,Normal,0
validation,dataset\Hyperspectral_normal_images\Hyperspectral_kidney_normal_3566.jpg,Normal,0
validation,dataset\Hyperspectral_tumor_images\Hyperspectral_kidney_tumor_3697.jpg,Tumor,1
validation,dataset\Hyperspectral_tumor_images\Hyperspectral_kidney_tumor_3976.jpg,Tumor,1
validation,dataset\Hyperspectral_normal_images\Hyperspectral_kidney_normal_3188.jpg,Normal,0
validation,dataset\Hyperspectral_normal_images\Hyperspectral_kidney_normal_3652.jpg,Normal,0
validation,dataset\Hyperspectral_tumor_images\Hyperspectral_kidney_tumor_2204.jpg,Tumor,1
validation,dataset\Hyperspectral_normal_images\Hyperspectral_kidney_normal_3222.jpg,Normal,0
validation,dataset\Hyperspectral_tumor_images\Hyperspectral_kidney_tumor_2219.jpg,Tumor,1
validation,dataset\Hyperspectral_tumor_images\Hyperspectral_kidney_tumor_1563.jpg,Tumor,1
validation,dataset\Hyperspectral_tumor_images\Hyperspectral_kidney_tumor_0540.jpg,Tumor,1
validation,dataset\Hyperspectral_normal_images\Hyperspectral_kidney_normal_1561.jpg,Normal,0
validation,dataset\Hyperspectral_tumor_images\Hyperspectral_kidney_tumor_0067.jpg,Tumor,1
validation,dataset\Hyperspectral_tumor_images\Hyperspectral_kidney_tumor_4476.jpg,Tumor,1
validation,dataset\Hyperspectral_tumor_images\Hyperspectral_kidney_tumor_4854.jpg,Tumor,1
validation,dataset\Hyperspectral_normal_images\Hyperspectral_kidney_normal_2487.jpg,Normal,0
validation,dataset\Hyperspectral_normal_images\Hyperspectral_kidney_normal_1389.jpg,Normal,0
validation,dataset\Hyperspectral_tumor_images\Hyperspectral_kidney_tumor_1876.jpg,Tumor,1
validation,dataset\Hyperspectral_normal_images\Hyperspectral_kidney_normal_2785.jpg,Normal,0
validation,dataset\Hyperspectral_tumor_images\Hyperspectral_kidney_tumor_2935.jpg,Tumor,1
validation,dataset\Hyperspectral_tumor_images\Hyperspectral_kidney_tumor_3765.jpg,Tumor,1
validation,dataset\Hyperspectral_tumor_images\Hyperspectral_kidney_tumor_0905.jpg,Tumor,1
validation,dataset\Hyperspectral_tumor_images\Hyperspectral_kidney_tumor_0461.jpg,Tumor,1
validation,dataset\Hyperspectral_normal_images\Hyperspectral_kidney_normal_2018.jpg,Normal,0
validation,dataset\Hyperspectral_tumor_images\Hyperspectral_kidney_tumor_1566.jpg,Tumor,1
validation,dataset\Hyperspectral_normal_images\Hyperspectral_kidney_normal_2343.jpg,Normal,0
validation,dataset\Hyperspectral_normal_images\Hyperspectral_kidney_normal_2240.jpg,Normal,0
validation,dataset\Hyperspectral_tumor_images\Hyperspectral_kidney_tumor_4410.jpg,Tumor,1
validation,dataset\Hyperspectral_tumor_images\Hyperspectral_kidney_tumor_1367.jpg,Tumor,1
validation,dataset\Hyperspectral_tumor_images\Hyperspectral_kidney_tumor_0909.jpg,Tumor,1
validation,dataset\Hyperspectral_tumor_images\Hyperspectral_kidney_tumor_1433.jpg,Tumor,1
validation,dataset\Hyperspectral_tumor_images\Hyperspectral_kidney_tumor_2697.jpg,Tumor,1
validation,dataset\Hyperspectral_tumor_images\Hyperspectral_kidney_tumor_0785.jpg,Tumor,1
validation,dataset\Hyperspectral_tumor_images\Hyperspectral_kidney_tumor_2647.jpg,Tumor,1
validation,dataset\Hyperspectral_tumor_images\Hyperspectral_kidney_tumor_4030.jpg,Tumor,1
validation,dataset\Hyperspectral_normal_images\Hyperspectral_kidney_normal_0398.jpg,Normal,0
validation,dataset\Hyperspectral_normal_images\Hyperspectral_kidney_normal_0816.jpg,Normal,0
validation,dataset\Hyperspectral_tumor_images\Hyperspectral_kidney_tumor_1628.jpg,Tumor,1
validation,dataset\Hyperspectral_normal_images\Hyperspectral_kidney_normal_4095.jpg,Normal,0
validation,dataset\Hyperspectral_tumor_images\Hyperspectral_kidney_tumor_4501.jpg,Tumor,1
validation,dataset\Hyperspectral_normal_images\Hyperspectral_kidney_normal_2977.jpg,Normal,0
validation,dataset\Hyperspectral_tumor_images\Hyperspectral_kidney_tumor_3338.jpg,Tumor,1
validation,dataset\Hyperspectral_normal_images\Hyperspectral_kidney_normal_3281.jpg,Normal,0
validation,dataset\Hyperspectral_normal_images\Hyperspectral_kidney_normal_0749.jpg,Normal,0
validation,dataset\Hyperspectral_normal_images\Hyperspectral_kidney_normal_3513.jpg,Normal,0
validation,dataset\Hyperspectral_tumor_images\Hyperspectral_kidney_tumor_0694.jpg,Tumor,1
validation,dataset\Hyperspectral_tumor_images\Hyperspectral_kidney_tumor_0635.jpg,Tumor,1
validation,dataset\Hyperspectral_tumor_images\Hyperspectral_kidney_tumor_0857.jpg,Tumor,1
validation,dataset\Hyperspectral_tumor_images\Hyperspectral_kidney_tumor_0996.jpg,Tumor,1
validation,dataset\Hyperspectral_tumor_images\Hyperspectral_kidney_tumor_4180.jpg,Tumor,1
validation,dataset\Hyperspectral_tumor_images\Hyperspectral_kidney_tumor_2907.jpg,Tumor,1
validation,dataset\Hyperspectral_tumor_images\Hyperspectral_kidney_tumor_1199.jpg,Tumor,1
validation,dataset\Hyperspectral_tumor_images\Hyperspectral_kidney_tumor_3643.jpg,Tumor,1
validation,dataset\Hyperspectral_normal_images\Hyperspectral_kidney_normal_0034.jpg,Normal,0
validation,dataset\Hyperspectral_normal_images\Hyperspectral_kidney_normal_3720.jpg,Normal,0
validation,dataset\Hyperspectral_tumor_images\Hyperspectral_kidney_tumor_4399.jpg,Tumor,1
validation,dataset\Hyperspectral_normal_images\Hyperspectral_kidney_normal_1822.jpg,Normal,0
validation,dataset\Hyperspectral_tumor_images\Hyperspectral_kidney_tumor_4101.jpg,Tumor,1
validation,dataset\Hyperspectral_normal_images\Hyperspectral_kidney_normal_4985.jpg,Normal,0
validation,dataset\Hyperspectral_tumor_images\Hyperspectral_kidney_tumor_2279.jpg,Tumor,1
validation,dataset\Hyperspectral_tumor_images\Hyperspectral_kidney_tumor_4336.jpg,Tumor,1
validation,dataset\Hyperspectral_tumor_images\Hyperspectral_kidney_tumor_1805.jpg,Tumor,1
validation,dataset\Hyperspectral_normal_images\Hyperspectral_kidney_normal_0374.jpg,Normal,0
validation,dataset\Hyperspectral_normal_images\Hyperspectral_kidney_normal_0478.jpg,Normal,0
validation,dataset\Hyperspectral_normal_images\Hyperspectral_kidney_normal_2189.jpg,Normal,0
validation,dataset\Hyperspectral_tumor_images\Hyperspectral_kidney_tumor_0247.jpg,Tumor,1
validation,dataset\Hyperspectral_normal_images\Hyperspectral_kidney_normal_0471.jpg,Normal,0
validation,dataset\Hyperspectral_tumor_images\Hyperspectral_kidney_tumor_4974.jpg,Tumor,1
validation,dataset\Hyperspectral_normal_images\Hyperspectral_kidney_normal_0507.jpg,Normal,0
validation,dataset\Hyperspectral_normal_images\Hyperspectral_kidney_normal_0281.jpg,Normal,0
validation,dataset\Hyperspectral_tumor_images\Hyperspectral_kidney_tumor_4532.jpg,Tumor,1
validation,dataset\Hyperspectral_normal_images\Hyperspectral_kidney_normal_4617.jpg,Normal,0
validation,dataset\Hyperspectral_tumor_images\Hyperspectral_kidney_tumor_0979.jpg,Tumor,1
validation,dataset\Hyperspectral_normal_images\Hyperspectral_kidney_normal_4049.jpg,Normal,0
validation,dataset\Hyperspectral_normal_images\Hyperspectral_kidney_normal_1673.jpg,Normal,0
validation,dataset\Hyperspectral_normal_images\Hyperspectral_kidney_normal_0303.jpg,Normal,0
validation,dataset\Hyperspectral_normal_images\Hyperspectral_kidney_normal_0666.jpg,Normal,0
validation,dataset\Hyperspectral_tumor_images\Hyperspectral_kidney_tumor_1541.jpg,Tumor,1
validation,dataset\Hyperspectral_tumor_images\Hyperspectral_kidney_tumor_0352.jpg,Tumor,1
validation,dataset\Hyperspectral_tumor_images\Hyperspectral_kidney_tumor_1632.jpg,Tumor,1
validation,dataset\Hyperspectral_tumor_images\Hyperspectral_kidney_tumor_1620.jpg,Tumor,1
validation,dataset\Hyperspectral_tumor_images\Hyperspectral_kidney_tumor_3493.jpg,Tumor,1
validation,dataset\Hyperspectral_tumor_images\Hyperspectral_kidney_tumor_1314.jpg,Tumor,1
validation,dataset\Hyperspectral_normal_images\Hyperspectral_kidney_normal_3598.jpg,Normal,0
validation,dataset\Hyperspectral_normal_images\Hyperspectral_kidney_normal_2884.jpg,Normal,0
validation,dataset\Hyperspectral_tumor_images\Hyperspectral_kidney_tumor_1049.jpg,Tumor,1
validation,dataset\Hyperspectral_tumor_images\Hyperspectral_kidney_tumor_0542.jpg,Tumor,1
validation,dataset\Hyperspectral_normal_images\Hyperspectral_kidney_normal_0718.jpg,Normal,0
validation,dataset\Hyperspectral_tumor_images\Hyperspectral_kidney_tumor_1179.jpg,Tumor,1
validation,dataset\Hyperspectral_tumor_images\Hyperspectral_kidney_tumor_1280.jpg,Tumor,1
validation,dataset\Hyperspectral_tumor_images\Hyperspectral_kidney_tumor_4841.jpg,Tumor,1
validation,dataset\Hyperspectral_normal_images\Hyperspectral_kidney_normal_0152.jpg,Normal,0
validation,dataset\Hyperspectral_tumor_images\Hyperspectral_kidney_tumor_1349.jpg,Tumor,1
validation,dataset\Hyperspectral_tumor_images\Hyperspectral_kidney_tumor_1504.jpg,Tumor,1
validation,dataset\Hyperspectral_tumor_images\Hyperspectral_kidney_tumor_1383.jpg,Tumor,1
validation,dataset\Hyperspectral_tumor_images\Hyperspectral_kidney_tumor_3014.jpg,Tumor,1
validation,dataset\Hyperspectral_tumor_images\Hyperspectral_kidney_tumor_0283.jpg,Tumor,1
validation,dataset\Hyperspectral_normal_images\Hyperspectral_kidney_normal_1142.jpg,Normal,0
validation,dataset\Hyperspectral_normal_images\Hyperspectral_kidney_normal_3471.jpg,Normal,0
validation,dataset\Hyperspectral_tumor_images\Hyperspectral_kidney_tumor_3161.jpg,Tumor,1
validation,dataset\Hyperspectral_tumor_images\Hyperspectral_kidney_tumor_2594.jpg,Tumor,1
validation,dataset\Hyperspectral_normal_images\Hyperspectral_kidney_normal_4031.jpg,Normal,0
validation,dataset\Hyperspectral_tumor_images\Hyperspectral_kidney_tumor_1322.jpg,Tumor,1
validation,dataset\Hyperspectral_normal_images\Hyperspectral_kidney_normal_0648.jpg,Normal,0
validation,dataset\Hyperspectral_normal_images\Hyperspectral_kidney_normal_0249.jpg,Normal,0
validation,dataset\Hyperspectral_tumor_images\Hyperspectral_kidney_tumor_1291.jpg,Tumor,1
validation,dataset\Hyperspectral_tumor_images\Hyperspectral_kidney_tumor_4923.jpg,Tumor,1
validation,dataset\Hyperspectral_normal_images\Hyperspectral_kidney_normal_2875.jpg,Normal,0
validation,dataset\Hyperspectral_tumor_images\Hyperspectral_kidney_tumor_3384.jpg,Tumor,1
validation,dataset\Hyperspectral_normal_images\Hyperspectral_kidney_normal_1642.jpg,Normal,0
validation,dataset\Hyperspectral_tumor_images\Hyperspectral_kidney_tumor_3278.jpg,Tumor,1
validation,dataset\Hyperspectral_normal_images\Hyperspectral_kidney_normal_0026.jpg,Normal,0
validation,dataset\Hyperspectral_normal_images\Hyperspectral_kidney_normal_2039.jpg,Normal,0
validation,dataset\Hyperspectral_normal_images\Hyperspectral_kidney_normal_4044.jpg,Normal,0
validation,dataset\Hyperspectral_tumor_images\Hyperspectral_kidney_tumor_3557.jpg,Tumor,1
validation,dataset\Hyperspectral_normal_images\Hyperspectral_kidney_normal_3326.jpg,Normal,0
validation,dataset\Hyperspectral_tumor_images\Hyperspectral_kidney_tumor_4632.jpg,Tumor,1
validation,dataset\Hyperspectral_normal_images\Hyperspectral_kidney_normal_0010.jpg,Normal,0
validation,dataset\Hyperspectral_normal_images\Hyperspectral_kidney_normal_0309.jpg,Normal,0
validation,dataset\Hyperspectral_tumor_images\Hyperspectral_kidney_tumor_0405.jpg,Tumor,1
validation,dataset\Hyperspectral_normal_images\Hyperspectral_kidney_normal_4070.jpg,Normal,0
validation,dataset\Hyperspectral_tumor_images\Hyperspectral_kidney_tumor_2385.jpg,Tumor,1
validation,dataset\Hyperspectral_tumor_images\Hyperspectral_kidney_tumor_4994.jpg,Tumor,1
validation,dataset\Hyperspectral_tumor_images\Hyperspectral_kidney_tumor_1014.jpg,Tumor,1
validation,dataset\Hyperspectral_normal_images\Hyperspectral_kidney_normal_2398.jpg,Normal,0
validation,dataset\Hyperspectral_tumor_images\Hyperspectral_kidney_tumor_2206.jpg,Tumor,1
validation,dataset\Hyperspectral_normal_images\Hyperspectral_kidney_normal_4170.jpg,Normal,0
validation,dataset\Hyperspectral_normal_images\Hyperspectral_kidney_normal_0423.jpg,Normal,0
validation,dataset\Hyperspectral_tumor_images\Hyperspectral_kidney_tumor_3506.jpg,Tumor,1
validation,dataset\Hyperspectral_normal_images\Hyperspectral_kidney_normal_0573.jpg,Normal,0
validation,dataset\Hyperspectral_normal_images\Hyperspectral_kidney_normal_2198.jpg,Normal,0
validation,dataset\Hyperspectral_tumor_images\Hyperspectral_kidney_tumor_4379.jpg,Tumor,1
validation,dataset\Hyperspectral_normal_images\Hyperspectral_kidney_normal_4121.jpg,Normal,0
validation,dataset\Hyperspectral_tumor_images\Hyperspectral_kidney_tumor_3968.jpg,Tumor,1
validation,dataset\Hyperspectral_tumor_images\Hyperspectral_kidney_tumor_2286.jpg,Tumor,1
validation,dataset\Hyperspectral_normal_images\Hyperspectral_kidney_normal_0189.jpg,Normal,0
validation,dataset\Hyperspectral_normal_images\Hyperspectral_kidney_normal_0331.jpg,Normal,0
validation,dataset\Hyperspectral_tumor_images\Hyperspectral_kidney_tumor_3074.jpg,Tumor,1
validation,dataset\Hyperspectral_normal_images\Hyperspectral_kidney_normal_4644.jpg,Normal,0
validation,dataset\Hyperspectral_tumor_images\Hyperspectral_kidney_tumor_2552.jpg,Tumor,1
validation,dataset\Hyperspectral_tumor_images\Hyperspectral_kidney_tumor_3585.jpg,Tumor,1
validation,dataset\Hyperspectral_normal_images\Hyperspectral_kidney_normal_4401.jpg,Normal,0
validation,dataset\Hyperspectral_normal_images\Hyperspectral_kidney_normal_2953.jpg,Normal,0
validation,dataset\Hyperspectral_tumor_images\Hyperspectral_kidney_tumor_2626.jpg,Tumor,1
validation,dataset\Hyperspectral_normal_images\Hyperspectral_kidney_normal_4507.jpg,Normal,0
validation,dataset\Hyperspectral_normal_images\Hyperspectral_kidney_normal_2776.jpg,Normal,0
validation,dataset\Hyperspectral_normal_images\Hyperspectral_kidney_normal_4619.jpg,Normal,0
validation,dataset\Hyperspectral_tumor_images\Hyperspectral_kidney_tumor_2590.jpg,Tumor,1
validation,dataset\Hyperspectral_normal_images\Hyperspectral_kidney_normal_3366.jpg,Normal,0
validation,dataset\Hyperspectral_normal_images\Hyperspectral_kidney_normal_1932.jpg,Normal,0
validation,dataset\Hyperspectral_tumor_images\Hyperspectral_kidney_tumor_0566.jpg,Tumor,1
validation,dataset\Hyperspectral_tumor_images\Hyperspectral_kidney_tumor_2509.jpg,Tumor,1
validation,dataset\Hyperspectral_normal_images\Hyperspectral_kidney_normal_2667.jpg,Normal,0
validation,dataset\Hyperspectral_tumor_images\Hyperspectral_kidney_tumor_1860.jpg,Tumor,1
validation,dataset\Hyperspectral_normal_images\Hyperspectral_kidney_normal_3273.jpg,Normal,0
validation,dataset\Hyperspectral_tumor_images\Hyperspectral_kidney_tumor_4650.jpg,Tumor,1
validation,dataset\Hyperspectral_normal_images\Hyperspectral_kidney_normal_4833.jpg,Normal,0
validation,dataset\Hyperspectral_normal_images\Hyperspectral_kidney_normal_1053.jpg,Normal,0
validation,dataset\Hyperspectral_normal_images\Hyperspectral_kidney_normal_2596.jpg,Normal,0
validation,dataset\Hyperspectral_normal_images\Hyperspectral_kidney_normal_4046.jpg,Normal,0
validation,dataset\Hyperspectral_normal_images\Hyperspectral_kidney_normal_0103.jpg,Normal,0
validation,dataset\Hyperspectral_normal_images\Hyperspectral_kidney_normal_3816.jpg,Normal,0
validation,dataset\Hyperspectral_tumor_images\Hyperspectral_kidney_tumor_3824.jpg,Tumor,1
validation,dataset\Hyperspectral_normal_images\Hyperspectral_kidney_normal_1943.jpg,Normal,0
validation,dataset\Hyperspectral_normal_images\Hyperspectral_kidney_normal_3622.jpg,Normal,0
validation,dataset\Hyperspectral_normal_images\Hyperspectral_kidney_normal_4117.jpg,Normal,0
validation,dataset\Hyperspectral_normal_images\Hyperspectral_kidney_normal_0162.jpg,Normal,0
validation,dataset\Hyperspectral_tumor_images\Hyperspectral_kidney_tumor_2148.jpg,Tumor,1
validation,dataset\Hyperspectral_tumor_images\Hyperspectral_kidney_tumor_1895.jpg,Tumor,1
validation,dataset\Hyperspectral_normal_images\Hyperspectral_kidney_normal_0382.jpg,Normal,0
validation,dataset\Hyperspectral_tumor_images\Hyperspectral_kidney_tumor_4335.jpg,Tumor,1
validation,dataset\Hyperspectral_tumor_images\Hyperspectral_kidney_tumor_0835.jpg,Tumor,1
validation,dataset\Hyperspectral_normal_images\Hyperspectral_kidney_normal_0186.jpg,Normal,0
validation,dataset\Hyperspectral_tumor_images\Hyperspectral_kidney_tumor_2990.jpg,Tumor,1
validation,dataset\Hyperspectral_tumor_images\Hyperspectral_kidney_tumor_3517.jpg,Tumor,1
validation,dataset\Hyperspectral_tumor_images\Hyperspectral_kidney_tumor_2695.jpg,Tumor,1
validation,dataset\Hyperspectral_tumor_images\Hyperspectral_kidney_tumor_0076.jpg,Tumor,1
validation,dataset\Hyperspectral_normal_images\Hyperspectral_kidney_normal_4515.jpg,Normal,0
validation,dataset\Hyperspectral_normal_images\Hyperspectral_kidney_normal_0270.jpg,Normal,0
validation,dataset\Hyperspectral_tumor_images\Hyperspectral_kidney_tumor_2184.jpg,Tumor,1
validation,dataset\Hyperspectral_normal_images\Hyperspectral_kidney_normal_1483.jpg,Normal,0
validation,dataset\Hyperspectral_normal_images\Hyperspectral_kidney_normal_4166.jpg,Normal,0
validation,dataset\Hyperspectral_tumor_images\Hyperspectral_kidney_tumor_0626.jpg,Tumor,1
validation,dataset\Hyperspectral_normal_images\Hyperspectral_kidney_normal_3703.jpg,Normal,0
validation,dataset\Hyperspectral_normal_images\Hyperspectral_kidney_normal_2732.jpg,Normal,0
validation,dataset\Hyperspectral_normal_images\Hyperspectral_kidney_normal_1367.jpg,Normal,0
validation,dataset\Hyperspectral_normal_images\Hyperspectral_kidney_normal_4274.jpg,Normal,0
validation,dataset\Hyperspectral_tumor_images\Hyperspectral_kidney_tumor_2672.jpg,Tumor,1
validation,dataset\Hyperspectral_tumor_images\Hyperspectral_kidney_tumor_4849.jpg,Tumor,1
validation,dataset\Hyperspectral_normal_images\Hyperspectral_kidney_normal_2301.jpg,Normal,0
validation,dataset\Hyperspectral_tumor_images\Hyperspectral_kidney_tumor_3311.jpg,Tumor,1
validation,dataset\Hyperspectral_normal_images\Hyperspectral_kidney_normal_3950.jpg,Normal,0
validation,dataset\Hyperspectral_normal_images\Hyperspectral_kidney_normal_3178.jpg,Normal,0
validation,dataset\Hyperspectral_tumor_images\Hyperspectral_kidney_tumor_2760.jpg,Tumor,1
validation,dataset\Hyperspectral_tumor_images\Hyperspectral_kidney_tumor_1833.jpg,Tumor,1
validation,dataset\Hyperspectral_normal_images\Hyperspectral_kidney_normal_4724.jpg,Normal,0
validation,dataset\Hyperspectral_normal_images\Hyperspectral_kidney_normal_4820.jpg,Normal,0
validation,dataset\Hyperspectral_tumor_images\Hyperspectral_kidney_tumor_4610.jpg,Tumor,1
validation,dataset\Hyperspectral_normal_images\Hyperspectral_kidney_normal_1631.jpg,Normal,0
validation,dataset\Hyperspectral_normal_images\Hyperspectral_kidney_normal_0282.jpg,Normal,0
validation,dataset\Hyperspectral_normal_images\Hyperspectral_kidney_normal_2568.jpg,Normal,0
validation,dataset\Hyperspectral_tumor_images\Hyperspectral_kidney_tumor_2187.jpg,Tumor,1
validation,dataset\Hyperspectral_tumor_images\Hyperspectral_kidney_tumor_3383.jpg,Tumor,1
validation,dataset\Hyperspectral_normal_images\Hyperspectral_kidney_normal_2719.jpg,Normal,0
validation,dataset\Hyperspectral_tumor_images\Hyperspectral_kidney_tumor_0567.jpg,Tumor,1
validation,dataset\Hyperspectral_normal_images\Hyperspectral_kidney_normal_2671.jpg,Normal,0
validation,dataset\Hyperspectral_tumor_images\Hyperspectral_kidney_tumor_4647.jpg,Tumor,1
validation,dataset\Hyperspectral_tumor_images\Hyperspectral_kidney_tumor_0658.jpg,Tumor,1
validation,dataset\Hyperspectral_tumor_images\Hyperspectral_kidney_tumor_2228.jpg,Tumor,1
validation,dataset\Hyperspectral_tumor_images\Hyperspectral_kidney_tumor_2076.jpg,Tumor,1
validation,dataset\Hyperspectral_normal_images\Hyperspectral_kidney_normal_0962.jpg,Normal,0
validation,dataset\Hyperspectral_normal_images\Hyperspectral_kidney_normal_2771.jpg,Normal,0
validation,dataset\Hyperspectral_normal_images\Hyperspectral_kidney_normal_4694.jpg,Normal,0
validation,dataset\Hyperspectral_tumor_images\Hyperspectral_kidney_tumor_0640.jpg,Tumor,1
validation,dataset\Hyperspectral_normal_images\Hyperspectral_kidney_normal_4926.jpg,Normal,0
validation,dataset\Hyperspectral_normal_images\Hyperspectral_kidney_normal_1127.jpg,Normal,0
validation,dataset\Hyperspectral_tumor_images\Hyperspectral_kidney_tumor_2341.jpg,Tumor,1
validation,dataset\Hyperspectral_normal_images\Hyperspectral_kidney_normal_4340.jpg,Normal,0
validation,dataset\Hyperspectral_normal_images\Hyperspectral_kidney_normal_2715.jpg,Normal,0
validation,dataset\Hyperspectral_normal_images\Hyperspectral_kidney_normal_2629.jpg,Normal,0
validation,dataset\Hyperspectral_tumor_images\Hyperspectral_kidney_tumor_2541.jpg,Tumor,1
validation,dataset\Hyperspectral_normal_images\Hyperspectral_kidney_normal_3758.jpg,Normal,0
validation,dataset\Hyperspectral_normal_images\Hyperspectral_kidney_normal_3872.jpg,Normal,0
validation,dataset\Hyperspectral_tumor_images\Hyperspectral_kidney_tumor_0104.jpg,Tumor,1
validation,dataset\Hyperspectral_tumor_images\Hyperspectral_kidney_tumor_2846.jpg,Tumor,1
validation,dataset\Hyperspectral_normal_images\Hyperspectral_kidney_normal_1672.jpg,Normal,0
validation,dataset\Hyperspectral_tumor_images\Hyperspectral_kidney_tumor_0057.jpg,Tumor,1
validation,dataset\Hyperspectral_tumor_images\Hyperspectral_kidney_tumor_0260.jpg,Tumor,1
validation,dataset\Hyperspectral_normal_images\Hyperspectral_kidney_normal_0350.jpg,Normal,0
validation,dataset\Hyperspectral_tumor_images\Hyperspectral_kidney_tumor_3768.jpg,Tumor,1
validation,dataset\Hyperspectral_tumor_images\Hyperspectral_kidney_tumor_4315.jpg,Tumor,1
validation,dataset\Hyperspectral_tumor_images\Hyperspectral_kidney_tumor_4716.jpg,Tumor,1
validation,dataset\Hyperspectral_normal_images\Hyperspectral_kidney_normal_1096.jpg,Normal,0
validation,dataset\Hyperspectral_tumor_images\Hyperspectral_kidney_tumor_3648.jpg,Tumor,1
validation,dataset\Hyperspectral_normal_images\Hyperspectral_kidney_normal_3059.jpg,Normal,0
validation,dataset\Hyperspectral_tumor_images\Hyperspectral_kidney_tumor_3053.jpg,Tumor,1
validation,dataset\Hyperspectral_normal_images\Hyperspectral_kidney_normal_2648.jpg,Normal,0
validation,dataset\Hyperspectral_normal_images\Hyperspectral_kidney_normal_3462.jpg,Normal,0
validation,dataset\Hyperspectral_tumor_images\Hyperspectral_kidney_tumor_3719.jpg,Tumor,1
validation,dataset\Hyperspectral_tumor_images\Hyperspectral_kidney_tumor_4623.jpg,Tumor,1
validation,dataset\Hyperspectral_tumor_images\Hyperspectral_kidney_tumor_3551.jpg,Tumor,1
validation,dataset\Hyperspectral_normal_images\Hyperspectral_kidney_normal_4005.jpg,Normal,0
validation,dataset\Hyperspectral_tumor_images\Hyperspectral_kidney_tumor_3126.jpg,Tumor,1
validation,dataset\Hyperspectral_tumor_images\Hyperspectral_kidney_tumor_2169.jpg,Tumor,1
test,dataset\Hyperspectral_tumor_images\Hyperspectral_kidney_tumor_0373.jpg,Tumor,1
test,dataset\Hyperspectral_normal_images\Hyperspectral_kidney_normal_4789.jpg,Normal,0
test,dataset\Hyperspectral_normal_images\Hyperspectral_kidney_normal_0543.jpg,Normal,0
test,dataset\Hyperspectral_normal_images\Hyperspectral_kidney_normal_4136.jpg,Normal,0
test,dataset\Hyperspectral_tumor_images\Hyperspectral_kidney_tumor_0322.jpg,Tumor,1
test,dataset\Hyperspectral_tumor_images\Hyperspectral_kidney_tumor_1010.jpg,Tumor,1
test,dataset\Hyperspectral_normal_images\Hyperspectral_kidney_normal_1999.jpg,Normal,0
test,dataset\Hyperspectral_normal_images\Hyperspectral_kidney_normal_3313.jpg,Normal,0
test,dataset\Hyperspectral_normal_images\Hyperspectral_kidney_normal_0211.jpg,Normal,0
test,dataset\Hyperspectral_tumor_images\Hyperspectral_kidney_tumor_2588.jpg,Tumor,1
test,dataset\Hyperspectral_normal_images\Hyperspectral_kidney_normal_3623.jpg,Normal,0
test,dataset\Hyperspectral_tumor_images\Hyperspectral_kidney_tumor_2863.jpg,Tumor,1
test,dataset\Hyperspectral_tumor_images\Hyperspectral_kidney_tumor_0939.jpg,Tumor,1
test,dataset\Hyperspectral_tumor_images\Hyperspectral_kidney_tumor_3194.jpg,Tumor,1
test,dataset\Hyperspectral_normal_images\Hyperspectral_kidney_normal_3467.jpg,Normal,0
test,dataset\Hyperspectral_tumor_images\Hyperspectral_kidney_tumor_3305.jpg,Tumor,1
test,dataset\Hyperspectral_normal_images\Hyperspectral_kidney_normal_2042.jpg,Normal,0
test,dataset\Hyperspectral_tumor_images\Hyperspectral_kidney_tumor_4511.jpg,Tumor,1
test,dataset\Hyperspectral_tumor_images\Hyperspectral_kidney_tumor_3586.jpg,Tumor,1
test,dataset\Hyperspectral_tumor_images\Hyperspectral_kidney_tumor_3992.jpg,Tumor,1
test,dataset\Hyperspectral_normal_images\Hyperspectral_kidney_normal_0672.jpg,Normal,0
test,dataset\Hyperspectral_tumor_images\Hyperspectral_kidney_tumor_2852.jpg,Tumor,1
test,dataset\Hyperspectral_normal_images\Hyperspectral_kidney_normal_2592.jpg,Normal,0
test,dataset\Hyperspectral_normal_images\Hyperspectral_kidney_normal_0161.jpg,Normal,0
test,dataset\Hyperspectral_tumor_images\Hyperspectral_kidney_tumor_0873.jpg,Tumor,1
test,dataset\Hyperspectral_tumor_images\Hyperspectral_kidney_tumor_0822.jpg,Tumor,1
test,dataset\Hyperspectral_tumor_images\Hyperspectral_kidney_tumor_3696.jpg,Tumor,1
test,dataset\Hyperspectral_tumor_images\Hyperspectral_kidney_tumor_1924.jpg,Tumor,1
test,dataset\Hyperspectral_tumor_images\Hyperspectral_kidney_tumor_3086.jpg,Tumor,1
test,dataset\Hyperspectral_tumor_images\Hyperspectral_kidney_tumor_4785.jpg,Tumor,1
test,dataset\Hyperspectral_tumor_images\Hyperspectral_kidney_tumor_0994.jpg,Tumor,1
test,dataset\Hyperspectral_tumor_images\Hyperspectral_kidney_tumor_1436.jpg,Tumor,1
test,dataset\Hyperspectral_normal_images\Hyperspectral_kidney_normal_3114.jpg,Normal,0
test,dataset\Hyperspectral_normal_images\Hyperspectral_kidney_normal_3036.jpg,Normal,0
test,dataset\Hyperspectral_normal_images\Hyperspectral_kidney_normal_4667.jpg,Normal,0
test,dataset\Hyperspectral_normal_images\Hyperspectral_kidney_normal_3944.jpg,Normal,0
test,dataset\Hyperspectral_normal_images\Hyperspectral_kidney_normal_4323.jpg,Normal,0
test,dataset\Hyperspectral_tumor_images\Hyperspectral_kidney_tumor_4418.jpg,Tumor,1
test,dataset\Hyperspectral_normal_images\Hyperspectral_kidney_normal_4509.jpg,Normal,0
test,dataset\Hyperspectral_normal_images\Hyperspectral_kidney_normal_1214.jpg,Normal,0
test,dataset\Hyperspectral_tumor_images\Hyperspectral_kidney_tumor_3759.jpg,Tumor,1
test,dataset\Hyperspectral_tumor_images\Hyperspectral_kidney_tumor_1887.jpg,Tumor,1
test,dataset\Hyperspectral_tumor_images\Hyperspectral_kidney_tumor_4114.jpg,Tumor,1
test,dataset\Hyperspectral_tumor_images\Hyperspectral_kidney_tumor_4687.jpg,Tumor,1
test,dataset\Hyperspectral_tumor_images\Hyperspectral_kidney_tumor_3454.jpg,Tumor,1
test,dataset\Hyperspectral_normal_images\Hyperspectral_kidney_normal_2254.jpg,Normal,0
test,dataset\Hyperspectral_tumor_images\Hyperspectral_kidney_tumor_1873.jpg,Tumor,1
test,dataset\Hyperspectral_tumor_images\Hyperspectral_kidney_tumor_0554.jpg,Tumor,1
test,dataset\Hyperspectral_normal_images\Hyperspectral_kidney_normal_1674.jpg,Normal,0
test,dataset\Hyperspectral_tumor_images\Hyperspectral_kidney_tumor_1898.jpg,Tumor,1
test,dataset\Hyperspectral_normal_images\Hyperspectral_kidney_normal_1144.jpg,Normal,0
test,dataset\Hyperspectral_normal_images\Hyperspectral_kidney_normal_2963.jpg,Normal,0
test,dataset\Hyperspectral_tumor_images\Hyperspectral_kidney_tumor_2981.jpg,Tumor,1
test,dataset\Hyperspectral_normal_images\Hyperspectral_kidney_normal_0386.jpg,Normal,0
test,dataset\Hyperspectral_tumor_images\Hyperspectral_kidney_tumor_4486.jpg,Tumor,1
test,dataset\Hyperspectral_tumor_images\Hyperspectral_kidney_tumor_1159.jpg,Tumor,1
test,dataset\Hyperspectral_tumor_images\Hyperspectral_kidney_tumor_1132.jpg,Tumor,1
test,dataset\Hyperspectral_tumor_images\Hyperspectral_kidney_tumor_4341.jpg,Tumor,1
test,dataset\Hyperspectral_tumor_images\Hyperspectral_kidney_tumor_3746.jpg,Tumor,1
test,dataset\Hyperspectral_normal_images\Hyperspectral_kidney_normal_0807.jpg,Normal,0
test,dataset\Hyperspectral_normal_images\Hyperspectral_kidney_normal_3283.jpg,Normal,0
test,dataset\Hyperspectral_normal_images\Hyperspectral_kidney_normal_2549.jpg,Normal,0
test,dataset\Hyperspectral_tumor_images\Hyperspectral_kidney_tumor_0734.jpg,Tumor,1
test,dataset\Hyperspectral_tumor_images\Hyperspectral_kidney_tumor_4188.jpg,Tumor,1
test,dataset\Hyperspectral_tumor_images\Hyperspectral_kidney_tumor_2991.jpg,Tumor,1
test,dataset\Hyperspectral_normal_images\Hyperspectral_kidney_normal_0104.jpg,Normal,0
test,dataset\Hyperspectral_normal_images\Hyperspectral_kidney_normal_3250.jpg,Normal,0
test,dataset\Hyperspectral_normal_images\Hyperspectral_kidney_normal_3340.jpg,Normal,0
test,dataset\Hyperspectral_normal_images\Hyperspectral_kidney_normal_0917.jpg,Normal,0
test,dataset\Hyperspectral_normal_images\Hyperspectral_kidney_normal_1342.jpg,Normal,0
test,dataset\Hyperspectral_tumor_images\Hyperspectral_kidney_tumor_4258.jpg,Tumor,1
test,dataset\Hyperspectral_tumor_images\Hyperspectral_kidney_tumor_3792.jpg,Tumor,1
test,dataset\Hyperspectral_normal_images\Hyperspectral_kidney_normal_3521.jpg,Normal,0
test,dataset\Hyperspectral_tumor_images\Hyperspectral_kidney_tumor_1447.jpg,Tumor,1
test,dataset\Hyperspectral_tumor_images\Hyperspectral_kidney_tumor_3541.jpg,Tumor,1
test,dataset\Hyperspectral_normal_images\Hyperspectral_kidney_normal_3346.jpg,Normal,0
test,dataset\Hyperspectral_normal_images\Hyperspectral_kidney_normal_2226.jpg,Normal,0
test,dataset\Hyperspectral_tumor_images\Hyperspectral_kidney_tumor_1490.jpg,Tumor,1
test,dataset\Hyperspectral_normal_images\Hyperspectral_kidney_normal_4175.jpg,Normal,0
test,dataset\Hyperspectral_normal_images\Hyperspectral_kidney_normal_0421.jpg,Normal,0
test,dataset\Hyperspectral_normal_images\Hyperspectral_kidney_normal_1112.jpg,Normal,0
test,dataset\Hyperspectral_normal_images\Hyperspectral_kidney_normal_4418.jpg,Normal,0
test,dataset\Hyperspectral_tumor_images\Hyperspectral_kidney_tumor_1983.jpg,Tumor,1
test,dataset\Hyperspectral_normal_images\Hyperspectral_kidney_normal_0373.jpg,Normal,0
test,dataset\Hyperspectral_normal_images\Hyperspectral_kidney_normal_2272.jpg,Normal,0
test,dataset\Hyperspectral_tumor_images\Hyperspectral_kidney_tumor_4216.jpg,Tumor,1
test,dataset\Hyperspectral_normal_images\Hyperspectral_kidney_normal_3810.jpg,Normal,0
test,dataset\Hyperspectral_normal_images\Hyperspectral_kidney_normal_0223.jpg,Normal,0
test,dataset\Hyperspectral_tumor_images\Hyperspectral_kidney_tumor_4455.jpg,Tumor,1
test,dataset\Hyperspectral_tumor_images\Hyperspectral_kidney_tumor_2241.jpg,Tumor,1
test,dataset\Hyperspectral_normal_images\Hyperspectral_kidney_normal_1998.jpg,Normal,0
test,dataset\Hyperspectral_tumor_images\Hyperspectral_kidney_tumor_0311.jpg,Tumor,1
test,dataset\Hyperspectral_tumor_images\Hyperspectral_kidney_tumor_4182.jpg,Tumor,1
test,dataset\Hyperspectral_normal_images\Hyperspectral_kidney_normal_0840.jpg,Normal,0
test,dataset\Hyperspectral_normal_images\Hyperspectral_kidney_normal_2570.jpg,Normal,0
test,dataset\Hyperspectral_tumor_images\Hyperspectral_kidney_tumor_3961.jpg,Tumor,1
test,dataset\Hyperspectral_normal_images\Hyperspectral_kidney_normal_1332.jpg,Normal,0
test,dataset\Hyperspectral_normal_images\Hyperspectral_kidney_normal_0030.jpg,Normal,0
test,dataset\Hyperspectral_normal_images\Hyperspectral_kidney_normal_0194.jpg,Normal,0
test,dataset\Hyperspectral_tumor_images\Hyperspectral_kidney_tumor_0276.jpg,Tumor,1
test,dataset\Hyperspectral_tumor_images\Hyperspectral_kidney_tumor_2872.jpg,Tumor,1
test,dataset\Hyperspectral_tumor_images\Hyperspectral_kidney_tumor_2046.jpg,Tumor,1
test,dataset\Hyperspectral_normal_images\Hyperspectral_kidney_normal_0221.jpg,Normal,0
test,dataset\Hyperspectral_tumor_images\Hyperspectral_kidney_tumor_3057.jpg,Tumor,1
test,dataset\Hyperspectral_tumor_images\Hyperspectral_kidney_tumor_0846.jpg,Tumor,1
test,dataset\Hyperspectral_normal_images\Hyperspectral_kidney_normal_2789.jpg,Normal,0
test,dataset\Hyperspectral_tumor_images\Hyperspectral_kidney_tumor_1374.jpg,Tumor,1
test,dataset\Hyperspectral_normal_images\Hyperspectral_kidney_normal_1956.jpg,Normal,0
test,dataset\Hyperspectral_tumor_images\Hyperspectral_kidney_tumor_4406.jpg,Tumor,1
test,dataset\Hyperspectral_normal_images\Hyperspectral_kidney_normal_2002.jpg,Normal,0
test,dataset\Hyperspectral_normal_images\Hyperspectral_kidney_normal_3113.jpg,Normal,0
test,dataset\Hyperspectral_tumor_images\Hyperspectral_kidney_tumor_4999.jpg,Tumor,1
test,dataset\Hyperspectral_tumor_images\Hyperspectral_kidney_tumor_1534.jpg,Tumor,1
test,dataset\Hyperspectral_normal_images\Hyperspectral_kidney_normal_0574.jpg,Normal,0
test,dataset\Hyperspectral_normal_images\Hyperspectral_kidney_normal_4523.jpg,Normal,0
test,dataset\Hyperspectral_tumor_images\Hyperspectral_kidney_tumor_1815.jpg,Tumor,1
test,dataset\Hyperspectral_tumor_images\Hyperspectral_kidney_tumor_0446.jpg,Tumor,1
test,dataset\Hyperspectral_normal_images\Hyperspectral_kidney_normal_0173.jpg,Normal,0
test,dataset\Hyperspectral_normal_images\Hyperspectral_kidney_normal_1753.jpg,Normal,0
test,dataset\Hyperspectral_normal_images\Hyperspectral_kidney_normal_0080.jpg,Normal,0
test,dataset\Hyperspectral_normal_images\Hyperspectral_kidney_normal_4731.jpg,Normal,0
test,dataset\Hyperspectral_normal_images\Hyperspectral_kidney_normal_1084.jpg,Normal,0
test,dataset\Hyperspectral_normal_images\Hyperspectral_kidney_normal_2248.jpg,Normal,0
test,dataset\Hyperspectral_normal_images\Hyperspectral_kidney_normal_1593.jpg,Normal,0
test,dataset\Hyperspectral_tumor_images\Hyperspectral_kidney_tumor_2535.jpg,Tumor,1
test,dataset\Hyperspectral_tumor_images\Hyperspectral_kidney_tumor_0987.jpg,Tumor,1
test,dataset\Hyperspectral_normal_images\Hyperspectral_kidney_normal_0935.jpg,Normal,0
test,dataset\Hyperspectral_tumor_images\Hyperspectral_kidney_tumor_4654.jpg,Tumor,1
test,dataset\Hyperspectral_tumor_images\Hyperspectral_kidney_tumor_0515.jpg,Tumor,1
test,dataset\Hyperspectral_normal_images\Hyperspectral_kidney_normal_4468.jpg,Normal,0
test,dataset\Hyperspectral_tumor_images\Hyperspectral_kidney_tumor_3470.jpg,Tumor,1
test,dataset\Hyperspectral_normal_images\Hyperspectral_kidney_normal_2673.jpg,Normal,0
test,dataset\Hyperspectral_tumor_images\Hyperspectral_kidney_tumor_4021.jpg,Tumor,1
test,dataset\Hyperspectral_normal_images\Hyperspectral_kidney_normal_3287.jpg,Normal,0
test,dataset\Hyperspectral_normal_images\Hyperspectral_kidney_normal_0617.jpg,Normal,0
test,dataset\Hyperspectral_normal_images\Hyperspectral_kidney_normal_0828.jpg,Normal,0
test,dataset\Hyperspectral_normal_images\Hyperspectral_kidney_normal_1046.jpg,Normal,0
test,dataset\Hyperspectral_normal_images\Hyperspectral_kidney_normal_0913.jpg,Normal,0
test,dataset\Hyperspectral_tumor_images\Hyperspectral_kidney_tumor_0310.jpg,Tumor,1
test,dataset\Hyperspectral_normal_images\Hyperspectral_kidney_normal_0167.jpg,Normal,0
test,dataset\Hyperspectral_tumor_images\Hyperspectral_kidney_tumor_1658.jpg,Tumor,1
test,dataset\Hyperspectral_normal_images\Hyperspectral_kidney_normal_1252.jpg,Normal,0
test,dataset\Hyperspectral_tumor_images\Hyperspectral_kidney_tumor_1662.jpg,Tumor,1
test,dataset\Hyperspectral_normal_images\Hyperspectral_kidney_normal_1726.jpg,Normal,0
test,dataset\Hyperspectral_normal_images\Hyperspectral_kidney_normal_4689.jpg,Normal,0
test,dataset\Hyperspectral_normal_images\Hyperspectral_kidney_normal_4659.jpg,Normal,0
test,dataset\Hyperspectral_normal_images\Hyperspectral_kidney_normal_3906.jpg,Normal,0
test,dataset\Hyperspectral_normal_images\Hyperspectral_kidney_normal_4955.jpg,Normal,0
test,dataset\Hyperspectral_normal_images\Hyperspectral_kidney_normal_1072.jpg,Normal,0
test,dataset\Hyperspectral_normal_images\Hyperspectral_kidney_normal_0318.jpg,Normal,0
test,dataset\Hyperspectral_tumor_images\Hyperspectral_kidney_tumor_3689.jpg,Tumor,1
test,dataset\Hyperspectral_tumor_images\Hyperspectral_kidney_tumor_0184.jpg,Tumor,1
test,dataset\Hyperspectral_normal_images\Hyperspectral_kidney_normal_1823.jpg,Normal,0
test,dataset\Hyperspectral_normal_images\Hyperspectral_kidney_normal_2710.jpg,Normal,0
test,dataset\Hyperspectral_normal_images\Hyperspectral_kidney_normal_0314.jpg,Normal,0
test,dataset\Hyperspectral_normal_images\Hyperspectral_kidney_normal_4050.jpg,Normal,0
test,dataset\Hyperspectral_tumor_images\Hyperspectral_kidney_tumor_4120.jpg,Tumor,1
test,dataset\Hyperspectral_normal_images\Hyperspectral_kidney_normal_3396.jpg,Normal,0
test,dataset\Hyperspectral_tumor_images\Hyperspectral_kidney_tumor_1359.jpg,Tumor,1
test,dataset\Hyperspectral_tumor_images\Hyperspectral_kidney_tumor_4183.jpg,Tumor,1
test,dataset\Hyperspectral_normal_images\Hyperspectral_kidney_normal_1052.jpg,Normal,0
test,dataset\Hyperspectral_normal_images\Hyperspectral_kidney_normal_2818.jpg,Normal,0
test,dataset\Hyperspectral_normal_images\Hyperspectral_kidney_normal_1841.jpg,Normal,0
test,dataset\Hyperspectral_normal_images\Hyperspectral_kidney_normal_0795.jpg,Normal,0
test,dataset\Hyperspectral_normal_images\Hyperspectral_kidney_normal_4995.jpg,Normal,0
test,dataset\Hyperspectral_normal_images\Hyperspectral_kidney_normal_2989.jpg,Normal,0
test,dataset\Hyperspectral_tumor_images\Hyperspectral_kidney_tumor_2267.jpg,Tumor,1
test,dataset\Hyperspectral_normal_images\Hyperspectral_kidney_normal_3024.jpg,Normal,0
test,dataset\Hyperspectral_tumor_images\Hyperspectral_kidney_tumor_1802.jpg,Tumor,1
test,dataset\Hyperspectral_normal_images\Hyperspectral_kidney_normal_1950.jpg,Normal,0
test,dataset\Hyperspectral_tumor_images\Hyperspectral_kidney_tumor_1170.jpg,Tumor,1
test,dataset\Hyperspectral_normal_images\Hyperspectral_kidney_normal_3922.jpg,Normal,0
test,dataset\Hyperspectral_normal_images\Hyperspectral_kidney_normal_3109.jpg,Normal,0
test,dataset\Hyperspectral_normal_images\Hyperspectral_kidney_normal_1722.jpg,Normal,0
test,dataset\Hyperspectral_tumor_images\Hyperspectral_kidney_tumor_4086.jpg,Tumor,1
test,dataset\Hyperspectral_tumor_images\Hyperspectral_kidney_tumor_0703.jpg,Tumor,1
test,dataset\Hyperspectral_tumor_images\Hyperspectral_kidney_tumor_1048.jpg,Tumor,1
test,dataset\Hyperspectral_tumor_images\Hyperspectral_kidney_tumor_4050.jpg,Tumor,1
test,dataset\Hyperspectral_tumor_images\Hyperspectral_kidney_tumor_3680.jpg,Tumor,1
test,dataset\Hyperspectral_tumor_images\Hyperspectral_kidney_tumor_0225.jpg,Tumor,1
test,dataset\Hyperspectral_tumor_images\Hyperspectral_kidney_tumor_2157.jpg,Tumor,1
test,dataset\Hyperspectral_normal_images\Hyperspectral_kidney_normal_1149.jpg,Normal,0
test,dataset\Hyperspectral_tumor_images\Hyperspectral_kidney_tumor_2897.jpg,Tumor,1
test,dataset\Hyperspectral_tumor_images\Hyperspectral_kidney_tumor_0598.jpg,Tumor,1
test,dataset\Hyperspectral_normal_images\Hyperspectral_kidney_normal_3483.jpg,Normal,0
test,dataset\Hyperspectral_tumor_images\Hyperspectral_kidney_tumor_2113.jpg,Tumor,1
test,dataset\Hyperspectral_tumor_images\Hyperspectral_kidney_tumor_0327.jpg,Tumor,1
test,dataset\Hyperspectral_tumor_images\Hyperspectral_kidney_tumor_0552.jpg,Tumor,1
test,dataset\Hyperspectral_tumor_images\Hyperspectral_kidney_tumor_3101.jpg,Tumor,1
test,dataset\Hyperspectral_normal_images\Hyperspectral_kidney_normal_3269.jpg,Normal,0
test,dataset\Hyperspectral_tumor_images\Hyperspectral_kidney_tumor_1326.jpg,Tumor,1
test,dataset\Hyperspectral_normal_images\Hyperspectral_kidney_normal_4494.jpg,Normal,0
test,dataset\Hyperspectral_normal_images\Hyperspectral_kidney_normal_3889.jpg,Normal,0
test,dataset\Hyperspectral_normal_images\Hyperspectral_kidney_normal_1955.jpg,Normal,0
test,dataset\Hyperspectral_normal_images\Hyperspectral_kidney_normal_0427.jpg,Normal,0
test,dataset\Hyperspectral_normal_images\Hyperspectral_kidney_normal_3771.jpg,Normal,0
test,dataset\Hyperspectral_normal_images\Hyperspectral_kidney_normal_4886.jpg,Normal,0
test,dataset\Hyperspectral_normal_images\Hyperspectral_kidney_normal_3807.jpg,Normal,0
test,dataset\Hyperspectral_tumor_images\Hyperspectral_kidney_tumor_3204.jpg,Tumor,1
test,dataset\Hyperspectral_tumor_images\Hyperspectral_kidney_tumor_4426.jpg,Tumor,1
test,dataset\Hyperspectral_tumor_images\Hyperspectral_kidney_tumor_3726.jpg,Tumor,1
test,dataset\Hyperspectral_normal_images\Hyperspectral_kidney_normal_4848.jpg,Normal,0
test,dataset\Hyperspectral_normal_images\Hyperspectral_kidney_normal_3496.jpg,Normal,0
test,dataset\Hyperspectral_normal_images\Hyperspectral_kidney_normal_0296.jpg,Normal,0
test,dataset\Hyperspectral_tumor_images\Hyperspectral_kidney_tumor_4371.jpg,Tumor,1
test,dataset\Hyperspectral_normal_images\Hyperspectral_kidney_normal_1523.jpg,Normal,0
test,dataset\Hyperspectral_tumor_images\Hyperspectral_kidney_tumor_2917.jpg,Tumor,1
test,dataset\Hyperspectral_normal_images\Hyperspectral_kidney_normal_3571.jpg,Normal,0
test,dataset\Hyperspectral_normal_images\Hyperspectral_kidney_normal_4599.jpg,Normal,0
test,dataset\Hyperspectral_tumor_images\Hyperspectral_kidney_tumor_0296.jpg,Tumor,1
test,dataset\Hyperspectral_tumor_images\Hyperspectral_kidney_tumor_0966.jpg,Tumor,1
test,dataset\Hyperspectral_normal_images\Hyperspectral_kidney_normal_2471.jpg,Normal,0
test,dataset\Hyperspectral_tumor_images\Hyperspectral_kidney_tumor_1249.jpg,Tumor,1
test,dataset\Hyperspectral_normal_images\Hyperspectral_kidney_normal_3875.jpg,Normal,0
test,dataset\Hyperspectral_normal_images\Hyperspectral_kidney_normal_0766.jpg,Normal,0
test,dataset\Hyperspectral_tumor_images\Hyperspectral_kidney_tumor_2665.jpg,Tumor,1
test,dataset\Hyperspectral_normal_images\Hyperspectral_kidney_normal_2746.jpg,Normal,0
test,dataset\Hyperspectral_normal_images\Hyperspectral_kidney_normal_0049.jpg,Normal,0
test,dataset\Hyperspectral_tumor_images\Hyperspectral_kidney_tumor_0087.jpg,Tumor,1
test,dataset\Hyperspectral_tumor_images\Hyperspectral_kidney_tumor_2175.jpg,Tumor,1
test,dataset\Hyperspectral_tumor_images\Hyperspectral_kidney_tumor_2429.jpg,Tumor,1
test,dataset\Hyperspectral_tumor_images\Hyperspectral_kidney_tumor_3662.jpg,Tumor,1
test,dataset\Hyperspectral_normal_images\Hyperspectral_kidney_normal_0824.jpg,Normal,0
test,dataset\Hyperspectral_normal_images\Hyperspectral_kidney_normal_4647.jpg,Normal,0
test,dataset\Hyperspectral_tumor_images\Hyperspectral_kidney_tumor_3645.jpg,Tumor,1
test,dataset\Hyperspectral_tumor_images\Hyperspectral_kidney_tumor_1791.jpg,Tumor,1
test,dataset\Hyperspectral_tumor_images\Hyperspectral_kidney_tumor_4290.jpg,Tumor,1
test,dataset\Hyperspectral_normal_images\Hyperspectral_kidney_normal_4916.jpg,Normal,0
test,dataset\Hyperspectral_tumor_images\Hyperspectral_kidney_tumor_4093.jpg,Tumor,1
test,dataset\Hyperspectral_tumor_images\Hyperspectral_kidney_tumor_3392.jpg,Tumor,1
test,dataset\Hyperspectral_tumor_images\Hyperspectral_kidney_tumor_3135.jpg,Tumor,1
test,dataset\Hyperspectral_tumor_images\Hyperspectral_kidney_tumor_4985.jpg,Tumor,1
test,dataset\Hyperspectral_tumor_images\Hyperspectral_kidney_tumor_2205.jpg,Tumor,1
test,dataset\Hyperspectral_normal_images\Hyperspectral_kidney_normal_3880.jpg,Normal,0
test,dataset\Hyperspectral_tumor_images\Hyperspectral_kidney_tumor_4384.jpg,Tumor,1
test,dataset\Hyperspectral_normal_images\Hyperspectral_kidney_normal_2087.jpg,Normal,0
test,dataset\Hyperspectral_normal_images\Hyperspectral_kidney_normal_4433.jpg,Normal,0
test,dataset\Hyperspectral_normal_images\Hyperspectral_kidney_normal_4140.jpg,Normal,0
test,dataset\Hyperspectral_tumor_images\Hyperspectral_kidney_tumor_0959.jpg,Tumor,1
test,dataset\Hyperspectral_tumor_images\Hyperspectral_kidney_tumor_0811.jpg,Tumor,1
test,dataset\Hyperspectral_tumor_images\Hyperspectral_kidney_tumor_1118.jpg,Tumor,1
test,dataset\Hyperspectral_normal_images\Hyperspectral_kidney_normal_0218.jpg,Normal,0
test,dataset\Hyperspectral_normal_images\Hyperspectral_kidney_normal_0447.jpg,Normal,0
test,dataset\Hyperspectral_normal_images\Hyperspectral_kidney_normal_3604.jpg,Normal,0
test,dataset\Hyperspectral_tumor_images\Hyperspectral_kidney_tumor_3262.jpg,Tumor,1
test,dataset\Hyperspectral_tumor_images\Hyperspectral_kidney_tumor_1269.jpg,Tumor,1
test,dataset\Hyperspectral_normal_images\Hyperspectral_kidney_normal_1223.jpg,Normal,0
test,dataset\Hyperspectral_normal_images\Hyperspectral_kidney_normal_3717.jpg,Normal,0
test,dataset\Hyperspectral_tumor_images\Hyperspectral_kidney_tumor_4523.jpg,Tumor,1
test,dataset\Hyperspectral_normal_images\Hyperspectral_kidney_normal_2291.jpg,Normal,0
test,dataset\Hyperspectral_normal_images\Hyperspectral_kidney_normal_0511.jpg,Normal,0
test,dataset\Hyperspectral_normal_images\Hyperspectral_kidney_normal_4598.jpg,Normal,0
test,dataset\Hyperspectral_tumor_images\Hyperspectral_kidney_tumor_4480.jpg,Tumor,1
test,dataset\Hyperspectral_normal_images\Hyperspectral_kidney_normal_4990.jpg,Normal,0
test,dataset\Hyperspectral_normal_images\Hyperspectral_kidney_normal_3699.jpg,Normal,0
test,dataset\Hyperspectral_tumor_images\Hyperspectral_kidney_tumor_4644.jpg,Tumor,1
test,dataset\Hyperspectral_tumor_images\Hyperspectral_kidney_tumor_2958.jpg,Tumor,1
test,dataset\Hyperspectral_tumor_images\Hyperspectral_kidney_tumor_3868.jpg,Tumor,1
test,dataset\Hyperspectral_normal_images\Hyperspectral_kidney_normal_3504.jpg,Normal,0
test,dataset\Hyperspectral_normal_images\Hyperspectral_kidney_normal_4489.jpg,Normal,0
test,dataset\Hyperspectral_tumor_images\Hyperspectral_kidney_tumor_2786.jpg,Tumor,1
test,dataset\Hyperspectral_tumor_images\Hyperspectral_kidney_tumor_0492.jpg,Tumor,1
test,dataset\Hyperspectral_normal_images\Hyperspectral_kidney_normal_1208.jpg,Normal,0
test,dataset\Hyperspectral_tumor_images\Hyperspectral_kidney_tumor_2717.jpg,Tumor,1
test,dataset\Hyperspectral_tumor_images\Hyperspectral_kidney_tumor_2893.jpg,Tumor,1
test,dataset\Hyperspectral_tumor_images\Hyperspectral_kidney_tumor_3041.jpg,Tumor,1
test,dataset\Hyperspectral_normal_images\Hyperspectral_kidney_normal_1668.jpg,Normal,0
test,dataset\Hyperspectral_tumor_images\Hyperspectral_kidney_tumor_0595.jpg,Tumor,1
test,dataset\Hyperspectral_tumor_images\Hyperspectral_kidney_tumor_3883.jpg,Tumor,1
test,dataset\Hyperspectral_normal_images\Hyperspectral_kidney_normal_4453.jpg,Normal,0
test,dataset\Hyperspectral_normal_images\Hyperspectral_kidney_normal_4862.jpg,Normal,0
test,dataset\Hyperspectral_tumor_images\Hyperspectral_kidney_tumor_1880.jpg,Tumor,1
test,dataset\Hyperspectral_tumor_images\Hyperspectral_kidney_tumor_3925.jpg,Tumor,1
test,dataset\Hyperspectral_tumor_images\Hyperspectral_kidney_tumor_4269.jpg,Tumor,1
test,dataset\Hyperspectral_normal_images\Hyperspectral_kidney_normal_0564.jpg,Normal,0
test,dataset\Hyperspectral_tumor_images\Hyperspectral_kidney_tumor_2708.jpg,Tumor,1
test,dataset\Hyperspectral_tumor_images\Hyperspectral_kidney_tumor_2154.jpg,Tumor,1
test,dataset\Hyperspectral_normal_images\Hyperspectral_kidney_normal_4271.jpg,Normal,0
test,dataset\Hyperspectral_normal_images\Hyperspectral_kidney_normal_2796.jpg,Normal,0
test,dataset\Hyperspectral_tumor_images\Hyperspectral_kidney_tumor_4307.jpg,Tumor,1
test,dataset\Hyperspectral_normal_images\Hyperspectral_kidney_normal_4928.jpg,Normal,0
test,dataset\Hyperspectral_tumor_images\Hyperspectral_kidney_tumor_2223.jpg,Tumor,1
test,dataset\Hyperspectral_normal_images\Hyperspectral_kidney_normal_0444.jpg,Normal,0
test,dataset\Hyperspectral_normal_images\Hyperspectral_kidney_normal_2277.jpg,Normal,0
test,dataset\Hyperspectral_normal_images\Hyperspectral_kidney_normal_4352.jpg,Normal,0
test,dataset\Hyperspectral_tumor_images\Hyperspectral_kidney_tumor_0870.jpg,Tumor,1
test,dataset\Hyperspectral_normal_images\Hyperspectral_kidney_normal_4416.jpg,Normal,0
test,dataset\Hyperspectral_tumor_images\Hyperspectral_kidney_tumor_3491.jpg,Tumor,1
test,dataset\Hyperspectral_tumor_images\Hyperspectral_kidney_tumor_3535.jpg,Tumor,1
test,dataset\Hyperspectral_tumor_images\Hyperspectral_kidney_tumor_4798.jpg,Tumor,1
test,dataset\Hyperspectral_normal_images\Hyperspectral_kidney_normal_4622.jpg,Normal,0
test,dataset\Hyperspectral_tumor_images\Hyperspectral_kidney_tumor_4265.jpg,Tumor,1
test,dataset\Hyperspectral_normal_images\Hyperspectral_kidney_normal_0227.jpg,Normal,0
test,dataset\Hyperspectral_tumor_images\Hyperspectral_kidney_tumor_2655.jpg,Tumor,1
test,dataset\Hyperspectral_tumor_images\Hyperspectral_kidney_tumor_1268.jpg,Tumor,1
test,dataset\Hyperspectral_normal_images\Hyperspectral_kidney_normal_4483.jpg,Normal,0
test,dataset\Hyperspectral_normal_images\Hyperspectral_kidney_normal_3680.jpg,Normal,0
test,dataset\Hyperspectral_tumor_images\Hyperspectral_kidney_tumor_3877.jpg,Tumor,1
test,dataset\Hyperspectral_tumor_images\Hyperspectral_kidney_tumor_1957.jpg,Tumor,1
test,dataset\Hyperspectral_tumor_images\Hyperspectral_kidney_tumor_0381.jpg,Tumor,1
test,dataset\Hyperspectral_tumor_images\Hyperspectral_kidney_tumor_4235.jpg,Tumor,1
test,dataset\Hyperspectral_normal_images\Hyperspectral_kidney_normal_3653.jpg,Normal,0
test,dataset\Hyperspectral_tumor_images\Hyperspectral_kidney_tumor_0360.jpg,Tumor,1
test,dataset\Hyperspectral_tumor_images\Hyperspectral_kidney_tumor_3260.jpg,Tumor,1
test,dataset\Hyperspectral_tumor_images\Hyperspectral_kidney_tumor_3188.jpg,Tumor,1
test,dataset\Hyperspectral_tumor_images\Hyperspectral_kidney_tumor_3875.jpg,Tumor,1
test,dataset\Hyperspectral_normal_images\Hyperspectral_kidney_normal_1921.jpg,Normal,0
test,dataset\Hyperspectral_tumor_images\Hyperspectral_kidney_tumor_0088.jpg,Tumor,1
test,dataset\Hyperspectral_tumor_images\Hyperspectral_kidney_tumor_2141.jpg,Tumor,1
test,dataset\Hyperspectral_normal_images\Hyperspectral_kidney_normal_4244.jpg,Normal,0
test,dataset\Hyperspectral_tumor_images\Hyperspectral_kidney_tumor_1368.jpg,Tumor,1
test,dataset\Hyperspectral_normal_images\Hyperspectral_kidney_normal_2371.jpg,Normal,0
test,dataset\Hyperspectral_normal_images\Hyperspectral_kidney_normal_0702.jpg,Normal,0
test,dataset\Hyperspectral_normal_images\Hyperspectral_kidney_normal_3117.jpg,Normal,0
test,dataset\Hyperspectral_normal_images\Hyperspectral_kidney_normal_3134.jpg,Normal,0
test,dataset\Hyperspectral_tumor_images\Hyperspectral_kidney_tumor_1321.jpg,Tumor,1
test,dataset\Hyperspectral_tumor_images\Hyperspectral_kidney_tumor_1434.jpg,Tumor,1
test,dataset\Hyperspectral_tumor_images\Hyperspectral_kidney_tumor_0163.jpg,Tumor,1
test,dataset\Hyperspectral_normal_images\Hyperspectral_kidney_normal_3676.jpg,Normal,0
test,dataset\Hyperspectral_normal_images\Hyperspectral_kidney_normal_3893.jpg,Normal,0
test,dataset\Hyperspectral_normal_images\Hyperspectral_kidney_normal_0567.jpg,Normal,0
test,dataset\Hyperspectral_normal_images\Hyperspectral_kidney_normal_1721.jpg,Normal,0
test,dataset\Hyperspectral_normal_images\Hyperspectral_kidney_normal_1353.jpg,Normal,0
test,dataset\Hyperspectral_tumor_images\Hyperspectral_kidney_tumor_3564.jpg,Tumor,1
test,dataset\Hyperspectral_normal_images\Hyperspectral_kidney_normal_2405.jpg,Normal,0
test,dataset\Hyperspectral_tumor_images\Hyperspectral_kidney_tumor_1865.jpg,Tumor,1
test,dataset\Hyperspectral_tumor_images\Hyperspectral_kidney_tumor_2503.jpg,Tumor,1
test,dataset\Hyperspectral_tumor_images\Hyperspectral_kidney_tumor_1102.jpg,Tumor,1
test,dataset\Hyperspectral_tumor_images\Hyperspectral_kidney_tumor_0320.jpg,Tumor,1
test,dataset\Hyperspectral_tumor_images\Hyperspectral_kidney_tumor_3434.jpg,Tumor,1
test,dataset\Hyperspectral_tumor_images\Hyperspectral_kidney_tumor_4991.jpg,Tumor,1
test,dataset\Hyperspectral_normal_images\Hyperspectral_kidney_normal_0527.jpg,Normal,0
test,dataset\Hyperspectral_normal_images\Hyperspectral_kidney_normal_2212.jpg,Normal,0
test,dataset\Hyperspectral_tumor_images\Hyperspectral_kidney_tumor_1317.jpg,Tumor,1
test,dataset\Hyperspectral_tumor_images\Hyperspectral_kidney_tumor_4652.jpg,Tumor,1
test,dataset\Hyperspectral_normal_images\Hyperspectral_kidney_normal_2140.jpg,Normal,0
test,dataset\Hyperspectral_tumor_images\Hyperspectral_kidney_tumor_2102.jpg,Tumor,1
test,dataset\Hyperspectral_normal_images\Hyperspectral_kidney_normal_1906.jpg,Normal,0
test,dataset\Hyperspectral_normal_images\Hyperspectral_kidney_normal_2817.jpg,Normal,0
test,dataset\Hyperspectral_tumor_images\Hyperspectral_kidney_tumor_4730.jpg,Tumor,1
test,dataset\Hyperspectral_normal_images\Hyperspectral_kidney_normal_4538.jpg,Normal,0
test,dataset\Hyperspectral_normal_images\Hyperspectral_kidney_normal_2170.jpg,Normal,0
test,dataset\Hyperspectral_normal_images\Hyperspectral_kidney_normal_3442.jpg,Normal,0
test,dataset\Hyperspectral_normal_images\Hyperspectral_kidney_normal_2427.jpg,Normal,0
test,dataset\Hyperspectral_normal_images\Hyperspectral_kidney_normal_0841.jpg,Normal,0
test,dataset\Hyperspectral_normal_images\Hyperspectral_kidney_normal_2267.jpg,Normal,0
test,dataset\Hyperspectral_tumor_images\Hyperspectral_kidney_tumor_4168.jpg,Tumor,1
test,dataset\Hyperspectral_normal_images\Hyperspectral_kidney_normal_2458.jpg,Normal,0
test,dataset\Hyperspectral_tumor_images\Hyperspectral_kidney_tumor_0643.jpg,Tumor,1
test,dataset\Hyperspectral_tumor_images\Hyperspectral_kidney_tumor_0742.jpg,Tumor,1
test,dataset\Hyperspectral_tumor_images\Hyperspectral_kidney_tumor_1899.jpg,Tumor,1
test,dataset\Hyperspectral_normal_images\Hyperspectral_kidney_normal_1994.jpg,Normal,0
test,dataset\Hyperspectral_normal_images\Hyperspectral_kidney_normal_1023.jpg,Normal,0
test,dataset\Hyperspectral_tumor_images\Hyperspectral_kidney_tumor_2307.jpg,Tumor,1
test,dataset\Hyperspectral_normal_images\Hyperspectral_kidney_normal_2788.jpg,Normal,0
test,dataset\Hyperspectral_normal_images\Hyperspectral_kidney_normal_4520.jpg,Normal,0
test,dataset\Hyperspectral_normal_images\Hyperspectral_kidney_normal_0763.jpg,Normal,0
test,dataset\Hyperspectral_normal_images\Hyperspectral_kidney_normal_4283.jpg,Normal,0
test,dataset\Hyperspectral_tumor_images\Hyperspectral_kidney_tumor_3715.jpg,Tumor,1
test,dataset\Hyperspectral_normal_images\Hyperspectral_kidney_normal_2641.jpg,Normal,0
test,dataset\Hyperspectral_normal_images\Hyperspectral_kidney_normal_1339.jpg,Normal,0
test,dataset\Hyperspectral_normal_images\Hyperspectral_kidney_normal_2021.jpg,Normal,0
test,dataset\Hyperspectral_normal_images\Hyperspectral_kidney_normal_3987.jpg,Normal,0
test,dataset\Hyperspectral_tumor_images\Hyperspectral_kidney_tumor_4242.jpg,Tumor,1
test,dataset\Hyperspectral_tumor_images\Hyperspectral_kidney_tumor_0039.jpg,Tumor,1
test,dataset\Hyperspectral_tumor_images\Hyperspectral_kidney_tumor_3253.jpg,Tumor,1
test,dataset\Hyperspectral_tumor_images\Hyperspectral_kidney_tumor_1306.jpg,Tumor,1
test,dataset\Hyperspectral_normal_images\Hyperspectral_kidney_normal_2556.jpg,Normal,0
test,dataset\Hyperspectral_tumor_images\Hyperspectral_kidney_tumor_0045.jpg,Tumor,1
test,dataset\Hyperspectral_tumor_images\Hyperspectral_kidney_tumor_2940.jpg,Tumor,1
test,dataset\Hyperspectral_normal_images\Hyperspectral_kidney_normal_0500.jpg,Normal,0
test,dataset\Hyperspectral_tumor_images\Hyperspectral_kidney_tumor_2802.jpg,Tumor,1
test,dataset\Hyperspectral_normal_images\Hyperspectral_kidney_normal_1625.jpg,Normal,0
test,dataset\Hyperspectral_normal_images\Hyperspectral_kidney_normal_4613.jpg,Normal,0
test,dataset\Hyperspectral_tumor_images\Hyperspectral_kidney_tumor_1790.jpg,Tumor,1
test,dataset\Hyperspectral_normal_images\Hyperspectral_kidney_normal_3106.jpg,Normal,0
test,dataset\Hyperspectral_normal_images\Hyperspectral_kidney_normal_3399.jpg,Normal,0
test,dataset\Hyperspectral_tumor_images\Hyperspectral_kidney_tumor_0080.jpg,Tumor,1
test,dataset\Hyperspectral_tumor_images\Hyperspectral_kidney_tumor_3310.jpg,Tumor,1
test,dataset\Hyperspectral_normal_images\Hyperspectral_kidney_normal_3901.jpg,Normal,0
test,dataset\Hyperspectral_normal_images\Hyperspectral_kidney_normal_3228.jpg,Normal,0
test,dataset\Hyperspectral_tumor_images\Hyperspectral_kidney_tumor_1451.jpg,Tumor,1
test,dataset\Hyperspectral_tumor_images\Hyperspectral_kidney_tumor_3989.jpg,Tumor,1
test,dataset\Hyperspectral_tumor_images\Hyperspectral_kidney_tumor_4233.jpg,Tumor,1
test,dataset\Hyperspectral_normal_images\Hyperspectral_kidney_normal_1648.jpg,Normal,0
test,dataset\Hyperspectral_tumor_images\Hyperspectral_kidney_tumor_2354.jpg,Tumor,1
test,dataset\Hyperspectral_normal_images\Hyperspectral_kidney_normal_1171.jpg,Normal,0
test,dataset\Hyperspectral_normal_images\Hyperspectral_kidney_normal_0411.jpg,Normal,0
test,dataset\Hyperspectral_tumor_images\Hyperspectral_kidney_tumor_3476.jpg,Tumor,1
test,dataset\Hyperspectral_tumor_images\Hyperspectral_kidney_tumor_4535.jpg,Tumor,1
test,dataset\Hyperspectral_tumor_images\Hyperspectral_kidney_tumor_0010.jpg,Tumor,1
test,dataset\Hyperspectral_normal_images\Hyperspectral_kidney_normal_1729.jpg,Normal,0
test,dataset\Hyperspectral_tumor_images\Hyperspectral_kidney_tumor_2078.jpg,Tumor,1
test,dataset\Hyperspectral_normal_images\Hyperspectral_kidney_normal_2012.jpg,Normal,0
test,dataset\Hyperspectral_normal_images\Hyperspectral_kidney_normal_4850.jpg,Normal,0
test,dataset\Hyperspectral_tumor_images\Hyperspectral_kidney_tumor_3597.jpg,Tumor,1
test,dataset\Hyperspectral_normal_images\Hyperspectral_kidney_normal_3532.jpg,Normal,0
test,dataset\Hyperspectral_tumor_images\Hyperspectral_kidney_tumor_1454.jpg,Tumor,1
test,dataset\Hyperspectral_normal_images\Hyperspectral_kidney_normal_3790.jpg,Normal,0
test,dataset\Hyperspectral_normal_images\Hyperspectral_kidney_normal_0521.jpg,Normal,0
test,dataset\Hyperspectral_normal_images\Hyperspectral_kidney_normal_0773.jpg,Normal,0
test,dataset\Hyperspectral_normal_images\Hyperspectral_kidney_normal_3826.jpg,Normal,0
test,dataset\Hyperspectral_tumor_images\Hyperspectral_kidney_tumor_4568.jpg,Tumor,1
test,dataset\Hyperspectral_normal_images\Hyperspectral_kidney_normal_1865.jpg,Normal,0
test,dataset\Hyperspectral_normal_images\Hyperspectral_kidney_normal_0027.jpg,Normal,0
test,dataset\Hyperspectral_tumor_images\Hyperspectral_kidney_tumor_0328.jpg,Tumor,1
test,dataset\Hyperspectral_tumor_images\Hyperspectral_kidney_tumor_4711.jpg,Tumor,1
test,dataset\Hyperspectral_normal_images\Hyperspectral_kidney_normal_3373.jpg,Normal,0
test,dataset\Hyperspectral_normal_images\Hyperspectral_kidney_normal_2898.jpg,Normal,0
test,dataset\Hyperspectral_tumor_images\Hyperspectral_kidney_tumor_0061.jpg,Tumor,1
test,dataset\Hyperspectral_tumor_images\Hyperspectral_kidney_tumor_2232.jpg,Tumor,1
test,dataset\Hyperspectral_tumor_images\Hyperspectral_kidney_tumor_2167.jpg,Tumor,1
test,dataset\Hyperspectral_normal_images\Hyperspectral_kidney_normal_3873.jpg,Normal,0
test,dataset\Hyperspectral_normal_images\Hyperspectral_kidney_normal_3718.jpg,Normal,0
test,dataset\Hyperspectral_tumor_images\Hyperspectral_kidney_tumor_0632.jpg,Tumor,1
test,dataset\Hyperspectral_tumor_images\Hyperspectral_kidney_tumor_2719.jpg,Tumor,1
test,dataset\Hyperspectral_normal_images\Hyperspectral_kidney_normal_1463.jpg,Normal,0
test,dataset\Hyperspectral_tumor_images\Hyperspectral_kidney_tumor_0564.jpg,Tumor,1
test,dataset\Hyperspectral_tumor_images\Hyperspectral_kidney_tumor_1231.jpg,Tumor,1
test,dataset\Hyperspectral_tumor_images\Hyperspectral_kidney_tumor_2821.jpg,Tumor,1
test,dataset\Hyperspectral_normal_images\Hyperspectral_kidney_normal_1800.jpg,Normal,0
test,dataset\Hyperspectral_normal_images\Hyperspectral_kidney_normal_0623.jpg,Normal,0
test,dataset\Hyperspectral_tumor_images\Hyperspectral_kidney_tumor_4671.jpg,Tumor,1
test,dataset\Hyperspectral_normal_images\Hyperspectral_kidney_normal_4800.jpg,Normal,0
test,dataset\Hyperspectral_normal_images\Hyperspectral_kidney_normal_3297.jpg,Normal,0
test,dataset\Hyperspectral_tumor_images\Hyperspectral_kidney_tumor_4760.jpg,Tumor,1
test,dataset\Hyperspectral_normal_images\Hyperspectral_kidney_normal_1556.jpg,Normal,0
test,dataset\Hyperspectral_normal_images\Hyperspectral_kidney_normal_2780.jpg,Normal,0
test,dataset\Hyperspectral_normal_images\Hyperspectral_kidney_normal_3308.jpg,Normal,0
test,dataset\Hyperspectral_tumor_images\Hyperspectral_kidney_tumor_2569.jpg,Tumor,1
test,dataset\Hyperspectral_normal_images\Hyperspectral_kidney_normal_3457.jpg,Normal,0
test,dataset\Hyperspectral_tumor_images\Hyperspectral_kidney_tumor_3256.jpg,Tumor,1
test,dataset\Hyperspectral_tumor_images\Hyperspectral_kidney_tumor_3946.jpg,Tumor,1
test,dataset\Hyperspectral_tumor_images\Hyperspectral_kidney_tumor_0343.jpg,Tumor,1
test,dataset\Hyperspectral_tumor_images\Hyperspectral_kidney_tumor_2084.jpg,Tumor,1
test,dataset\Hyperspectral_normal_images\Hyperspectral_kidney_normal_2883.jpg,Normal,0
test,dataset\Hyperspectral_normal_images\Hyperspectral_kidney_normal_2585.jpg,Normal,0
test,dataset\Hyperspectral_tumor_images\Hyperspectral_kidney_tumor_4185.jpg,Tumor,1
test,dataset\Hyperspectral_normal_images\Hyperspectral_kidney_normal_1269.jpg,Normal,0
test,dataset\Hyperspectral_tumor_images\Hyperspectral_kidney_tumor_2166.jpg,Tumor,1
test,dataset\Hyperspectral_normal_images\Hyperspectral_kidney_normal_3105.jpg,Normal,0
test,dataset\Hyperspectral_normal_images\Hyperspectral_kidney_normal_2394.jpg,Normal,0
test,dataset\Hyperspectral_tumor_images\Hyperspectral_kidney_tumor_0762.jpg,Tumor,1
test,dataset\Hyperspectral_normal_images\Hyperspectral_kidney_normal_3335.jpg,Normal,0
test,dataset\Hyperspectral_normal_images\Hyperspectral_kidney_normal_1736.jpg,Normal,0
test,dataset\Hyperspectral_tumor_images\Hyperspectral_kidney_tumor_0267.jpg,Tumor,1
test,dataset\Hyperspectral_tumor_images\Hyperspectral_kidney_tumor_1147.jpg,Tumor,1
test,dataset\Hyperspectral_tumor_images\Hyperspectral_kidney_tumor_3994.jpg,Tumor,1
test,dataset\Hyperspectral_normal_images\Hyperspectral_kidney_normal_0657.jpg,Normal,0
test,dataset\Hyperspectral_tumor_images\Hyperspectral_kidney_tumor_0445.jpg,Tumor,1
test,dataset\Hyperspectral_tumor_images\Hyperspectral_kidney_tumor_0983.jpg,Tumor,1
test,dataset\Hyperspectral_tumor_images\Hyperspectral_kidney_tumor_3692.jpg,Tumor,1
test,dataset\Hyperspectral_normal_images\Hyperspectral_kidney_normal_0376.jpg,Normal,0
test,dataset\Hyperspectral_normal_images\Hyperspectral_kidney_normal_2137.jpg,Normal,0
test,dataset\Hyperspectral_normal_images\Hyperspectral_kidney_normal_1311.jpg,Normal,0
test,dataset\Hyperspectral_normal_images\Hyperspectral_kidney_normal_1751.jpg,Normal,0
test,dataset\Hyperspectral_tumor_images\Hyperspectral_kidney_tumor_1870.jpg,Tumor,1
test,dataset\Hyperspectral_normal_images\Hyperspectral_kidney_normal_1391.jpg,Normal,0
test,dataset\Hyperspectral_tumor_images\Hyperspectral_kidney_tumor_2151.jpg,Tumor,1
test,dataset\Hyperspectral_normal_images\Hyperspectral_kidney_normal_1349.jpg,Normal,0
test,dataset\Hyperspectral_normal_images\Hyperspectral_kidney_normal_0469.jpg,Normal,0
test,dataset\Hyperspectral_normal_images\Hyperspectral_kidney_normal_4364.jpg,Normal,0
test,dataset\Hyperspectral_tumor_images\Hyperspectral_kidney_tumor_0040.jpg,Tumor,1
test,dataset\Hyperspectral_tumor_images\Hyperspectral_kidney_tumor_3397.jpg,Tumor,1
test,dataset\Hyperspectral_tumor_images\Hyperspectral_kidney_tumor_4400.jpg,Tumor,1
test,dataset\Hyperspectral_normal_images\Hyperspectral_kidney_normal_0899.jpg,Normal,0
test,dataset\Hyperspectral_normal_images\Hyperspectral_kidney_normal_2325.jpg,Normal,0
test,dataset\Hyperspectral_tumor_images\Hyperspectral_kidney_tumor_1969.jpg,Tumor,1
test,dataset\Hyperspectral_normal_images\Hyperspectral_kidney_normal_4188.jpg,Normal,0
test,dataset\Hyperspectral_tumor_images\Hyperspectral_kidney_tumor_1066.jpg,Tumor,1
test,dataset\Hyperspectral_normal_images\Hyperspectral_kidney_normal_1293.jpg,Normal,0
test,dataset\Hyperspectral_tumor_images\Hyperspectral_kidney_tumor_0717.jpg,Tumor,1
test,dataset\Hyperspectral_tumor_images\Hyperspectral_kidney_tumor_1398.jpg,Tumor,1
test,dataset\Hyperspectral_normal_images\Hyperspectral_kidney_normal_4772.jpg,Normal,0
test,dataset\Hyperspectral_normal_images\Hyperspectral_kidney_normal_4781.jpg,Normal,0
test,dataset\Hyperspectral_normal_images\Hyperspectral_kidney_normal_2167.jpg,Normal,0
test,dataset\Hyperspectral_tumor_images\Hyperspectral_kidney_tumor_1610.jpg,Tumor,1
test,dataset\Hyperspectral_tumor_images\Hyperspectral_kidney_tumor_1075.jpg,Tumor,1
test,dataset\Hyperspectral_tumor_images\Hyperspectral_kidney_tumor_1068.jpg,Tumor,1
test,dataset\Hyperspectral_normal_images\Hyperspectral_kidney_normal_1296.jpg,Normal,0
test,dataset\Hyperspectral_normal_images\Hyperspectral_kidney_normal_3693.jpg,Normal,0
test,dataset\Hyperspectral_normal_images\Hyperspectral_kidney_normal_1816.jpg,Normal,0
test,dataset\Hyperspectral_normal_images\Hyperspectral_kidney_normal_2574.jpg,Normal,0
test,dataset\Hyperspectral_tumor_images\Hyperspectral_kidney_tumor_1218.jpg,Tumor,1
test,dataset\Hyperspectral_normal_images\Hyperspectral_kidney_normal_1489.jpg,Normal,0
test,dataset\Hyperspectral_normal_images\Hyperspectral_kidney_normal_4595.jpg,Normal,0
test,dataset\Hyperspectral_tumor_images\Hyperspectral_kidney_tumor_0525.jpg,Tumor,1
test,dataset\Hyperspectral_tumor_images\Hyperspectral_kidney_tumor_2939.jpg,Tumor,1
test,dataset\Hyperspectral_tumor_images\Hyperspectral_kidney_tumor_1793.jpg,Tumor,1
test,dataset\Hyperspectral_normal_images\Hyperspectral_kidney_normal_0238.jpg,Normal,0
test,dataset\Hyperspectral_normal_images\Hyperspectral_kidney_normal_2512.jpg,Normal,0
test,dataset\Hyperspectral_normal_images\Hyperspectral_kidney_normal_2186.jpg,Normal,0
test,dataset\Hyperspectral_tumor_images\Hyperspectral_kidney_tumor_3090.jpg,Tumor,1
test,dataset\Hyperspectral_normal_images\Hyperspectral_kidney_normal_1021.jpg,Normal,0
test,dataset\Hyperspectral_normal_images\Hyperspectral_kidney_normal_0201.jpg,Normal,0
test,dataset\Hyperspectral_normal_images\Hyperspectral_kidney_normal_0160.jpg,Normal,0
test,dataset\Hyperspectral_tumor_images\Hyperspectral_kidney_tumor_1775.jpg,Tumor,1
test,dataset\Hyperspectral_normal_images\Hyperspectral_kidney_normal_4946.jpg,Normal,0
test,dataset\Hyperspectral_tumor_images\Hyperspectral_kidney_tumor_2071.jpg,Tumor,1
test,dataset\Hyperspectral_normal_images\Hyperspectral_kidney_normal_1974.jpg,Normal,0
test,dataset\Hyperspectral_normal_images\Hyperspectral_kidney_normal_4648.jpg,Normal,0
test,dataset\Hyperspectral_tumor_images\Hyperspectral_kidney_tumor_2317.jpg,Tumor,1
test,dataset\Hyperspectral_normal_images\Hyperspectral_kidney_normal_1249.jpg,Normal,0
test,dataset\Hyperspectral_tumor_images\Hyperspectral_kidney_tumor_4553.jpg,Tumor,1
test,dataset\Hyperspectral_normal_images\Hyperspectral_kidney_normal_3914.jpg,Normal,0
test,dataset\Hyperspectral_normal_images\Hyperspectral_kidney_normal_0536.jpg,Normal,0
test,dataset\Hyperspectral_tumor_images\Hyperspectral_kidney_tumor_2056.jpg,Tumor,1
test,dataset\Hyperspectral_tumor_images\Hyperspectral_kidney_tumor_2251.jpg,Tumor,1
test,dataset\Hyperspectral_normal_images\Hyperspectral_kidney_normal_0327.jpg,Normal,0
test,dataset\Hyperspectral_tumor_images\Hyperspectral_kidney_tumor_4389.jpg,Tumor,1
test,dataset\Hyperspectral_tumor_images\Hyperspectral_kidney_tumor_1281.jpg,Tumor,1
test,dataset\Hyperspectral_normal_images\Hyperspectral_kidney_normal_3242.jpg,Normal,0
test,dataset\Hyperspectral_tumor_images\Hyperspectral_kidney_tumor_2323.jpg,Tumor,1
test,dataset\Hyperspectral_tumor_images\Hyperspectral_kidney_tumor_1549.jpg,Tumor,1
test,dataset\Hyperspectral_tumor_images\Hyperspectral_kidney_tumor_4692.jpg,Tumor,1
test,dataset\Hyperspectral_tumor_images\Hyperspectral_kidney_tumor_4413.jpg,Tumor,1
test,dataset\Hyperspectral_normal_images\Hyperspectral_kidney_normal_3522.jpg,Normal,0
test,dataset\Hyperspectral_tumor_images\Hyperspectral_kidney_tumor_3336.jpg,Tumor,1
test,dataset\Hyperspectral_normal_images\Hyperspectral_kidney_normal_4470.jpg,Normal,0
test,dataset\Hyperspectral_normal_images\Hyperspectral_kidney_normal_4335.jpg,Normal,0
test,dataset\Hyperspectral_normal_images\Hyperspectral_kidney_normal_1786.jpg,Normal,0
test,dataset\Hyperspectral_normal_images\Hyperspectral_kidney_normal_1717.jpg,Normal,0
test,dataset\Hyperspectral_normal_images\Hyperspectral_kidney_normal_3486.jpg,Normal,0
test,dataset\Hyperspectral_tumor_images\Hyperspectral_kidney_tumor_4954.jpg,Tumor,1
test,dataset\Hyperspectral_normal_images\Hyperspectral_kidney_normal_0585.jpg,Normal,0
test,dataset\Hyperspectral_tumor_images\Hyperspectral_kidney_tumor_1735.jpg,Tumor,1
test,dataset\Hyperspectral_normal_images\Hyperspectral_kidney_normal_2860.jpg,Normal,0
test,dataset\Hyperspectral_tumor_images\Hyperspectral_kidney_tumor_2827.jpg,Tumor,1
test,dataset\Hyperspectral_normal_images\Hyperspectral_kidney_normal_3459.jpg,Normal,0
test,dataset\Hyperspectral_normal_images\Hyperspectral_kidney_normal_4190.jpg,Normal,0
test,dataset\Hyperspectral_tumor_images\Hyperspectral_kidney_tumor_4199.jpg,Tumor,1
test,dataset\Hyperspectral_tumor_images\Hyperspectral_kidney_tumor_3348.jpg,Tumor,1
test,dataset\Hyperspectral_tumor_images\Hyperspectral_kidney_tumor_0638.jpg,Tumor,1
test,dataset\Hyperspectral_tumor_images\Hyperspectral_kidney_tumor_1025.jpg,Tumor,1
test,dataset\Hyperspectral_tumor_images\Hyperspectral_kidney_tumor_2513.jpg,Tumor,1
test,dataset\Hyperspectral_normal_images\Hyperspectral_kidney_normal_4536.jpg,Normal,0
test,dataset\Hyperspectral_normal_images\Hyperspectral_kidney_normal_4365.jpg,Normal,0
test,dataset\Hyperspectral_normal_images\Hyperspectral_kidney_normal_3470.jpg,Normal,0
test,dataset\Hyperspectral_tumor_images\Hyperspectral_kidney_tumor_3987.jpg,Tumor,1
test,dataset\Hyperspectral_tumor_images\Hyperspectral_kidney_tumor_4497.jpg,Tumor,1
test,dataset\Hyperspectral_normal_images\Hyperspectral_kidney_normal_4510.jpg,Normal,0
test,dataset\Hyperspectral_tumor_images\Hyperspectral_kidney_tumor_1507.jpg,Tumor,1
test,dataset\Hyperspectral_normal_images\Hyperspectral_kidney_normal_3715.jpg,Normal,0
test,dataset\Hyperspectral_tumor_images\Hyperspectral_kidney_tumor_2584.jpg,Tumor,1
test,dataset\Hyperspectral_normal_images\Hyperspectral_kidney_normal_0939.jpg,Normal,0
test,dataset\Hyperspectral_tumor_images\Hyperspectral_kidney_tumor_1084.jpg,Tumor,1
test,dataset\Hyperspectral_normal_images\Hyperspectral_kidney_normal_1629.jpg,Normal,0
test,dataset\Hyperspectral_tumor_images\Hyperspectral_kidney_tumor_4460.jpg,Tumor,1
test,dataset\Hyperspectral_normal_images\Hyperspectral_kidney_normal_2722.jpg,Normal,0
test,dataset\Hyperspectral_normal_images\Hyperspectral_kidney_normal_2445.jpg,Normal,0
test,dataset\Hyperspectral_normal_images\Hyperspectral_kidney_normal_4410.jpg,Normal,0
test,dataset\Hyperspectral_tumor_images\Hyperspectral_kidney_tumor_2129.jpg,Tumor,1
test,dataset\Hyperspectral_tumor_images\Hyperspectral_kidney_tumor_1187.jpg,Tumor,1
test,dataset\Hyperspectral_tumor_images\Hyperspectral_kidney_tumor_2993.jpg,Tumor,1
test,dataset\Hyperspectral_normal_images\Hyperspectral_kidney_normal_1695.jpg,Normal,0
test,dataset\Hyperspectral_normal_images\Hyperspectral_kidney_normal_2932.jpg,Normal,0
test,dataset\Hyperspectral_normal_images\Hyperspectral_kidney_normal_0889.jpg,Normal,0
test,dataset\Hyperspectral_tumor_images\Hyperspectral_kidney_tumor_2996.jpg,Tumor,1
test,dataset\Hyperspectral_tumor_images\Hyperspectral_kidney_tumor_2135.jpg,Tumor,1
test,dataset\Hyperspectral_normal_images\Hyperspectral_kidney_normal_0765.jpg,Normal,0
test,dataset\Hyperspectral_normal_images\Hyperspectral_kidney_normal_2026.jpg,Normal,0
test,dataset\Hyperspectral_normal_images\Hyperspectral_kidney_normal_4021.jpg,Normal,0
test,dataset\Hyperspectral_tumor_images\Hyperspectral_kidney_tumor_3950.jpg,Tumor,1
test,dataset\Hyperspectral_normal_images\Hyperspectral_kidney_normal_3195.jpg,Normal,0
test,dataset\Hyperspectral_normal_images\Hyperspectral_kidney_normal_3783.jpg,Normal,0
test,dataset\Hyperspectral_normal_images\Hyperspectral_kidney_normal_4892.jpg,Normal,0
test,dataset\Hyperspectral_normal_images\Hyperspectral_kidney_normal_2809.jpg,Normal,0
test,dataset\Hyperspectral_normal_images\Hyperspectral_kidney_normal_2037.jpg,Normal,0
test,dataset\Hyperspectral_tumor_images\Hyperspectral_kidney_tumor_0559.jpg,Tumor,1
test,dataset\Hyperspectral_tumor_images\Hyperspectral_kidney_tumor_1817.jpg,Tumor,1
test,dataset\Hyperspectral_tumor_images\Hyperspectral_kidney_tumor_3981.jpg,Tumor,1
test,dataset\Hyperspectral_normal_images\Hyperspectral_kidney_normal_1827.jpg,Normal,0
test,dataset\Hyperspectral_normal_images\Hyperspectral_kidney_normal_1037.jpg,Normal,0
test,dataset\Hyperspectral_normal_images\Hyperspectral_kidney_normal_1305.jpg,Normal,0
test,dataset\Hyperspectral_normal_images\Hyperspectral_kidney_normal_3466.jpg,Normal,0
test,dataset\Hyperspectral_normal_images\Hyperspectral_kidney_normal_3908.jpg,Normal,0
test,dataset\Hyperspectral_normal_images\Hyperspectral_kidney_normal_4003.jpg,Normal,0
test,dataset\Hyperspectral_normal_images\Hyperspectral_kidney_normal_2903.jpg,Normal,0
test,dataset\Hyperspectral_normal_images\Hyperspectral_kidney_normal_3725.jpg,Normal,0
test,dataset\Hyperspectral_normal_images\Hyperspectral_kidney_normal_2501.jpg,Normal,0
test,dataset\Hyperspectral_normal_images\Hyperspectral_kidney_normal_0255.jpg,Normal,0
test,dataset\Hyperspectral_tumor_images\Hyperspectral_kidney_tumor_4778.jpg,Tumor,1
test,dataset\Hyperspectral_normal_images\Hyperspectral_kidney_normal_1867.jpg,Normal,0
test,dataset\Hyperspectral_normal_images\Hyperspectral_kidney_normal_0236.jpg,Normal,0
test,dataset\Hyperspectral_normal_images\Hyperspectral_kidney_normal_4730.jpg,Normal,0
test,dataset\Hyperspectral_tumor_images\Hyperspectral_kidney_tumor_2706.jpg,Tumor,1
test,dataset\Hyperspectral_normal_images\Hyperspectral_kidney_normal_4043.jpg,Normal,0
test,dataset\Hyperspectral_normal_images\Hyperspectral_kidney_normal_3433.jpg,Normal,0
test,dataset\Hyperspectral_normal_images\Hyperspectral_kidney_normal_4855.jpg,Normal,0
test,dataset\Hyperspectral_normal_images\Hyperspectral_kidney_normal_3829.jpg,Normal,0
test,dataset\Hyperspectral_normal_images\Hyperspectral_kidney_normal_2033.jpg,Normal,0
test,dataset\Hyperspectral_tumor_images\Hyperspectral_kidney_tumor_2296.jpg,Tumor,1
test,dataset\Hyperspectral_normal_images\Hyperspectral_kidney_normal_1470.jpg,Normal,0
test,dataset\Hyperspectral_tumor_images\Hyperspectral_kidney_tumor_4155.jpg,Tumor,1
test,dataset\Hyperspectral_tumor_images\Hyperspectral_kidney_tumor_0712.jpg,Tumor,1
test,dataset\Hyperspectral_tumor_images\Hyperspectral_kidney_tumor_3775.jpg,Tumor,1
test,dataset\Hyperspectral_tumor_images\Hyperspectral_kidney_tumor_3573.jpg,Tumor,1
test,dataset\Hyperspectral_normal_images\Hyperspectral_kidney_normal_1570.jpg,Normal,0
test,dataset\Hyperspectral_normal_images\Hyperspectral_kidney_normal_4120.jpg,Normal,0
test,dataset\Hyperspectral_tumor_images\Hyperspectral_kidney_tumor_1465.jpg,Tumor,1
test,dataset\Hyperspectral_tumor_images\Hyperspectral_kidney_tumor_1830.jpg,Tumor,1
test,dataset\Hyperspectral_normal_images\Hyperspectral_kidney_normal_0872.jpg,Normal,0
test,dataset\Hyperspectral_normal_images\Hyperspectral_kidney_normal_4932.jpg,Normal,0
test,dataset\Hyperspectral_normal_images\Hyperspectral_kidney_normal_0326.jpg,Normal,0
test,dataset\Hyperspectral_tumor_images\Hyperspectral_kidney_tumor_2061.jpg,Tumor,1
test,dataset\Hyperspectral_tumor_images\Hyperspectral_kidney_tumor_3990.jpg,Tumor,1
test,dataset\Hyperspectral_tumor_images\Hyperspectral_kidney_tumor_1826.jpg,Tumor,1
test,dataset\Hyperspectral_tumor_images\Hyperspectral_kidney_tumor_1809.jpg,Tumor,1
test,dataset\Hyperspectral_normal_images\Hyperspectral_kidney_normal_1829.jpg,Normal,0
test,dataset\Hyperspectral_normal_images\Hyperspectral_kidney_normal_0698.jpg,Normal,0
test,dataset\Hyperspectral_normal_images\Hyperspectral_kidney_normal_0835.jpg,Normal,0
test,dataset\Hyperspectral_tumor_images\Hyperspectral_kidney_tumor_3447.jpg,Tumor,1
test,dataset\Hyperspectral_normal_images\Hyperspectral_kidney_normal_2264.jpg,Normal,0
test,dataset\Hyperspectral_normal_images\Hyperspectral_kidney_normal_1969.jpg,Normal,0
test,dataset\Hyperspectral_tumor_images\Hyperspectral_kidney_tumor_2505.jpg,Tumor,1
test,dataset\Hyperspectral_tumor_images\Hyperspectral_kidney_tumor_4122.jpg,Tumor,1
test,dataset\Hyperspectral_tumor_images\Hyperspectral_kidney_tumor_2910.jpg,Tumor,1
test,dataset\Hyperspectral_tumor_images\Hyperspectral_kidney_tumor_2926.jpg,Tumor,1
test,dataset\Hyperspectral_tumor_images\Hyperspectral_kidney_tumor_3325.jpg,Tumor,1
test,dataset\Hyperspectral_tumor_images\Hyperspectral_kidney_tumor_1372.jpg,Tumor,1
test,dataset\Hyperspectral_tumor_images\Hyperspectral_kidney_tumor_2817.jpg,Tumor,1
test,dataset\Hyperspectral_normal_images\Hyperspectral_kidney_normal_2711.jpg,Normal,0
test,dataset\Hyperspectral_normal_images\Hyperspectral_kidney_normal_1086.jpg,Normal,0
test,dataset\Hyperspectral_normal_images\Hyperspectral_kidney_normal_1734.jpg,Normal,0
test,dataset\Hyperspectral_tumor_images\Hyperspectral_kidney_tumor_4710.jpg,Tumor,1
test,dataset\Hyperspectral_tumor_images\Hyperspectral_kidney_tumor_4948.jpg,Tumor,1
test,dataset\Hyperspectral_tumor_images\Hyperspectral_kidney_tumor_2713.jpg,Tumor,1
test,dataset\Hyperspectral_normal_images\Hyperspectral_kidney_normal_3512.jpg,Normal,0
test,dataset\Hyperspectral_normal_images\Hyperspectral_kidney_normal_0597.jpg,Normal,0
test,dataset\Hyperspectral_tumor_images\Hyperspectral_kidney_tumor_2566.jpg,Tumor,1
test,dataset\Hyperspectral_normal_images\Hyperspectral_kidney_normal_3961.jpg,Normal,0
test,dataset\Hyperspectral_normal_images\Hyperspectral_kidney_normal_2330.jpg,Normal,0
test,dataset\Hyperspectral_normal_images\Hyperspectral_kidney_normal_2337.jpg,Normal,0
test,dataset\Hyperspectral_tumor_images\Hyperspectral_kidney_tumor_4408.jpg,Tumor,1
test,dataset\Hyperspectral_tumor_images\Hyperspectral_kidney_tumor_4210.jpg,Tumor,1
test,dataset\Hyperspectral_tumor_images\Hyperspectral_kidney_tumor_1373.jpg,Tumor,1
test,dataset\Hyperspectral_normal_images\Hyperspectral_kidney_normal_1747.jpg,Normal,0
test,dataset\Hyperspectral_normal_images\Hyperspectral_kidney_normal_2069.jpg,Normal,0
test,dataset\Hyperspectral_tumor_images\Hyperspectral_kidney_tumor_1721.jpg,Tumor,1
test,dataset\Hyperspectral_normal_images\Hyperspectral_kidney_normal_0582.jpg,Normal,0
test,dataset\Hyperspectral_tumor_images\Hyperspectral_kidney_tumor_4117.jpg,Tumor,1
test,dataset\Hyperspectral_tumor_images\Hyperspectral_kidney_tumor_4139.jpg,Tumor,1
test,dataset\Hyperspectral_normal_images\Hyperspectral_kidney_normal_2554.jpg,Normal,0
test,dataset\Hyperspectral_tumor_images\Hyperspectral_kidney_tumor_1879.jpg,Tumor,1
test,dataset\Hyperspectral_tumor_images\Hyperspectral_kidney_tumor_1430.jpg,Tumor,1
test,dataset\Hyperspectral_normal_images\Hyperspectral_kidney_normal_4897.jpg,Normal,0
test,dataset\Hyperspectral_tumor_images\Hyperspectral_kidney_tumor_0256.jpg,Tumor,1
test,dataset\Hyperspectral_tumor_images\Hyperspectral_kidney_tumor_2625.jpg,Tumor,1
test,dataset\Hyperspectral_tumor_images\Hyperspectral_kidney_tumor_2592.jpg,Tumor,1
test,dataset\Hyperspectral_normal_images\Hyperspectral_kidney_normal_0661.jpg,Normal,0
test,dataset\Hyperspectral_normal_images\Hyperspectral_kidney_normal_1962.jpg,Normal,0
test,dataset\Hyperspectral_tumor_images\Hyperspectral_kidney_tumor_2458.jpg,Tumor,1
test,dataset\Hyperspectral_tumor_images\Hyperspectral_kidney_tumor_1806.jpg,Tumor,1
test,dataset\Hyperspectral_normal_images\Hyperspectral_kidney_normal_2158.jpg,Normal,0
test,dataset\Hyperspectral_tumor_images\Hyperspectral_kidney_tumor_4481.jpg,Tumor,1
test,dataset\Hyperspectral_normal_images\Hyperspectral_kidney_normal_3759.jpg,Normal,0
test,dataset\Hyperspectral_tumor_images\Hyperspectral_kidney_tumor_2347.jpg,Tumor,1
test,dataset\Hyperspectral_normal_images\Hyperspectral_kidney_normal_1511.jpg,Normal,0
test,dataset\Hyperspectral_normal_images\Hyperspectral_kidney_normal_4334.jpg,Normal,0
test,dataset\Hyperspectral_normal_images\Hyperspectral_kidney_normal_0059.jpg,Normal,0
test,dataset\Hyperspectral_normal_images\Hyperspectral_kidney_normal_3977.jpg,Normal,0
test,dataset\Hyperspectral_tumor_images\Hyperspectral_kidney_tumor_3741.jpg,Tumor,1
test,dataset\Hyperspectral_normal_images\Hyperspectral_kidney_normal_0084.jpg,Normal,0
test,dataset\Hyperspectral_tumor_images\Hyperspectral_kidney_tumor_1382.jpg,Tumor,1
test,dataset\Hyperspectral_tumor_images\Hyperspectral_kidney_tumor_4767.jpg,Tumor,1
test,dataset\Hyperspectral_normal_images\Hyperspectral_kidney_normal_3437.jpg,Normal,0
test,dataset\Hyperspectral_tumor_images\Hyperspectral_kidney_tumor_1798.jpg,Tumor,1
test,dataset\Hyperspectral_tumor_images\Hyperspectral_kidney_tumor_4268.jpg,Tumor,1
test,dataset\Hyperspectral_normal_images\Hyperspectral_kidney_normal_3033.jpg,Normal,0
test,dataset\Hyperspectral_normal_images\Hyperspectral_kidney_normal_2250.jpg,Normal,0
test,dataset\Hyperspectral_tumor_images\Hyperspectral_kidney_tumor_3649.jpg,Tumor,1
test,dataset\Hyperspectral_tumor_images\Hyperspectral_kidney_tumor_3949.jpg,Tumor,1
test,dataset\Hyperspectral_normal_images\Hyperspectral_kidney_normal_2758.jpg,Normal,0
test,dataset\Hyperspectral_normal_images\Hyperspectral_kidney_normal_4541.jpg,Normal,0
test,dataset\Hyperspectral_tumor_images\Hyperspectral_kidney_tumor_1820.jpg,Tumor,1
test,dataset\Hyperspectral_normal_images\Hyperspectral_kidney_normal_4784.jpg,Normal,0
test,dataset\Hyperspectral_tumor_images\Hyperspectral_kidney_tumor_3566.jpg,Tumor,1
test,dataset\Hyperspectral_tumor_images\Hyperspectral_kidney_tumor_4688.jpg,Tumor,1
test,dataset\Hyperspectral_normal_images\Hyperspectral_kidney_normal_3687.jpg,Normal,0
test,dataset\Hyperspectral_tumor_images\Hyperspectral_kidney_tumor_1101.jpg,Tumor,1
test,dataset\Hyperspectral_normal_images\Hyperspectral_kidney_normal_1877.jpg,Normal,0
test,dataset\Hyperspectral_tumor_images\Hyperspectral_kidney_tumor_4648.jpg,Tumor,1
test,dataset\Hyperspectral_normal_images\Hyperspectral_kidney_normal_4817.jpg,Normal,0
test,dataset\Hyperspectral_tumor_images\Hyperspectral_kidney_tumor_3951.jpg,Tumor,1
test,dataset\Hyperspectral_tumor_images\Hyperspectral_kidney_tumor_4392.jpg,Tumor,1
test,dataset\Hyperspectral_tumor_images\Hyperspectral_kidney_tumor_3264.jpg,Tumor,1
test,dataset\Hyperspectral_tumor_images\Hyperspectral_kidney_tumor_1107.jpg,Tumor,1
test,dataset\Hyperspectral_tumor_images\Hyperspectral_kidney_tumor_4618.jpg,Tumor,1
test,dataset\Hyperspectral_tumor_images\Hyperspectral_kidney_tumor_4520.jpg,Tumor,1
test,dataset\Hyperspectral_normal_images\Hyperspectral_kidney_normal_4399.jpg,Normal,0
test,dataset\Hyperspectral_tumor_images\Hyperspectral_kidney_tumor_4599.jpg,Tumor,1
test,dataset\Hyperspectral_normal_images\Hyperspectral_kidney_normal_0245.jpg,Normal,0
test,dataset\Hyperspectral_normal_images\Hyperspectral_kidney_normal_2431.jpg,Normal,0
test,dataset\Hyperspectral_normal_images\Hyperspectral_kidney_normal_2411.jpg,Normal,0
test,dataset\Hyperspectral_normal_images\Hyperspectral_kidney_normal_1797.jpg,Normal,0
test,dataset\Hyperspectral_normal_images\Hyperspectral_kidney_normal_4419.jpg,Normal,0
test,dataset\Hyperspectral_normal_images\Hyperspectral_kidney_normal_4877.jpg,Normal,0
test,dataset\Hyperspectral_normal_images\Hyperspectral_kidney_normal_3609.jpg,Normal,0
test,dataset\Hyperspectral_tumor_images\Hyperspectral_kidney_tumor_2348.jpg,Tumor,1
test,dataset\Hyperspectral_tumor_images\Hyperspectral_kidney_tumor_1607.jpg,Tumor,1
test,dataset\Hyperspectral_normal_images\Hyperspectral_kidney_normal_0980.jpg,Normal,0
test,dataset\Hyperspectral_normal_images\Hyperspectral_kidney_normal_1927.jpg,Normal,0
test,dataset\Hyperspectral_tumor_images\Hyperspectral_kidney_tumor_3229.jpg,Tumor,1
test,dataset\Hyperspectral_normal_images\Hyperspectral_kidney_normal_3445.jpg,Normal,0
test,dataset\Hyperspectral_normal_images\Hyperspectral_kidney_normal_1805.jpg,Normal,0
test,dataset\Hyperspectral_tumor_images\Hyperspectral_kidney_tumor_3238.jpg,Tumor,1
test,dataset\Hyperspectral_tumor_images\Hyperspectral_kidney_tumor_3158.jpg,Tumor,1
test,dataset\Hyperspectral_tumor_images\Hyperspectral_kidney_tumor_2811.jpg,Tumor,1
test,dataset\Hyperspectral_tumor_images\Hyperspectral_kidney_tumor_1371.jpg,Tumor,1
test,dataset\Hyperspectral_normal_images\Hyperspectral_kidney_normal_3191.jpg,Normal,0
test,dataset\Hyperspectral_normal_images\Hyperspectral_kidney_normal_4533.jpg,Normal,0
test,dataset\Hyperspectral_tumor_images\Hyperspectral_kidney_tumor_3314.jpg,Tumor,1
test,dataset\Hyperspectral_normal_images\Hyperspectral_kidney_normal_1324.jpg,Normal,0
test,dataset\Hyperspectral_normal_images\Hyperspectral_kidney_normal_1991.jpg,Normal,0
test,dataset\Hyperspectral_tumor_images\Hyperspectral_kidney_tumor_1743.jpg,Tumor,1
test,dataset\Hyperspectral_tumor_images\Hyperspectral_kidney_tumor_3567.jpg,Tumor,1
test,dataset\Hyperspectral_normal_images\Hyperspectral_kidney_normal_3877.jpg,Normal,0
test,dataset\Hyperspectral_tumor_images\Hyperspectral_kidney_tumor_2411.jpg,Tumor,1
test,dataset\Hyperspectral_tumor_images\Hyperspectral_kidney_tumor_2375.jpg,Tumor,1
test,dataset\Hyperspectral_normal_images\Hyperspectral_kidney_normal_1576.jpg,Normal,0
test,dataset\Hyperspectral_tumor_images\Hyperspectral_kidney_tumor_0940.jpg,Tumor,1
test,dataset\Hyperspectral_normal_images\Hyperspectral_kidney_normal_0205.jpg,Normal,0
test,dataset\Hyperspectral_normal_images\Hyperspectral_kidney_normal_1236.jpg,Normal,0
test,dataset\Hyperspectral_normal_images\Hyperspectral_kidney_normal_3817.jpg,Normal,0
test,dataset\Hyperspectral_normal_images\Hyperspectral_kidney_normal_0618.jpg,Normal,0
test,dataset\Hyperspectral_tumor_images\Hyperspectral_kidney_tumor_4226.jpg,Tumor,1
test,dataset\Hyperspectral_normal_images\Hyperspectral_kidney_normal_3767.jpg,Normal,0
test,dataset\Hyperspectral_tumor_images\Hyperspectral_kidney_tumor_3381.jpg,Tumor,1
test,dataset\Hyperspectral_tumor_images\Hyperspectral_kidney_tumor_0627.jpg,Tumor,1
test,dataset\Hyperspectral_normal_images\Hyperspectral_kidney_normal_0343.jpg,Normal,0
test,dataset\Hyperspectral_tumor_images\Hyperspectral_kidney_tumor_2998.jpg,Tumor,1
test,dataset\Hyperspectral_tumor_images\Hyperspectral_kidney_tumor_1425.jpg,Tumor,1
test,dataset\Hyperspectral_normal_images\Hyperspectral_kidney_normal_4465.jpg,Normal,0
test,dataset\Hyperspectral_normal_images\Hyperspectral_kidney_normal_1940.jpg,Normal,0
test,dataset\Hyperspectral_normal_images\Hyperspectral_kidney_normal_3510.jpg,Normal,0
test,dataset\Hyperspectral_normal_images\Hyperspectral_kidney_normal_4029.jpg,Normal,0
test,dataset\Hyperspectral_tumor_images\Hyperspectral_kidney_tumor_1943.jpg,Tumor,1
test,dataset\Hyperspectral_normal_images\Hyperspectral_kidney_normal_2479.jpg,Normal,0
test,dataset\Hyperspectral_tumor_images\Hyperspectral_kidney_tumor_4453.jpg,Tumor,1
test,dataset\Hyperspectral_normal_images\Hyperspectral_kidney_normal_0261.jpg,Normal,0
test,dataset\Hyperspectral_tumor_images\Hyperspectral_kidney_tumor_1748.jpg,Tumor,1
test,dataset\Hyperspectral_normal_images\Hyperspectral_kidney_normal_4911.jpg,Normal,0
test,dataset\Hyperspectral_normal_images\Hyperspectral_kidney_normal_0121.jpg,Normal,0
test,dataset\Hyperspectral_tumor_images\Hyperspectral_kidney_tumor_2808.jpg,Tumor,1
test,dataset\Hyperspectral_normal_images\Hyperspectral_kidney_normal_0896.jpg,Normal,0
test,dataset\Hyperspectral_normal_images\Hyperspectral_kidney_normal_3740.jpg,Normal,0
test,dataset\Hyperspectral_tumor_images\Hyperspectral_kidney_tumor_1727.jpg,Tumor,1
test,dataset\Hyperspectral_normal_images\Hyperspectral_kidney_normal_4774.jpg,Normal,0
test,dataset\Hyperspectral_tumor_images\Hyperspectral_kidney_tumor_0585.jpg,Tumor,1
test,dataset\Hyperspectral_tumor_images\Hyperspectral_kidney_tumor_4231.jpg,Tumor,1
test,dataset\Hyperspectral_tumor_images\Hyperspectral_kidney_tumor_1463.jpg,Tumor,1
test,dataset\Hyperspectral_normal_images\Hyperspectral_kidney_normal_0710.jpg,Normal,0
test,dataset\Hyperspectral_normal_images\Hyperspectral_kidney_normal_0065.jpg,Normal,0
test,dataset\Hyperspectral_normal_images\Hyperspectral_kidney_normal_1209.jpg,Normal,0
test,dataset\Hyperspectral_tumor_images\Hyperspectral_kidney_tumor_1878.jpg,Tumor,1
test,dataset\Hyperspectral_normal_images\Hyperspectral_kidney_normal_0440.jpg,Normal,0
test,dataset\Hyperspectral_tumor_images\Hyperspectral_kidney_tumor_4640.jpg,Tumor,1
test,dataset\Hyperspectral_tumor_images\Hyperspectral_kidney_tumor_0819.jpg,Tumor,1
test,dataset\Hyperspectral_tumor_images\Hyperspectral_kidney_tumor_2050.jpg,Tumor,1
test,dataset\Hyperspectral_normal_images\Hyperspectral_kidney_normal_3156.jpg,Normal,0
test,dataset\Hyperspectral_tumor_images\Hyperspectral_kidney_tumor_1036.jpg,Tumor,1
test,dataset\Hyperspectral_normal_images\Hyperspectral_kidney_normal_3028.jpg,Normal,0
test,dataset\Hyperspectral_tumor_images\Hyperspectral_kidney_tumor_1997.jpg,Tumor,1
test,dataset\Hyperspectral_tumor_images\Hyperspectral_kidney_tumor_2711.jpg,Tumor,1
test,dataset\Hyperspectral_tumor_images\Hyperspectral_kidney_tumor_1630.jpg,Tumor,1
test,dataset\Hyperspectral_tumor_images\Hyperspectral_kidney_tumor_1618.jpg,Tumor,1
test,dataset\Hyperspectral_normal_images\Hyperspectral_kidney_normal_3435.jpg,Normal,0
test,dataset\Hyperspectral_tumor_images\Hyperspectral_kidney_tumor_1733.jpg,Tumor,1
test,dataset\Hyperspectral_tumor_images\Hyperspectral_kidney_tumor_3083.jpg,Tumor,1
test,dataset\Hyperspectral_tumor_images\Hyperspectral_kidney_tumor_0203.jpg,Tumor,1
test,dataset\Hyperspectral_normal_images\Hyperspectral_kidney_normal_3787.jpg,Normal,0
test,dataset\Hyperspectral_tumor_images\Hyperspectral_kidney_tumor_1468.jpg,Tumor,1
test,dataset\Hyperspectral_tumor_images\Hyperspectral_kidney_tumor_4786.jpg,Tumor,1
test,dataset\Hyperspectral_normal_images\Hyperspectral_kidney_normal_1807.jpg,Normal,0
test,dataset\Hyperspectral_tumor_images\Hyperspectral_kidney_tumor_1757.jpg,Tumor,1
test,dataset\Hyperspectral_tumor_images\Hyperspectral_kidney_tumor_0459.jpg,Tumor,1
test,dataset\Hyperspectral_tumor_images\Hyperspectral_kidney_tumor_1339.jpg,Tumor,1
test,dataset\Hyperspectral_tumor_images\Hyperspectral_kidney_tumor_1685.jpg,Tumor,1
test,dataset\Hyperspectral_tumor_images\Hyperspectral_kidney_tumor_0953.jpg,Tumor,1
test,dataset\Hyperspectral_normal_images\Hyperspectral_kidney_normal_1635.jpg,Normal,0
test,dataset\Hyperspectral_tumor_images\Hyperspectral_kidney_tumor_3473.jpg,Tumor,1
test,dataset\Hyperspectral_tumor_images\Hyperspectral_kidney_tumor_3050.jpg,Tumor,1
test,dataset\Hyperspectral_normal_images\Hyperspectral_kidney_normal_2280.jpg,Normal,0
test,dataset\Hyperspectral_normal_images\Hyperspectral_kidney_normal_4587.jpg,Normal,0
test,dataset\Hyperspectral_normal_images\Hyperspectral_kidney_normal_2957.jpg,Normal,0
test,dataset\Hyperspectral_normal_images\Hyperspectral_kidney_normal_4563.jpg,Normal,0
test,dataset\Hyperspectral_tumor_images\Hyperspectral_kidney_tumor_3686.jpg,Tumor,1
test,dataset\Hyperspectral_normal_images\Hyperspectral_kidney_normal_3138.jpg,Normal,0
test,dataset\Hyperspectral_tumor_images\Hyperspectral_kidney_tumor_0356.jpg,Tumor,1
test,dataset\Hyperspectral_normal_images\Hyperspectral_kidney_normal_2572.jpg,Normal,0
test,dataset\Hyperspectral_tumor_images\Hyperspectral_kidney_tumor_3456.jpg,Tumor,1
test,dataset\Hyperspectral_tumor_images\Hyperspectral_kidney_tumor_0301.jpg,Tumor,1
test,dataset\Hyperspectral_normal_images\Hyperspectral_kidney_normal_0525.jpg,Normal,0
test,dataset\Hyperspectral_normal_images\Hyperspectral_kidney_normal_2278.jpg,Normal,0
test,dataset\Hyperspectral_tumor_images\Hyperspectral_kidney_tumor_3073.jpg,Tumor,1
test,dataset\Hyperspectral_tumor_images\Hyperspectral_kidney_tumor_4503.jpg,Tumor,1
test,dataset\Hyperspectral_normal_images\Hyperspectral_kidney_normal_1990.jpg,Normal,0
test,dataset\Hyperspectral_tumor_images\Hyperspectral_kidney_tumor_1226.jpg,Tumor,1
test,dataset\Hyperspectral_normal_images\Hyperspectral_kidney_normal_0077.jpg,Normal,0
test,dataset\Hyperspectral_normal_images\Hyperspectral_kidney_normal_2173.jpg,Normal,0
test,dataset\Hyperspectral_normal_images\Hyperspectral_kidney_normal_1792.jpg,Normal,0
test,dataset\Hyperspectral_tumor_images\Hyperspectral_kidney_tumor_0675.jpg,Tumor,1
test,dataset\Hyperspectral_normal_images\Hyperspectral_kidney_normal_0475.jpg,Normal,0
test,dataset\Hyperspectral_normal_images\Hyperspectral_kidney_normal_2832.jpg,Normal,0
test,dataset\Hyperspectral_normal_images\Hyperspectral_kidney_normal_4393.jpg,Normal,0
test,dataset\Hyperspectral_normal_images\Hyperspectral_kidney_normal_2877.jpg,Normal,0
test,dataset\Hyperspectral_tumor_images\Hyperspectral_kidney_tumor_0844.jpg,Tumor,1
test,dataset\Hyperspectral_normal_images\Hyperspectral_kidney_normal_2351.jpg,Normal,0
test,dataset\Hyperspectral_normal_images\Hyperspectral_kidney_normal_1566.jpg,Normal,0
test,dataset\Hyperspectral_tumor_images\Hyperspectral_kidney_tumor_4369.jpg,Tumor,1
test,dataset\Hyperspectral_tumor_images\Hyperspectral_kidney_tumor_3122.jpg,Tumor,1
test,dataset\Hyperspectral_normal_images\Hyperspectral_kidney_normal_3075.jpg,Normal,0
test,dataset\Hyperspectral_normal_images\Hyperspectral_kidney_normal_4631.jpg,Normal,0
test,dataset\Hyperspectral_tumor_images\Hyperspectral_kidney_tumor_4214.jpg,Tumor,1
test,dataset\Hyperspectral_tumor_images\Hyperspectral_kidney_tumor_2331.jpg,Tumor,1
test,dataset\Hyperspectral_normal_images\Hyperspectral_kidney_normal_2845.jpg,Normal,0
test,dataset\Hyperspectral_normal_images\Hyperspectral_kidney_normal_0005.jpg,Normal,0
test,dataset\Hyperspectral_normal_images\Hyperspectral_kidney_normal_2509.jpg,Normal,0
test,dataset\Hyperspectral_tumor_images\Hyperspectral_kidney_tumor_2718.jpg,Tumor,1
test,dataset\Hyperspectral_normal_images\Hyperspectral_kidney_normal_1591.jpg,Normal,0
test,dataset\Hyperspectral_tumor_images\Hyperspectral_kidney_tumor_1051.jpg,Tumor,1
test,dataset\Hyperspectral_normal_images\Hyperspectral_kidney_normal_3463.jpg,Normal,0
test,dataset\Hyperspectral_normal_images\Hyperspectral_kidney_normal_1837.jpg,Normal,0
test,dataset\Hyperspectral_tumor_images\Hyperspectral_kidney_tumor_4634.jpg,Tumor,1
test,dataset\Hyperspectral_normal_images\Hyperspectral_kidney_normal_0995.jpg,Normal,0
test,dataset\Hyperspectral_normal_images\Hyperspectral_kidney_normal_1895.jpg,Normal,0
test,dataset\Hyperspectral_tumor_images\Hyperspectral_kidney_tumor_1885.jpg,Tumor,1
test,dataset\Hyperspectral_tumor_images\Hyperspectral_kidney_tumor_4678.jpg,Tumor,1
test,dataset\Hyperspectral_normal_images\Hyperspectral_kidney_normal_4260.jpg,Normal,0
test,dataset\Hyperspectral_tumor_images\Hyperspectral_kidney_tumor_0649.jpg,Tumor,1
test,dataset\Hyperspectral_tumor_images\Hyperspectral_kidney_tumor_1813.jpg,Tumor,1
test,dataset\Hyperspectral_tumor_images\Hyperspectral_kidney_tumor_4594.jpg,Tumor,1
test,dataset\Hyperspectral_normal_images\Hyperspectral_kidney_normal_4451.jpg,Normal,0
test,dataset\Hyperspectral_normal_images\Hyperspectral_kidney_normal_2163.jpg,Normal,0
test,dataset\Hyperspectral_normal_images\Hyperspectral_kidney_normal_0054.jpg,Normal,0
test,dataset\Hyperspectral_normal_images\Hyperspectral_kidney_normal_2657.jpg,Normal,0
test,dataset\Hyperspectral_normal_images\Hyperspectral_kidney_normal_4542.jpg,Normal,0
test,dataset\Hyperspectral_normal_images\Hyperspectral_kidney_normal_2984.jpg,Normal,0
test,dataset\Hyperspectral_tumor_images\Hyperspectral_kidney_tumor_2947.jpg,Tumor,1
test,dataset\Hyperspectral_normal_images\Hyperspectral_kidney_normal_1451.jpg,Normal,0
test,dataset\Hyperspectral_tumor_images\Hyperspectral_kidney_tumor_1204.jpg,Tumor,1
test,dataset\Hyperspectral_tumor_images\Hyperspectral_kidney_tumor_2405.jpg,Tumor,1
test,dataset\Hyperspectral_tumor_images\Hyperspectral_kidney_tumor_4718.jpg,Tumor,1
test,dataset\Hyperspectral_normal_images\Hyperspectral_kidney_normal_0793.jpg,Normal,0
test,dataset\Hyperspectral_tumor_images\Hyperspectral_kidney_tumor_2783.jpg,Tumor,1
test,dataset\Hyperspectral_normal_images\Hyperspectral_kidney_normal_2188.jpg,Normal,0
test,dataset\Hyperspectral_normal_images\Hyperspectral_kidney_normal_1583.jpg,Normal,0
test,dataset\Hyperspectral_tumor_images\Hyperspectral_kidney_tumor_4890.jpg,Tumor,1
test,dataset\Hyperspectral_tumor_images\Hyperspectral_kidney_tumor_3366.jpg,Tumor,1
test,dataset\Hyperspectral_tumor_images\Hyperspectral_kidney_tumor_3251.jpg,Tumor,1
test,dataset\Hyperspectral_normal_images\Hyperspectral_kidney_normal_3764.jpg,Normal,0
test,dataset\Hyperspectral_normal_images\Hyperspectral_kidney_normal_3970.jpg,Normal,0
test,dataset\Hyperspectral_normal_images\Hyperspectral_kidney_normal_2787.jpg,Normal,0
test,dataset\Hyperspectral_tumor_images\Hyperspectral_kidney_tumor_2643.jpg,Tumor,1
test,dataset\Hyperspectral_tumor_images\Hyperspectral_kidney_tumor_4519.jpg,Tumor,1
test,dataset\Hyperspectral_normal_images\Hyperspectral_kidney_normal_3299.jpg,Normal,0
test,dataset\Hyperspectral_tumor_images\Hyperspectral_kidney_tumor_0069.jpg,Tumor,1
test,dataset\Hyperspectral_tumor_images\Hyperspectral_kidney_tumor_0805.jpg,Tumor,1
test,dataset\Hyperspectral_normal_images\Hyperspectral_kidney_normal_1742.jpg,Normal,0
test,dataset\Hyperspectral_normal_images\Hyperspectral_kidney_normal_4797.jpg,Normal,0
test,dataset\Hyperspectral_normal_images\Hyperspectral_kidney_normal_4927.jpg,Normal,0
test,dataset\Hyperspectral_tumor_images\Hyperspectral_kidney_tumor_3659.jpg,Tumor,1
test,dataset\Hyperspectral_normal_images\Hyperspectral_kidney_normal_0466.jpg,Normal,0
test,dataset\Hyperspectral_normal_images\Hyperspectral_kidney_normal_0142.jpg,Normal,0
test,dataset\Hyperspectral_normal_images\Hyperspectral_kidney_normal_0938.jpg,Normal,0
test,dataset\Hyperspectral_tumor_images\Hyperspectral_kidney_tumor_3656.jpg,Tumor,1
test,dataset\Hyperspectral_normal_images\Hyperspectral_kidney_normal_2060.jpg,Normal,0
test,dataset\Hyperspectral_tumor_images\Hyperspectral_kidney_tumor_3923.jpg,Tumor,1
test,dataset\Hyperspectral_normal_images\Hyperspectral_kidney_normal_1978.jpg,Normal,0
test,dataset\Hyperspectral_normal_images\Hyperspectral_kidney_normal_1560.jpg,Normal,0
test,dataset\Hyperspectral_tumor_images\Hyperspectral_kidney_tumor_4165.jpg,Tumor,1
test,dataset\Hyperspectral_normal_images\Hyperspectral_kidney_normal_3127.jpg,Normal,0
test,dataset\Hyperspectral_tumor_images\Hyperspectral_kidney_tumor_1432.jpg,Tumor,1
test,dataset\Hyperspectral_tumor_images\Hyperspectral_kidney_tumor_4584.jpg,Tumor,1
test,dataset\Hyperspectral_normal_images\Hyperspectral_kidney_normal_1925.jpg,Normal,0
test,dataset\Hyperspectral_normal_images\Hyperspectral_kidney_normal_0865.jpg,Normal,0
test,dataset\Hyperspectral_tumor_images\Hyperspectral_kidney_tumor_4245.jpg,Tumor,1
test,dataset\Hyperspectral_tumor_images\Hyperspectral_kidney_tumor_0739.jpg,Tumor,1
test,dataset\Hyperspectral_tumor_images\Hyperspectral_kidney_tumor_3027.jpg,Tumor,1
test,dataset\Hyperspectral_normal_images\Hyperspectral_kidney_normal_0688.jpg,Normal,0
test,dataset\Hyperspectral_tumor_images\Hyperspectral_kidney_tumor_3945.jpg,Tumor,1
test,dataset\Hyperspectral_tumor_images\Hyperspectral_kidney_tumor_0591.jpg,Tumor,1
test,dataset\Hyperspectral_tumor_images\Hyperspectral_kidney_tumor_2742.jpg,Tumor,1
test,dataset\Hyperspectral_normal_images\Hyperspectral_kidney_normal_3410.jpg,Normal,0
test,dataset\Hyperspectral_normal_images\Hyperspectral_kidney_normal_3835.jpg,Normal,0
test,dataset\Hyperspectral_normal_images\Hyperspectral_kidney_normal_2266.jpg,Normal,0
test,dataset\Hyperspectral_tumor_images\Hyperspectral_kidney_tumor_4622.jpg,Tumor,1
test,dataset\Hyperspectral_tumor_images\Hyperspectral_kidney_tumor_4019.jpg,Tumor,1
test,dataset\Hyperspectral_normal_images\Hyperspectral_kidney_normal_2319.jpg,Normal,0
test,dataset\Hyperspectral_tumor_images\Hyperspectral_kidney_tumor_2469.jpg,Tumor,1
test,dataset\Hyperspectral_normal_images\Hyperspectral_kidney_normal_3275.jpg,Normal,0
test,dataset\Hyperspectral_normal_images\Hyperspectral_kidney_normal_0014.jpg,Normal,0
test,dataset\Hyperspectral_normal_images\Hyperspectral_kidney_normal_4499.jpg,Normal,0
test,dataset\Hyperspectral_tumor_images\Hyperspectral_kidney_tumor_3932.jpg,Tumor,1
test,dataset\Hyperspectral_normal_images\Hyperspectral_kidney_normal_2756.jpg,Normal,0
test,dataset\Hyperspectral_normal_images\Hyperspectral_kidney_normal_1031.jpg,Normal,0
test,dataset\Hyperspectral_normal_images\Hyperspectral_kidney_normal_2911.jpg,Normal,0
test,dataset\Hyperspectral_normal_images\Hyperspectral_kidney_normal_0204.jpg,Normal,0
test,dataset\Hyperspectral_normal_images\Hyperspectral_kidney_normal_1764.jpg,Normal,0
test,dataset\Hyperspectral_tumor_images\Hyperspectral_kidney_tumor_1766.jpg,Tumor,1
test,dataset\Hyperspectral_normal_images\Hyperspectral_kidney_normal_3101.jpg,Normal,0
test,dataset\Hyperspectral_normal_images\Hyperspectral_kidney_normal_0570.jpg,Normal,0
test,dataset\Hyperspectral_normal_images\Hyperspectral_kidney_normal_2045.jpg,Normal,0
test,dataset\Hyperspectral_tumor_images\Hyperspectral_kidney_tumor_4631.jpg,Tumor,1
test,dataset\Hyperspectral_tumor_images\Hyperspectral_kidney_tumor_2321.jpg,Tumor,1
test,dataset\Hyperspectral_tumor_images\Hyperspectral_kidney_tumor_1305.jpg,Tumor,1
test,dataset\Hyperspectral_tumor_images\Hyperspectral_kidney_tumor_3099.jpg,Tumor,1
test,dataset\Hyperspectral_normal_images\Hyperspectral_kidney_normal_4832.jpg,Normal,0
test,dataset\Hyperspectral_normal_images\Hyperspectral_kidney_normal_4442.jpg,Normal,0
test,dataset\Hyperspectral_normal_images\Hyperspectral_kidney_normal_2034.jpg,Normal,0
test,dataset\Hyperspectral_tumor_images\Hyperspectral_kidney_tumor_3273.jpg,Tumor,1
test,dataset\Hyperspectral_normal_images\Hyperspectral_kidney_normal_0159.jpg,Normal,0
test,dataset\Hyperspectral_normal_images\Hyperspectral_kidney_normal_2194.jpg,Normal,0
test,dataset\Hyperspectral_tumor_images\Hyperspectral_kidney_tumor_0593.jpg,Tumor,1
test,dataset\Hyperspectral_tumor_images\Hyperspectral_kidney_tumor_4924.jpg,Tumor,1
test,dataset\Hyperspectral_tumor_images\Hyperspectral_kidney_tumor_1328.jpg,Tumor,1
test,dataset\Hyperspectral_normal_images\Hyperspectral_kidney_normal_2285.jpg,Normal,0
test,dataset\Hyperspectral_tumor_images\Hyperspectral_kidney_tumor_4979.jpg,Tumor,1
test,dataset\Hyperspectral_normal_images\Hyperspectral_kidney_normal_4145.jpg,Normal,0
test,dataset\Hyperspectral_normal_images\Hyperspectral_kidney_normal_2707.jpg,Normal,0
test,dataset\Hyperspectral_normal_images\Hyperspectral_kidney_normal_2867.jpg,Normal,0
test,dataset\Hyperspectral_normal_images\Hyperspectral_kidney_normal_0607.jpg,Normal,0
test,dataset\Hyperspectral_tumor_images\Hyperspectral_kidney_tumor_4951.jpg,Tumor,1
test,dataset\Hyperspectral_tumor_images\Hyperspectral_kidney_tumor_3316.jpg,Tumor,1
test,dataset\Hyperspectral_tumor_images\Hyperspectral_kidney_tumor_0347.jpg,Tumor,1
test,dataset\Hyperspectral_tumor_images\Hyperspectral_kidney_tumor_3237.jpg,Tumor,1
test,dataset\Hyperspectral_normal_images\Hyperspectral_kidney_normal_4275.jpg,Normal,0
test,dataset\Hyperspectral_tumor_images\Hyperspectral_kidney_tumor_0537.jpg,Tumor,1
test,dataset\Hyperspectral_tumor_images\Hyperspectral_kidney_tumor_1474.jpg,Tumor,1
test,dataset\Hyperspectral_normal_images\Hyperspectral_kidney_normal_4527.jpg,Normal,0
test,dataset\Hyperspectral_normal_images\Hyperspectral_kidney_normal_1630.jpg,Normal,0
test,dataset\Hyperspectral_tumor_images\Hyperspectral_kidney_tumor_1191.jpg,Tumor,1
test,dataset\Hyperspectral_normal_images\Hyperspectral_kidney_normal_1464.jpg,Normal,0
test,dataset\Hyperspectral_tumor_images\Hyperspectral_kidney_tumor_3149.jpg,Tumor,1
test,dataset\Hyperspectral_tumor_images\Hyperspectral_kidney_tumor_2336.jpg,Tumor,1
test,dataset\Hyperspectral_normal_images\Hyperspectral_kidney_normal_2132.jpg,Normal,0
test,dataset\Hyperspectral_tumor_images\Hyperspectral_kidney_tumor_4429.jpg,Tumor,1
test,dataset\Hyperspectral_normal_images\Hyperspectral_kidney_normal_0095.jpg,Normal,0
test,dataset\Hyperspectral_normal_images\Hyperspectral_kidney_normal_3806.jpg,Normal,0
test,dataset\Hyperspectral_normal_images\Hyperspectral_kidney_normal_3327.jpg,Normal,0
test,dataset\Hyperspectral_tumor_images\Hyperspectral_kidney_tumor_2468.jpg,Tumor,1
test,dataset\Hyperspectral_tumor_images\Hyperspectral_kidney_tumor_2212.jpg,Tumor,1
test,dataset\Hyperspectral_normal_images\Hyperspectral_kidney_normal_4405.jpg,Normal,0
test,dataset\Hyperspectral_tumor_images\Hyperspectral_kidney_tumor_4896.jpg,Tumor,1
test,dataset\Hyperspectral_tumor_images\Hyperspectral_kidney_tumor_4548.jpg,Tumor,1
test,dataset\Hyperspectral_tumor_images\Hyperspectral_kidney_tumor_3035.jpg,Tumor,1
test,dataset\Hyperspectral_normal_images\Hyperspectral_kidney_normal_0757.jpg,Normal,0
test,dataset\Hyperspectral_tumor_images\Hyperspectral_kidney_tumor_0929.jpg,Tumor,1
test,dataset\Hyperspectral_tumor_images\Hyperspectral_kidney_tumor_3953.jpg,Tumor,1
test,dataset\Hyperspectral_normal_images\Hyperspectral_kidney_normal_0481.jpg,Normal,0
test,dataset\Hyperspectral_normal_images\Hyperspectral_kidney_normal_2600.jpg,Normal,0
test,dataset\Hyperspectral_normal_images\Hyperspectral_kidney_normal_4411.jpg,Normal,0
test,dataset\Hyperspectral_normal_images\Hyperspectral_kidney_normal_0337.jpg,Normal,0
test,dataset\Hyperspectral_normal_images\Hyperspectral_kidney_normal_2988.jpg,Normal,0
test,dataset\Hyperspectral_tumor_images\Hyperspectral_kidney_tumor_3548.jpg,Tumor,1
test,dataset\Hyperspectral_normal_images\Hyperspectral_kidney_normal_0116.jpg,Normal,0
test,dataset\Hyperspectral_tumor_images\Hyperspectral_kidney_tumor_0970.jpg,Tumor,1
test,dataset\Hyperspectral_tumor_images\Hyperspectral_kidney_tumor_1586.jpg,Tumor,1
test,dataset\Hyperspectral_tumor_images\Hyperspectral_kidney_tumor_1918.jpg,Tumor,1
test,dataset\Hyperspectral_normal_images\Hyperspectral_kidney_normal_0820.jpg,Normal,0
test,dataset\Hyperspectral_tumor_images\Hyperspectral_kidney_tumor_2382.jpg,Tumor,1
test,dataset\Hyperspectral_normal_images\Hyperspectral_kidney_normal_2232.jpg,Normal,0
test,dataset\Hyperspectral_tumor_images\Hyperspectral_kidney_tumor_4981.jpg,Tumor,1
test,dataset\Hyperspectral_normal_images\Hyperspectral_kidney_normal_4531.jpg,Normal,0
test,dataset\Hyperspectral_tumor_images\Hyperspectral_kidney_tumor_3467.jpg,Tumor,1
test,dataset\Hyperspectral_tumor_images\Hyperspectral_kidney_tumor_0723.jpg,Tumor,1
test,dataset\Hyperspectral_normal_images\Hyperspectral_kidney_normal_1558.jpg,Normal,0
test,dataset\Hyperspectral_tumor_images\Hyperspectral_kidney_tumor_2062.jpg,Tumor,1
test,dataset\Hyperspectral_normal_images\Hyperspectral_kidney_normal_3672.jpg,Normal,0
test,dataset\Hyperspectral_tumor_images\Hyperspectral_kidney_tumor_0801.jpg,Tumor,1
test,dataset\Hyperspectral_tumor_images\Hyperspectral_kidney_tumor_0623.jpg,Tumor,1
test,dataset\Hyperspectral_tumor_images\Hyperspectral_kidney_tumor_2119.jpg,Tumor,1
test,dataset\Hyperspectral_tumor_images\Hyperspectral_kidney_tumor_1181.jpg,Tumor,1
test,dataset\Hyperspectral_normal_images\Hyperspectral_kidney_normal_2682.jpg,Normal,0
test,dataset\Hyperspectral_normal_images\Hyperspectral_kidney_normal_0412.jpg,Normal,0
test,dataset\Hyperspectral_normal_images\Hyperspectral_kidney_normal_1738.jpg,Normal,0
test,dataset\Hyperspectral_normal_images\Hyperspectral_kidney_normal_4155.jpg,Normal,0
test,dataset\Hyperspectral_tumor_images\Hyperspectral_kidney_tumor_2086.jpg,Tumor,1
test,dataset\Hyperspectral_normal_images\Hyperspectral_kidney_normal_2172.jpg,Normal,0
test,dataset\Hyperspectral_normal_images\Hyperspectral_kidney_normal_3590.jpg,Normal,0
test,dataset\Hyperspectral_normal_images\Hyperspectral_kidney_normal_4141.jpg,Normal,0
test,dataset\Hyperspectral_tumor_images\Hyperspectral_kidney_tumor_3988.jpg,Tumor,1
test,dataset\Hyperspectral_normal_images\Hyperspectral_kidney_normal_0849.jpg,Normal,0
test,dataset\Hyperspectral_normal_images\Hyperspectral_kidney_normal_4754.jpg,Normal,0
test,dataset\Hyperspectral_tumor_images\Hyperspectral_kidney_tumor_0890.jpg,Tumor,1
test,dataset\Hyperspectral_normal_images\Hyperspectral_kidney_normal_0553.jpg,Normal,0
test,dataset\Hyperspectral_normal_images\Hyperspectral_kidney_normal_0838.jpg,Normal,0
test,dataset\Hyperspectral_normal_images\Hyperspectral_kidney_normal_3809.jpg,Normal,0
test,dataset\Hyperspectral_tumor_images\Hyperspectral_kidney_tumor_0789.jpg,Tumor,1
test,dataset\Hyperspectral_normal_images\Hyperspectral_kidney_normal_3853.jpg,Normal,0
test,dataset\Hyperspectral_tumor_images\Hyperspectral_kidney_tumor_2017.jpg,Tumor,1
test,dataset\Hyperspectral_tumor_images\Hyperspectral_kidney_tumor_2497.jpg,Tumor,1
test,dataset\Hyperspectral_tumor_images\Hyperspectral_kidney_tumor_3848.jpg,Tumor,1
test,dataset\Hyperspectral_tumor_images\Hyperspectral_kidney_tumor_4407.jpg,Tumor,1
test,dataset\Hyperspectral_tumor_images\Hyperspectral_kidney_tumor_4246.jpg,Tumor,1
test,dataset\Hyperspectral_normal_images\Hyperspectral_kidney_normal_2341.jpg,Normal,0
test,dataset\Hyperspectral_tumor_images\Hyperspectral_kidney_tumor_4449.jpg,Tumor,1
test,dataset\Hyperspectral_tumor_images\Hyperspectral_kidney_tumor_1195.jpg,Tumor,1
test,dataset\Hyperspectral_tumor_images\Hyperspectral_kidney_tumor_1319.jpg,Tumor,1
test,dataset\Hyperspectral_tumor_images\Hyperspectral_kidney_tumor_1747.jpg,Tumor,1
test,dataset\Hyperspectral_normal_images\Hyperspectral_kidney_normal_0563.jpg,Normal,0
test,dataset\Hyperspectral_tumor_images\Hyperspectral_kidney_tumor_4630.jpg,Tumor,1
test,dataset\Hyperspectral_normal_images\Hyperspectral_kidney_normal_3552.jpg,Normal,0
test,dataset\Hyperspectral_normal_images\Hyperspectral_kidney_normal_3731.jpg,Normal,0
test,dataset\Hyperspectral_tumor_images\Hyperspectral_kidney_tumor_4978.jpg,Tumor,1
test,dataset\Hyperspectral_tumor_images\Hyperspectral_kidney_tumor_3800.jpg,Tumor,1
test,dataset\Hyperspectral_tumor_images\Hyperspectral_kidney_tumor_1960.jpg,Tumor,1
test,dataset\Hyperspectral_tumor_images\Hyperspectral_kidney_tumor_0332.jpg,Tumor,1
test,dataset\Hyperspectral_tumor_images\Hyperspectral_kidney_tumor_1993.jpg,Tumor,1
test,dataset\Hyperspectral_normal_images\Hyperspectral_kidney_normal_2220.jpg,Normal,0
test,dataset\Hyperspectral_normal_images\Hyperspectral_kidney_normal_2309.jpg,Normal,0
test,dataset\Hyperspectral_normal_images\Hyperspectral_kidney_normal_0713.jpg,Normal,0
test,dataset\Hyperspectral_tumor_images\Hyperspectral_kidney_tumor_0136.jpg,Tumor,1
test,dataset\Hyperspectral_normal_images\Hyperspectral_kidney_normal_0803.jpg,Normal,0
test,dataset\Hyperspectral_tumor_images\Hyperspectral_kidney_tumor_1167.jpg,Tumor,1
test,dataset\Hyperspectral_tumor_images\Hyperspectral_kidney_tumor_1998.jpg,Tumor,1
test,dataset\Hyperspectral_tumor_images\Hyperspectral_kidney_tumor_2587.jpg,Tumor,1
test,dataset\Hyperspectral_normal_images\Hyperspectral_kidney_normal_2713.jpg,Normal,0
test,dataset\Hyperspectral_tumor_images\Hyperspectral_kidney_tumor_2968.jpg,Tumor,1
test,dataset\Hyperspectral_normal_images\Hyperspectral_kidney_normal_3199.jpg,Normal,0
test,dataset\Hyperspectral_normal_images\Hyperspectral_kidney_normal_3755.jpg,Normal,0
test,dataset\Hyperspectral_tumor_images\Hyperspectral_kidney_tumor_1905.jpg,Tumor,1
test,dataset\Hyperspectral_tumor_images\Hyperspectral_kidney_tumor_4949.jpg,Tumor,1
test,dataset\Hyperspectral_normal_images\Hyperspectral_kidney_normal_2017.jpg,Normal,0
test,dataset\Hyperspectral_tumor_images\Hyperspectral_kidney_tumor_4354.jpg,Tumor,1
test,dataset\Hyperspectral_tumor_images\Hyperspectral_kidney_tumor_1139.jpg,Tumor,1
test,dataset\Hyperspectral_normal_images\Hyperspectral_kidney_normal_3573.jpg,Normal,0
test,dataset\Hyperspectral_tumor_images\Hyperspectral_kidney_tumor_3350.jpg,Tumor,1
test,dataset\Hyperspectral_normal_images\Hyperspectral_kidney_normal_4376.jpg,Normal,0
test,dataset\Hyperspectral_normal_images\Hyperspectral_kidney_normal_0497.jpg,Normal,0
test,dataset\Hyperspectral_tumor_images\Hyperspectral_kidney_tumor_2891.jpg,Tumor,1
test,dataset\Hyperspectral_tumor_images\Hyperspectral_kidney_tumor_3828.jpg,Tumor,1
test,dataset\Hyperspectral_tumor_images\Hyperspectral_kidney_tumor_3779.jpg,Tumor,1
test,dataset\Hyperspectral_tumor_images\Hyperspectral_kidney_tumor_2417.jpg,Tumor,1
test,dataset\Hyperspectral_normal_images\Hyperspectral_kidney_normal_2678.jpg,Normal,0
test,dataset\Hyperspectral_normal_images\Hyperspectral_kidney_normal_2124.jpg,Normal,0
test,dataset\Hyperspectral_tumor_images\Hyperspectral_kidney_tumor_2261.jpg,Tumor,1
test,dataset\Hyperspectral_tumor_images\Hyperspectral_kidney_tumor_3909.jpg,Tumor,1
test,dataset\Hyperspectral_tumor_images\Hyperspectral_kidney_tumor_4232.jpg,Tumor,1
test,dataset\Hyperspectral_tumor_images\Hyperspectral_kidney_tumor_4572.jpg,Tumor,1
test,dataset\Hyperspectral_tumor_images\Hyperspectral_kidney_tumor_0747.jpg,Tumor,1
test,dataset\Hyperspectral_tumor_images\Hyperspectral_kidney_tumor_4148.jpg,Tumor,1
test,dataset\Hyperspectral_normal_images\Hyperspectral_kidney_normal_4721.jpg,Normal,0
test,dataset\Hyperspectral_normal_images\Hyperspectral_kidney_normal_4233.jpg,Normal,0
test,dataset\Hyperspectral_normal_images\Hyperspectral_kidney_normal_0945.jpg,Normal,0
test,dataset\Hyperspectral_normal_images\Hyperspectral_kidney_normal_4875.jpg,Normal,0
test,dataset\Hyperspectral_tumor_images\Hyperspectral_kidney_tumor_4893.jpg,Tumor,1
test,dataset\Hyperspectral_normal_images\Hyperspectral_kidney_normal_2335.jpg,Normal,0
test,dataset\Hyperspectral_tumor_images\Hyperspectral_kidney_tumor_3807.jpg,Tumor,1
test,dataset\Hyperspectral_tumor_images\Hyperspectral_kidney_tumor_3693.jpg,Tumor,1
test,dataset\Hyperspectral_tumor_images\Hyperspectral_kidney_tumor_4382.jpg,Tumor,1
test,dataset\Hyperspectral_tumor_images\Hyperspectral_kidney_tumor_4463.jpg,Tumor,1
test,dataset\Hyperspectral_tumor_images\Hyperspectral_kidney_tumor_3486.jpg,Tumor,1
test,dataset\Hyperspectral_tumor_images\Hyperspectral_kidney_tumor_4236.jpg,Tumor,1
test,dataset\Hyperspectral_normal_images\Hyperspectral_kidney_normal_2146.jpg,Normal,0
test,dataset\Hyperspectral_normal_images\Hyperspectral_kidney_normal_2543.jpg,Normal,0
test,dataset\Hyperspectral_normal_images\Hyperspectral_kidney_normal_4022.jpg,Normal,0
test,dataset\Hyperspectral_normal_images\Hyperspectral_kidney_normal_0914.jpg,Normal,0
test,dataset\Hyperspectral_normal_images\Hyperspectral_kidney_normal_4747.jpg,Normal,0
test,dataset\Hyperspectral_normal_images\Hyperspectral_kidney_normal_1490.jpg,Normal,0
test,dataset\Hyperspectral_tumor_images\Hyperspectral_kidney_tumor_0092.jpg,Tumor,1
test,dataset\Hyperspectral_tumor_images\Hyperspectral_kidney_tumor_2387.jpg,Tumor,1
test,dataset\Hyperspectral_normal_images\Hyperspectral_kidney_normal_2770.jpg,Normal,0
test,dataset\Hyperspectral_tumor_images\Hyperspectral_kidney_tumor_0523.jpg,Tumor,1
test,dataset\Hyperspectral_normal_images\Hyperspectral_kidney_normal_4000.jpg,Normal,0
test,dataset\Hyperspectral_normal_images\Hyperspectral_kidney_normal_0362.jpg,Normal,0
test,dataset\Hyperspectral_tumor_images\Hyperspectral_kidney_tumor_1883.jpg,Tumor,1
test,dataset\Hyperspectral_normal_images\Hyperspectral_kidney_normal_2466.jpg,Normal,0
test,dataset\Hyperspectral_normal_images\Hyperspectral_kidney_normal_1756.jpg,Normal,0
test,dataset\Hyperspectral_tumor_images\Hyperspectral_kidney_tumor_3769.jpg,Tumor,1
test,dataset\Hyperspectral_normal_images\Hyperspectral_kidney_normal_2006.jpg,Normal,0
test,dataset\Hyperspectral_tumor_images\Hyperspectral_kidney_tumor_0820.jpg,Tumor,1
test,dataset\Hyperspectral_normal_images\Hyperspectral_kidney_normal_1615.jpg,Normal,0
test,dataset\Hyperspectral_tumor_images\Hyperspectral_kidney_tumor_1532.jpg,Tumor,1
test,dataset\Hyperspectral_tumor_images\Hyperspectral_kidney_tumor_0656.jpg,Tumor,1
test,dataset\Hyperspectral_tumor_images\Hyperspectral_kidney_tumor_1363.jpg,Tumor,1
test,dataset\Hyperspectral_tumor_images\Hyperspectral_kidney_tumor_3282.jpg,Tumor,1
test,dataset\Hyperspectral_tumor_images\Hyperspectral_kidney_tumor_4277.jpg,Tumor,1
test,dataset\Hyperspectral_tumor_images\Hyperspectral_kidney_tumor_2847.jpg,Tumor,1
test,dataset\Hyperspectral_tumor_images\Hyperspectral_kidney_tumor_0097.jpg,Tumor,1
test,dataset\Hyperspectral_normal_images\Hyperspectral_kidney_normal_1793.jpg,Normal,0
test,dataset\Hyperspectral_tumor_images\Hyperspectral_kidney_tumor_4641.jpg,Tumor,1
test,dataset\Hyperspectral_tumor_images\Hyperspectral_kidney_tumor_3072.jpg,Tumor,1
test,dataset\Hyperspectral_tumor_images\Hyperspectral_kidney_tumor_4653.jpg,Tumor,1
test,dataset\Hyperspectral_normal_images\Hyperspectral_kidney_normal_3894.jpg,Normal,0
test,dataset\Hyperspectral_normal_images\Hyperspectral_kidney_normal_0459.jpg,Normal,0
test,dataset\Hyperspectral_normal_images\Hyperspectral_kidney_normal_2941.jpg,Normal,0
test,dataset\Hyperspectral_tumor_images\Hyperspectral_kidney_tumor_1558.jpg,Tumor,1
test,dataset\Hyperspectral_normal_images\Hyperspectral_kidney_normal_1333.jpg,Normal,0
test,dataset\Hyperspectral_tumor_images\Hyperspectral_kidney_tumor_4827.jpg,Tumor,1
test,dataset\Hyperspectral_tumor_images\Hyperspectral_kidney_tumor_1499.jpg,Tumor,1
test,dataset\Hyperspectral_tumor_images\Hyperspectral_kidney_tumor_3509.jpg,Tumor,1
test,dataset\Hyperspectral_tumor_images\Hyperspectral_kidney_tumor_0139.jpg,Tumor,1
test,dataset\Hyperspectral_tumor_images\Hyperspectral_kidney_tumor_3033.jpg,Tumor,1
test,dataset\Hyperspectral_normal_images\Hyperspectral_kidney_normal_2591.jpg,Normal,0
test,dataset\Hyperspectral_tumor_images\Hyperspectral_kidney_tumor_3864.jpg,Tumor,1
test,dataset\Hyperspectral_normal_images\Hyperspectral_kidney_normal_4878.jpg,Normal,0
test,dataset\Hyperspectral_tumor_images\Hyperspectral_kidney_tumor_0601.jpg,Tumor,1
test,dataset\Hyperspectral_tumor_images\Hyperspectral_kidney_tumor_0253.jpg,Tumor,1
test,dataset\Hyperspectral_tumor_images\Hyperspectral_kidney_tumor_4124.jpg,Tumor,1
test,dataset\Hyperspectral_tumor_images\Hyperspectral_kidney_tumor_0852.jpg,Tumor,1
test,dataset\Hyperspectral_normal_images\Hyperspectral_kidney_normal_0101.jpg,Normal,0
test,dataset\Hyperspectral_tumor_images\Hyperspectral_kidney_tumor_2442.jpg,Tumor,1
test,dataset\Hyperspectral_tumor_images\Hyperspectral_kidney_tumor_3038.jpg,Tumor,1
test,dataset\Hyperspectral_normal_images\Hyperspectral_kidney_normal_1253.jpg,Normal,0
test,dataset\Hyperspectral_normal_images\Hyperspectral_kidney_normal_3620.jpg,Normal,0
test,dataset\Hyperspectral_normal_images\Hyperspectral_kidney_normal_1402.jpg,Normal,0
test,dataset\Hyperspectral_normal_images\Hyperspectral_kidney_normal_1308.jpg,Normal,0
test,dataset\Hyperspectral_normal_images\Hyperspectral_kidney_normal_2100.jpg,Normal,0
test,dataset\Hyperspectral_tumor_images\Hyperspectral_kidney_tumor_4205.jpg,Tumor,1
test,dataset\Hyperspectral_normal_images\Hyperspectral_kidney_normal_2907.jpg,Normal,0
test,dataset\Hyperspectral_tumor_images\Hyperspectral_kidney_tumor_3628.jpg,Tumor,1
test,dataset\Hyperspectral_tumor_images\Hyperspectral_kidney_tumor_0427.jpg,Tumor,1
test,dataset\Hyperspectral_normal_images\Hyperspectral_kidney_normal_1806.jpg,Normal,0
test,dataset\Hyperspectral_normal_images\Hyperspectral_kidney_normal_4345.jpg,Normal,0
test,dataset\Hyperspectral_normal_images\Hyperspectral_kidney_normal_3454.jpg,Normal,0
test,dataset\Hyperspectral_tumor_images\Hyperspectral_kidney_tumor_2207.jpg,Tumor,1
test,dataset\Hyperspectral_tumor_images\Hyperspectral_kidney_tumor_4401.jpg,Tumor,1
test,dataset\Hyperspectral_tumor_images\Hyperspectral_kidney_tumor_2997.jpg,Tumor,1
test,dataset\Hyperspectral_normal_images\Hyperspectral_kidney_normal_1274.jpg,Normal,0
test,dataset\Hyperspectral_normal_images\Hyperspectral_kidney_normal_2968.jpg,Normal,0
test,dataset\Hyperspectral_tumor_images\Hyperspectral_kidney_tumor_0288.jpg,Tumor,1
test,dataset\Hyperspectral_normal_images\Hyperspectral_kidney_normal_3064.jpg,Normal,0
test,dataset\Hyperspectral_tumor_images\Hyperspectral_kidney_tumor_2934.jpg,Tumor,1
test,dataset\Hyperspectral_normal_images\Hyperspectral_kidney_normal_1572.jpg,Normal,0
test,dataset\Hyperspectral_normal_images\Hyperspectral_kidney_normal_3979.jpg,Normal,0
test,dataset\Hyperspectral_normal_images\Hyperspectral_kidney_normal_3568.jpg,Normal,0
test,dataset\Hyperspectral_tumor_images\Hyperspectral_kidney_tumor_0391.jpg,Tumor,1
test,dataset\Hyperspectral_normal_images\Hyperspectral_kidney_normal_0379.jpg,Normal,0
test,dataset\Hyperspectral_tumor_images\Hyperspectral_kidney_tumor_3904.jpg,Tumor,1
test,dataset\Hyperspectral_tumor_images\Hyperspectral_kidney_tumor_3762.jpg,Tumor,1
test,dataset\Hyperspectral_tumor_images\Hyperspectral_kidney_tumor_4304.jpg,Tumor,1
test,dataset\Hyperspectral_tumor_images\Hyperspectral_kidney_tumor_3269.jpg,Tumor,1
test,dataset\Hyperspectral_tumor_images\Hyperspectral_kidney_tumor_4112.jpg,Tumor,1
test,dataset\Hyperspectral_tumor_images\Hyperspectral_kidney_tumor_2764.jpg,Tumor,1
test,dataset\Hyperspectral_tumor_images\Hyperspectral_kidney_tumor_1854.jpg,Tumor,1
test,dataset\Hyperspectral_tumor_images\Hyperspectral_kidney_tumor_0047.jpg,Tumor,1
test,dataset\Hyperspectral_tumor_images\Hyperspectral_kidney_tumor_2586.jpg,Tumor,1
test,dataset\Hyperspectral_normal_images\Hyperspectral_kidney_normal_0983.jpg,Normal,0
test,dataset\Hyperspectral_normal_images\Hyperspectral_kidney_normal_4615.jpg,Normal,0
test,dataset\Hyperspectral_normal_images\Hyperspectral_kidney_normal_0004.jpg,Normal,0
test,dataset\Hyperspectral_normal_images\Hyperspectral_kidney_normal_1752.jpg,Normal,0
test,dataset\Hyperspectral_tumor_images\Hyperspectral_kidney_tumor_2815.jpg,Tumor,1
test,dataset\Hyperspectral_normal_images\Hyperspectral_kidney_normal_3562.jpg,Normal,0
test,dataset\Hyperspectral_tumor_images\Hyperspectral_kidney_tumor_0787.jpg,Tumor,1
test,dataset\Hyperspectral_tumor_images\Hyperspectral_kidney_tumor_4034.jpg,Tumor,1
test,dataset\Hyperspectral_normal_images\Hyperspectral_kidney_normal_2423.jpg,Normal,0
test,dataset\Hyperspectral_tumor_images\Hyperspectral_kidney_tumor_0042.jpg,Tumor,1
test,dataset\Hyperspectral_normal_images\Hyperspectral_kidney_normal_0601.jpg,Normal,0
test,dataset\Hyperspectral_normal_images\Hyperspectral_kidney_normal_2477.jpg,Normal,0
test,dataset\Hyperspectral_normal_images\Hyperspectral_kidney_normal_0417.jpg,Normal,0
test,dataset\Hyperspectral_tumor_images\Hyperspectral_kidney_tumor_2266.jpg,Tumor,1
test,dataset\Hyperspectral_normal_images\Hyperspectral_kidney_normal_3272.jpg,Normal,0
test,dataset\Hyperspectral_normal_images\Hyperspectral_kidney_normal_0989.jpg,Normal,0
test,dataset\Hyperspectral_tumor_images\Hyperspectral_kidney_tumor_2924.jpg,Tumor,1
test,dataset\Hyperspectral_normal_images\Hyperspectral_kidney_normal_4101.jpg,Normal,0
test,dataset\Hyperspectral_tumor_images\Hyperspectral_kidney_tumor_1076.jpg,Tumor,1
test,dataset\Hyperspectral_tumor_images\Hyperspectral_kidney_tumor_0216.jpg,Tumor,1
test,dataset\Hyperspectral_tumor_images\Hyperspectral_kidney_tumor_4972.jpg,Tumor,1
test,dataset\Hyperspectral_normal_images\Hyperspectral_kidney_normal_1304.jpg,Normal,0
test,dataset\Hyperspectral_normal_images\Hyperspectral_kidney_normal_4159.jpg,Normal,0
test,dataset\Hyperspectral_tumor_images\Hyperspectral_kidney_tumor_0153.jpg,Tumor,1
test,dataset\Hyperspectral_normal_images\Hyperspectral_kidney_normal_0330.jpg,Normal,0
test,dataset\Hyperspectral_normal_images\Hyperspectral_kidney_normal_2453.jpg,Normal,0
test,dataset\Hyperspectral_tumor_images\Hyperspectral_kidney_tumor_3319.jpg,Tumor,1
test,dataset\Hyperspectral_normal_images\Hyperspectral_kidney_normal_3274.jpg,Normal,0
test,dataset\Hyperspectral_tumor_images\Hyperspectral_kidney_tumor_2343.jpg,Tumor,1
test,dataset\Hyperspectral_tumor_images\Hyperspectral_kidney_tumor_0471.jpg,Tumor,1
test,dataset\Hyperspectral_tumor_images\Hyperspectral_kidney_tumor_1150.jpg,Tumor,1
test,dataset\Hyperspectral_tumor_images\Hyperspectral_kidney_tumor_3374.jpg,Tumor,1
test,dataset\Hyperspectral_tumor_images\Hyperspectral_kidney_tumor_3386.jpg,Tumor,1
test,dataset\Hyperspectral_normal_images\Hyperspectral_kidney_normal_2047.jpg,Normal,0
test,dataset\Hyperspectral_tumor_images\Hyperspectral_kidney_tumor_2690.jpg,Tumor,1
test,dataset\Hyperspectral_tumor_images\Hyperspectral_kidney_tumor_3191.jpg,Tumor,1
test,dataset\Hyperspectral_tumor_images\Hyperspectral_kidney_tumor_2079.jpg,Tumor,1
test,dataset\Hyperspectral_tumor_images\Hyperspectral_kidney_tumor_2034.jpg,Tumor,1
test,dataset\Hyperspectral_tumor_images\Hyperspectral_kidney_tumor_1508.jpg,Tumor,1
test,dataset\Hyperspectral_tumor_images\Hyperspectral_kidney_tumor_0572.jpg,Tumor,1
test,dataset\Hyperspectral_tumor_images\Hyperspectral_kidney_tumor_1592.jpg,Tumor,1
test,dataset\Hyperspectral_tumor_images\Hyperspectral_kidney_tumor_3125.jpg,Tumor,1
test,dataset\Hyperspectral_tumor_images\Hyperspectral_kidney_tumor_2596.jpg,Tumor,1
test,dataset\Hyperspectral_tumor_images\Hyperspectral_kidney_tumor_0126.jpg,Tumor,1
test,dataset\Hyperspectral_tumor_images\Hyperspectral_kidney_tumor_0874.jpg,Tumor,1
test,dataset\Hyperspectral_tumor_images\Hyperspectral_kidney_tumor_1498.jpg,Tumor,1
test,dataset\Hyperspectral_normal_images\Hyperspectral_kidney_normal_3982.jpg,Normal,0
test,dataset\Hyperspectral_normal_images\Hyperspectral_kidney_normal_0971.jpg,Normal,0
test,dataset\Hyperspectral_normal_images\Hyperspectral_kidney_normal_0695.jpg,Normal,0
test,dataset\Hyperspectral_tumor_images\Hyperspectral_kidney_tumor_2328.jpg,Tumor,1
test,dataset\Hyperspectral_tumor_images\Hyperspectral_kidney_tumor_1922.jpg,Tumor,1
test,dataset\Hyperspectral_normal_images\Hyperspectral_kidney_normal_2663.jpg,Normal,0
test,dataset\Hyperspectral_normal_images\Hyperspectral_kidney_normal_2175.jpg,Normal,0
test,dataset\Hyperspectral_normal_images\Hyperspectral_kidney_normal_4429.jpg,Normal,0
test,dataset\Hyperspectral_normal_images\Hyperspectral_kidney_normal_0635.jpg,Normal,0
test,dataset\Hyperspectral_normal_images\Hyperspectral_kidney_normal_0886.jpg,Normal,0
test,dataset\Hyperspectral_tumor_images\Hyperspectral_kidney_tumor_2630.jpg,Tumor,1
test,dataset\Hyperspectral_tumor_images\Hyperspectral_kidney_tumor_2158.jpg,Tumor,1
test,dataset\Hyperspectral_tumor_images\Hyperspectral_kidney_tumor_4305.jpg,Tumor,1
test,dataset\Hyperspectral_normal_images\Hyperspectral_kidney_normal_3589.jpg,Normal,0
test,dataset\Hyperspectral_tumor_images\Hyperspectral_kidney_tumor_3367.jpg,Tumor,1
test,dataset\Hyperspectral_tumor_images\Hyperspectral_kidney_tumor_1861.jpg,Tumor,1
test,dataset\Hyperspectral_tumor_images\Hyperspectral_kidney_tumor_4471.jpg,Tumor,1
test,dataset\Hyperspectral_normal_images\Hyperspectral_kidney_normal_1632.jpg,Normal,0
test,dataset\Hyperspectral_normal_images\Hyperspectral_kidney_normal_0364.jpg,Normal,0
test,dataset\Hyperspectral_tumor_images\Hyperspectral_kidney_tumor_4509.jpg,Tumor,1
test,dataset\Hyperspectral_normal_images\Hyperspectral_kidney_normal_3569.jpg,Normal,0
test,dataset\Hyperspectral_normal_images\Hyperspectral_kidney_normal_0569.jpg,Normal,0
test,dataset\Hyperspectral_normal_images\Hyperspectral_kidney_normal_4223.jpg,Normal,0
test,dataset\Hyperspectral_tumor_images\Hyperspectral_kidney_tumor_2192.jpg,Tumor,1
test,dataset\Hyperspectral_normal_images\Hyperspectral_kidney_normal_0565.jpg,Normal,0
test,dataset\Hyperspectral_tumor_images\Hyperspectral_kidney_tumor_3283.jpg,Tumor,1
test,dataset\Hyperspectral_tumor_images\Hyperspectral_kidney_tumor_1653.jpg,Tumor,1
test,dataset\Hyperspectral_tumor_images\Hyperspectral_kidney_tumor_0600.jpg,Tumor,1
test,dataset\Hyperspectral_tumor_images\Hyperspectral_kidney_tumor_2773.jpg,Tumor,1
test,dataset\Hyperspectral_normal_images\Hyperspectral_kidney_normal_0483.jpg,Normal,0
test,dataset\Hyperspectral_tumor_images\Hyperspectral_kidney_tumor_2931.jpg,Tumor,1
test,dataset\Hyperspectral_normal_images\Hyperspectral_kidney_normal_0263.jpg,Normal,0
test,dataset\Hyperspectral_normal_images\Hyperspectral_kidney_normal_2792.jpg,Normal,0
test,dataset\Hyperspectral_tumor_images\Hyperspectral_kidney_tumor_3408.jpg,Tumor,1
test,dataset\Hyperspectral_normal_images\Hyperspectral_kidney_normal_1045.jpg,Normal,0
test,dataset\Hyperspectral_tumor_images\Hyperspectral_kidney_tumor_4281.jpg,Tumor,1
test,dataset\Hyperspectral_normal_images\Hyperspectral_kidney_normal_3534.jpg,Normal,0
test,dataset\Hyperspectral_tumor_images\Hyperspectral_kidney_tumor_2960.jpg,Tumor,1
test,dataset\Hyperspectral_tumor_images\Hyperspectral_kidney_tumor_2537.jpg,Tumor,1
test,dataset\Hyperspectral_tumor_images\Hyperspectral_kidney_tumor_0519.jpg,Tumor,1
test,dataset\Hyperspectral_tumor_images\Hyperspectral_kidney_tumor_1260.jpg,Tumor,1
test,dataset\Hyperspectral_tumor_images\Hyperspectral_kidney_tumor_3891.jpg,Tumor,1
test,dataset\Hyperspectral_tumor_images\Hyperspectral_kidney_tumor_0059.jpg,Tumor,1
test,dataset\Hyperspectral_normal_images\Hyperspectral_kidney_normal_3378.jpg,Normal,0
test,dataset\Hyperspectral_tumor_images\Hyperspectral_kidney_tumor_2299.jpg,Tumor,1
test,dataset\Hyperspectral_normal_images\Hyperspectral_kidney_normal_4446.jpg,Normal,0
test,dataset\Hyperspectral_normal_images\Hyperspectral_kidney_normal_3022.jpg,Normal,0
test,dataset\Hyperspectral_normal_images\Hyperspectral_kidney_normal_0671.jpg,Normal,0
test,dataset\Hyperspectral_tumor_images\Hyperspectral_kidney_tumor_4743.jpg,Tumor,1
test,dataset\Hyperspectral_tumor_images\Hyperspectral_kidney_tumor_0709.jpg,Tumor,1
test,dataset\Hyperspectral_normal_images\Hyperspectral_kidney_normal_0480.jpg,Normal,0
test,dataset\Hyperspectral_normal_images\Hyperspectral_kidney_normal_2283.jpg,Normal,0
test,dataset\Hyperspectral_tumor_images\Hyperspectral_kidney_tumor_0195.jpg,Tumor,1
test,dataset\Hyperspectral_tumor_images\Hyperspectral_kidney_tumor_1884.jpg,Tumor,1
test,dataset\Hyperspectral_tumor_images\Hyperspectral_kidney_tumor_0764.jpg,Tumor,1
test,dataset\Hyperspectral_normal_images\Hyperspectral_kidney_normal_4952.jpg,Normal,0
test,dataset\Hyperspectral_normal_images\Hyperspectral_kidney_normal_4873.jpg,Normal,0
test,dataset\Hyperspectral_tumor_images\Hyperspectral_kidney_tumor_0354.jpg,Tumor,1
test,dataset\Hyperspectral_normal_images\Hyperspectral_kidney_normal_1254.jpg,Normal,0
test,dataset\Hyperspectral_normal_images\Hyperspectral_kidney_normal_2236.jpg,Normal,0
test,dataset\Hyperspectral_normal_images\Hyperspectral_kidney_normal_1290.jpg,Normal,0
test,dataset\Hyperspectral_tumor_images\Hyperspectral_kidney_tumor_3651.jpg,Tumor,1
test,dataset\Hyperspectral_tumor_images\Hyperspectral_kidney_tumor_4546.jpg,Tumor,1
test,dataset\Hyperspectral_normal_images\Hyperspectral_kidney_normal_2287.jpg,Normal,0
test,dataset\Hyperspectral_normal_images\Hyperspectral_kidney_normal_0745.jpg,Normal,0
test,dataset\Hyperspectral_tumor_images\Hyperspectral_kidney_tumor_2952.jpg,Tumor,1
test,dataset\Hyperspectral_normal_images\Hyperspectral_kidney_normal_0562.jpg,Normal,0
test,dataset\Hyperspectral_normal_images\Hyperspectral_kidney_normal_2526.jpg,Normal,0
test,dataset\Hyperspectral_normal_images\Hyperspectral_kidney_normal_4240.jpg,Normal,0
test,dataset\Hyperspectral_tumor_images\Hyperspectral_kidney_tumor_2963.jpg,Tumor,1
test,dataset\Hyperspectral_normal_images\Hyperspectral_kidney_normal_2490.jpg,Normal,0
test,dataset\Hyperspectral_normal_images\Hyperspectral_kidney_normal_2656.jpg,Normal,0
test,dataset\Hyperspectral_normal_images\Hyperspectral_kidney_normal_2534.jpg,Normal,0
test,dataset\Hyperspectral_tumor_images\Hyperspectral_kidney_tumor_4036.jpg,Tumor,1
test,dataset\Hyperspectral_tumor_images\Hyperspectral_kidney_tumor_0892.jpg,Tumor,1
test,dataset\Hyperspectral_tumor_images\Hyperspectral_kidney_tumor_2258.jpg,Tumor,1
test,dataset\Hyperspectral_normal_images\Hyperspectral_kidney_normal_2765.jpg,Normal,0
test,dataset\Hyperspectral_normal_images\Hyperspectral_kidney_normal_3631.jpg,Normal,0
test,dataset\Hyperspectral_normal_images\Hyperspectral_kidney_normal_2213.jpg,Normal,0
test,dataset\Hyperspectral_tumor_images\Hyperspectral_kidney_tumor_3821.jpg,Tumor,1
test,dataset\Hyperspectral_tumor_images\Hyperspectral_kidney_tumor_2054.jpg,Tumor,1
test,dataset\Hyperspectral_normal_images\Hyperspectral_kidney_normal_1798.jpg,Normal,0
test,dataset\Hyperspectral_normal_images\Hyperspectral_kidney_normal_3575.jpg,Normal,0
test,dataset\Hyperspectral_normal_images\Hyperspectral_kidney_normal_3186.jpg,Normal,0
test,dataset\Hyperspectral_tumor_images\Hyperspectral_kidney_tumor_0672.jpg,Tumor,1
test,dataset\Hyperspectral_normal_images\Hyperspectral_kidney_normal_2199.jpg,Normal,0
test,dataset\Hyperspectral_normal_images\Hyperspectral_kidney_normal_2007.jpg,Normal,0
test,dataset\Hyperspectral_tumor_images\Hyperspectral_kidney_tumor_0682.jpg,Tumor,1
test,dataset\Hyperspectral_normal_images\Hyperspectral_kidney_normal_4840.jpg,Normal,0
test,dataset\Hyperspectral_normal_images\Hyperspectral_kidney_normal_2733.jpg,Normal,0
test,dataset\Hyperspectral_tumor_images\Hyperspectral_kidney_tumor_1683.jpg,Tumor,1
test,dataset\Hyperspectral_tumor_images\Hyperspectral_kidney_tumor_3180.jpg,Tumor,1
test,dataset\Hyperspectral_tumor_images\Hyperspectral_kidney_tumor_0976.jpg,Tumor,1
test,dataset\Hyperspectral_tumor_images\Hyperspectral_kidney_tumor_0055.jpg,Tumor,1
test,dataset\Hyperspectral_normal_images\Hyperspectral_kidney_normal_3746.jpg,Normal,0
test,dataset\Hyperspectral_normal_images\Hyperspectral_kidney_normal_3265.jpg,Normal,0
test,dataset\Hyperspectral_normal_images\Hyperspectral_kidney_normal_0948.jpg,Normal,0
test,dataset\Hyperspectral_tumor_images\Hyperspectral_kidney_tumor_4597.jpg,Tumor,1
test,dataset\Hyperspectral_normal_images\Hyperspectral_kidney_normal_3368.jpg,Normal,0
test,dataset\Hyperspectral_tumor_images\Hyperspectral_kidney_tumor_3620.jpg,Tumor,1
test,dataset\Hyperspectral_normal_images\Hyperspectral_kidney_normal_4212.jpg,Normal,0
test,dataset\Hyperspectral_normal_images\Hyperspectral_kidney_normal_0557.jpg,Normal,0
test,dataset\Hyperspectral_normal_images\Hyperspectral_kidney_normal_0760.jpg,Normal,0
test,dataset\Hyperspectral_normal_images\Hyperspectral_kidney_normal_1559.jpg,Normal,0
test,dataset\Hyperspectral_tumor_images\Hyperspectral_kidney_tumor_1578.jpg,Tumor,1
test,dataset\Hyperspectral_normal_images\Hyperspectral_kidney_normal_2754.jpg,Normal,0
test,dataset\Hyperspectral_tumor_images\Hyperspectral_kidney_tumor_1932.jpg,Tumor,1
test,dataset\Hyperspectral_tumor_images\Hyperspectral_kidney_tumor_0444.jpg,Tumor,1
test,dataset\Hyperspectral_tumor_images\Hyperspectral_kidney_tumor_2666.jpg,Tumor,1
test,dataset\Hyperspectral_tumor_images\Hyperspectral_kidney_tumor_1641.jpg,Tumor,1
test,dataset\Hyperspectral_normal_images\Hyperspectral_kidney_normal_3967.jpg,Normal,0
test,dataset\Hyperspectral_tumor_images\Hyperspectral_kidney_tumor_4921.jpg,Tumor,1
test,dataset\Hyperspectral_normal_images\Hyperspectral_kidney_normal_0768.jpg,Normal,0
test,dataset\Hyperspectral_normal_images\Hyperspectral_kidney_normal_0356.jpg,Normal,0
test,dataset\Hyperspectral_tumor_images\Hyperspectral_kidney_tumor_1320.jpg,Tumor,1
test,dataset\Hyperspectral_tumor_images\Hyperspectral_kidney_tumor_0190.jpg,Tumor,1
test,dataset\Hyperspectral_normal_images\Hyperspectral_kidney_normal_1517.jpg,Normal,0
test,dataset\Hyperspectral_tumor_images\Hyperspectral_kidney_tumor_4700.jpg,Tumor,1
test,dataset\Hyperspectral_normal_images\Hyperspectral_kidney_normal_4609.jpg,Normal,0
test,dataset\Hyperspectral_normal_images\Hyperspectral_kidney_normal_3286.jpg,Normal,0
test,dataset\Hyperspectral_tumor_images\Hyperspectral_kidney_tumor_3862.jpg,Tumor,1
test,dataset\Hyperspectral_normal_images\Hyperspectral_kidney_normal_1889.jpg,Normal,0
test,dataset\Hyperspectral_tumor_images\Hyperspectral_kidney_tumor_3379.jpg,Tumor,1
test,dataset\Hyperspectral_tumor_images\Hyperspectral_kidney_tumor_1694.jpg,Tumor,1
test,dataset\Hyperspectral_tumor_images\Hyperspectral_kidney_tumor_0691.jpg,Tumor,1
test,dataset\Hyperspectral_tumor_images\Hyperspectral_kidney_tumor_3340.jpg,Tumor,1
test,dataset\Hyperspectral_normal_images\Hyperspectral_kidney_normal_2520.jpg,Normal,0
test,dataset\Hyperspectral_normal_images\Hyperspectral_kidney_normal_0415.jpg,Normal,0
test,dataset\Hyperspectral_normal_images\Hyperspectral_kidney_normal_1886.jpg,Normal,0
test,dataset\Hyperspectral_tumor_images\Hyperspectral_kidney_tumor_2332.jpg,Tumor,1
test,dataset\Hyperspectral_normal_images\Hyperspectral_kidney_normal_2279.jpg,Normal,0
test,dataset\Hyperspectral_normal_images\Hyperspectral_kidney_normal_2966.jpg,Normal,0
test,dataset\Hyperspectral_normal_images\Hyperspectral_kidney_normal_0595.jpg,Normal,0
test,dataset\Hyperspectral_normal_images\Hyperspectral_kidney_normal_4544.jpg,Normal,0
test,dataset\Hyperspectral_tumor_images\Hyperspectral_kidney_tumor_2664.jpg,Tumor,1
test,dataset\Hyperspectral_normal_images\Hyperspectral_kidney_normal_2690.jpg,Normal,0
test,dataset\Hyperspectral_tumor_images\Hyperspectral_kidney_tumor_2027.jpg,Tumor,1
test,dataset\Hyperspectral_tumor_images\Hyperspectral_kidney_tumor_0351.jpg,Tumor,1
test,dataset\Hyperspectral_normal_images\Hyperspectral_kidney_normal_2067.jpg,Normal,0
test,dataset\Hyperspectral_normal_images\Hyperspectral_kidney_normal_1426.jpg,Normal,0
test,dataset\Hyperspectral_tumor_images\Hyperspectral_kidney_tumor_3901.jpg,Tumor,1
test,dataset\Hyperspectral_tumor_images\Hyperspectral_kidney_tumor_1486.jpg,Tumor,1
test,dataset\Hyperspectral_tumor_images\Hyperspectral_kidney_tumor_4636.jpg,Tumor,1
test,dataset\Hyperspectral_tumor_images\Hyperspectral_kidney_tumor_3226.jpg,Tumor,1
test,dataset\Hyperspectral_tumor_images\Hyperspectral_kidney_tumor_1923.jpg,Tumor,1
test,dataset\Hyperspectral_tumor_images\Hyperspectral_kidney_tumor_2384.jpg,Tumor,1
test,dataset\Hyperspectral_tumor_images\Hyperspectral_kidney_tumor_2156.jpg,Tumor,1
test,dataset\Hyperspectral_tumor_images\Hyperspectral_kidney_tumor_1596.jpg,Tumor,1
test,dataset\Hyperspectral_normal_images\Hyperspectral_kidney_normal_1773.jpg,Normal,0
test,dataset\Hyperspectral_normal_images\Hyperspectral_kidney_normal_2578.jpg,Normal,0
test,dataset\Hyperspectral_normal_images\Hyperspectral_kidney_normal_0646.jpg,Normal,0
test,dataset\Hyperspectral_tumor_images\Hyperspectral_kidney_tumor_1669.jpg,Tumor,1
test,dataset\Hyperspectral_tumor_images\Hyperspectral_kidney_tumor_0826.jpg,Tumor,1
test,dataset\Hyperspectral_tumor_images\Hyperspectral_kidney_tumor_4661.jpg,Tumor,1
test,dataset\Hyperspectral_normal_images\Hyperspectral_kidney_normal_4958.jpg,Normal,0
test,dataset\Hyperspectral_normal_images\Hyperspectral_kidney_normal_1876.jpg,Normal,0
test,dataset\Hyperspectral_tumor_images\Hyperspectral_kidney_tumor_3124.jpg,Tumor,1
test,dataset\Hyperspectral_tumor_images\Hyperspectral_kidney_tumor_0049.jpg,Tumor,1
test,dataset\Hyperspectral_tumor_images\Hyperspectral_kidney_tumor_1273.jpg,Tumor,1
test,dataset\Hyperspectral_tumor_images\Hyperspectral_kidney_tumor_1097.jpg,Tumor,1
test,dataset\Hyperspectral_tumor_images\Hyperspectral_kidney_tumor_0783.jpg,Tumor,1
test,dataset\Hyperspectral_normal_images\Hyperspectral_kidney_normal_2461.jpg,Normal,0
test,dataset\Hyperspectral_tumor_images\Hyperspectral_kidney_tumor_2845.jpg,Tumor,1
test,dataset\Hyperspectral_tumor_images\Hyperspectral_kidney_tumor_3919.jpg,Tumor,1
test,dataset\Hyperspectral_tumor_images\Hyperspectral_kidney_tumor_2820.jpg,Tumor,1
test,dataset\Hyperspectral_normal_images\Hyperspectral_kidney_normal_4547.jpg,Normal,0
test,dataset\Hyperspectral_normal_images\Hyperspectral_kidney_normal_3407.jpg,Normal,0
test,dataset\Hyperspectral_normal_images\Hyperspectral_kidney_normal_4351.jpg,Normal,0
test,dataset\Hyperspectral_normal_images\Hyperspectral_kidney_normal_4744.jpg,Normal,0
test,dataset\Hyperspectral_tumor_images\Hyperspectral_kidney_tumor_4823.jpg,Tumor,1
test,dataset\Hyperspectral_tumor_images\Hyperspectral_kidney_tumor_1726.jpg,Tumor,1
test,dataset\Hyperspectral_tumor_images\Hyperspectral_kidney_tumor_4243.jpg,Tumor,1
test,dataset\Hyperspectral_tumor_images\Hyperspectral_kidney_tumor_1290.jpg,Tumor,1
test,dataset\Hyperspectral_tumor_images\Hyperspectral_kidney_tumor_2128.jpg,Tumor,1
test,dataset\Hyperspectral_normal_images\Hyperspectral_kidney_normal_3153.jpg,Normal,0
test,dataset\Hyperspectral_normal_images\Hyperspectral_kidney_normal_4553.jpg,Normal,0
test,dataset\Hyperspectral_tumor_images\Hyperspectral_kidney_tumor_2835.jpg,Tumor,1
test,dataset\Hyperspectral_normal_images\Hyperspectral_kidney_normal_4425.jpg,Normal,0
test,dataset\Hyperspectral_normal_images\Hyperspectral_kidney_normal_3060.jpg,Normal,0
test,dataset\Hyperspectral_tumor_images\Hyperspectral_kidney_tumor_3179.jpg,Tumor,1
test,dataset\Hyperspectral_tumor_images\Hyperspectral_kidney_tumor_0417.jpg,Tumor,1
test,dataset\Hyperspectral_normal_images\Hyperspectral_kidney_normal_4174.jpg,Normal,0
test,dataset\Hyperspectral_tumor_images\Hyperspectral_kidney_tumor_4212.jpg,Tumor,1
test,dataset\Hyperspectral_tumor_images\Hyperspectral_kidney_tumor_4088.jpg,Tumor,1
test,dataset\Hyperspectral_normal_images\Hyperspectral_kidney_normal_0018.jpg,Normal,0
test,dataset\Hyperspectral_normal_images\Hyperspectral_kidney_normal_2176.jpg,Normal,0
test,dataset\Hyperspectral_tumor_images\Hyperspectral_kidney_tumor_2877.jpg,Tumor,1
test,dataset\Hyperspectral_normal_images\Hyperspectral_kidney_normal_1363.jpg,Normal,0
test,dataset\Hyperspectral_normal_images\Hyperspectral_kidney_normal_2447.jpg,Normal,0
test,dataset\Hyperspectral_normal_images\Hyperspectral_kidney_normal_0046.jpg,Normal,0
test,dataset\Hyperspectral_tumor_images\Hyperspectral_kidney_tumor_1594.jpg,Tumor,1
test,dataset\Hyperspectral_normal_images\Hyperspectral_kidney_normal_0581.jpg,Normal,0
test,dataset\Hyperspectral_tumor_images\Hyperspectral_kidney_tumor_4106.jpg,Tumor,1
test,dataset\Hyperspectral_tumor_images\Hyperspectral_kidney_tumor_1104.jpg,Tumor,1
test,dataset\Hyperspectral_normal_images\Hyperspectral_kidney_normal_4753.jpg,Normal,0
test,dataset\Hyperspectral_normal_images\Hyperspectral_kidney_normal_3560.jpg,Normal,0
test,dataset\Hyperspectral_normal_images\Hyperspectral_kidney_normal_1864.jpg,Normal,0
test,dataset\Hyperspectral_tumor_images\Hyperspectral_kidney_tumor_3216.jpg,Tumor,1
test,dataset\Hyperspectral_tumor_images\Hyperspectral_kidney_tumor_4701.jpg,Tumor,1
test,dataset\Hyperspectral_normal_images\Hyperspectral_kidney_normal_4968.jpg,Normal,0
test,dataset\Hyperspectral_tumor_images\Hyperspectral_kidney_tumor_0441.jpg,Tumor,1
test,dataset\Hyperspectral_normal_images\Hyperspectral_kidney_normal_2865.jpg,Normal,0
test,dataset\Hyperspectral_normal_images\Hyperspectral_kidney_normal_1073.jpg,Normal,0
test,dataset\Hyperspectral_normal_images\Hyperspectral_kidney_normal_2153.jpg,Normal,0
test,dataset\Hyperspectral_tumor_images\Hyperspectral_kidney_tumor_3604.jpg,Tumor,1
test,dataset\Hyperspectral_tumor_images\Hyperspectral_kidney_tumor_4283.jpg,Tumor,1
test,dataset\Hyperspectral_normal_images\Hyperspectral_kidney_normal_1578.jpg,Normal,0
test,dataset\Hyperspectral_normal_images\Hyperspectral_kidney_normal_2705.jpg,Normal,0
test,dataset\Hyperspectral_normal_images\Hyperspectral_kidney_normal_1784.jpg,Normal,0
test,dataset\Hyperspectral_normal_images\Hyperspectral_kidney_normal_4828.jpg,Normal,0
test,dataset\Hyperspectral_tumor_images\Hyperspectral_kidney_tumor_3439.jpg,Tumor,1
test,dataset\Hyperspectral_normal_images\Hyperspectral_kidney_normal_4827.jpg,Normal,0
test,dataset\Hyperspectral_tumor_images\Hyperspectral_kidney_tumor_4200.jpg,Tumor,1
test,dataset\Hyperspectral_tumor_images\Hyperspectral_kidney_tumor_3995.jpg,Tumor,1
test,dataset\Hyperspectral_tumor_images\Hyperspectral_kidney_tumor_4422.jpg,Tumor,1
test,dataset\Hyperspectral_normal_images\Hyperspectral_kidney_normal_3243.jpg,Normal,0
test,dataset\Hyperspectral_normal_images\Hyperspectral_kidney_normal_4161.jpg,Normal,0
test,dataset\Hyperspectral_normal_images\Hyperspectral_kidney_normal_3728.jpg,Normal,0
test,dataset\Hyperspectral_tumor_images\Hyperspectral_kidney_tumor_1725.jpg,Tumor,1
test,dataset\Hyperspectral_normal_images\Hyperspectral_kidney_normal_4504.jpg,Normal,0
test,dataset\Hyperspectral_tumor_images\Hyperspectral_kidney_tumor_3162.jpg,Tumor,1
test,dataset\Hyperspectral_tumor_images\Hyperspectral_kidney_tumor_0618.jpg,Tumor,1
test,dataset\Hyperspectral_normal_images\Hyperspectral_kidney_normal_0654.jpg,Normal,0
test,dataset\Hyperspectral_normal_images\Hyperspectral_kidney_normal_1960.jpg,Normal,0
test,dataset\Hyperspectral_normal_images\Hyperspectral_kidney_normal_3846.jpg,Normal,0
test,dataset\Hyperspectral_normal_images\Hyperspectral_kidney_normal_4819.jpg,Normal,0
test,dataset\Hyperspectral_tumor_images\Hyperspectral_kidney_tumor_3322.jpg,Tumor,1
test,dataset\Hyperspectral_tumor_images\Hyperspectral_kidney_tumor_0698.jpg,Tumor,1
test,dataset\Hyperspectral_normal_images\Hyperspectral_kidney_normal_2117.jpg,Normal,0
test,dataset\Hyperspectral_normal_images\Hyperspectral_kidney_normal_0946.jpg,Normal,0
test,dataset\Hyperspectral_tumor_images\Hyperspectral_kidney_tumor_3121.jpg,Tumor,1
test,dataset\Hyperspectral_tumor_images\Hyperspectral_kidney_tumor_2064.jpg,Tumor,1
test,dataset\Hyperspectral_normal_images\Hyperspectral_kidney_normal_2882.jpg,Normal,0
test,dataset\Hyperspectral_normal_images\Hyperspectral_kidney_normal_3146.jpg,Normal,0
test,dataset\Hyperspectral_normal_images\Hyperspectral_kidney_normal_2282.jpg,Normal,0
test,dataset\Hyperspectral_tumor_images\Hyperspectral_kidney_tumor_2112.jpg,Tumor,1
test,dataset\Hyperspectral_tumor_images\Hyperspectral_kidney_tumor_0963.jpg,Tumor,1
test,dataset\Hyperspectral_normal_images\Hyperspectral_kidney_normal_2620.jpg,Normal,0
test,dataset\Hyperspectral_normal_images\Hyperspectral_kidney_normal_0992.jpg,Normal,0
test,dataset\Hyperspectral_normal_images\Hyperspectral_kidney_normal_1035.jpg,Normal,0
test,dataset\Hyperspectral_normal_images\Hyperspectral_kidney_normal_3995.jpg,Normal,0
test,dataset\Hyperspectral_normal_images\Hyperspectral_kidney_normal_4016.jpg,Normal,0
test,dataset\Hyperspectral_tumor_images\Hyperspectral_kidney_tumor_2090.jpg,Tumor,1
test,dataset\Hyperspectral_normal_images\Hyperspectral_kidney_normal_1441.jpg,Normal,0
test,dataset\Hyperspectral_normal_images\Hyperspectral_kidney_normal_1267.jpg,Normal,0
test,dataset\Hyperspectral_normal_images\Hyperspectral_kidney_normal_2640.jpg,Normal,0
test,dataset\Hyperspectral_normal_images\Hyperspectral_kidney_normal_1093.jpg,Normal,0
test,dataset\Hyperspectral_normal_images\Hyperspectral_kidney_normal_1134.jpg,Normal,0
test,dataset\Hyperspectral_tumor_images\Hyperspectral_kidney_tumor_4537.jpg,Tumor,1
test,dataset\Hyperspectral_tumor_images\Hyperspectral_kidney_tumor_3109.jpg,Tumor,1
test,dataset\Hyperspectral_tumor_images\Hyperspectral_kidney_tumor_3962.jpg,Tumor,1
test,dataset\Hyperspectral_normal_images\Hyperspectral_kidney_normal_2752.jpg,Normal,0
test,dataset\Hyperspectral_tumor_images\Hyperspectral_kidney_tumor_4272.jpg,Tumor,1
test,dataset\Hyperspectral_tumor_images\Hyperspectral_kidney_tumor_0563.jpg,Tumor,1
test,dataset\Hyperspectral_tumor_images\Hyperspectral_kidney_tumor_1440.jpg,Tumor,1
test,dataset\Hyperspectral_tumor_images\Hyperspectral_kidney_tumor_2291.jpg,Tumor,1
test,dataset\Hyperspectral_normal_images\Hyperspectral_kidney_normal_1443.jpg,Normal,0
test,dataset\Hyperspectral_normal_images\Hyperspectral_kidney_normal_4678.jpg,Normal,0
test,dataset\Hyperspectral_normal_images\Hyperspectral_kidney_normal_2058.jpg,Normal,0
test,dataset\Hyperspectral_tumor_images\Hyperspectral_kidney_tumor_4458.jpg,Tumor,1
test,dataset\Hyperspectral_tumor_images\Hyperspectral_kidney_tumor_1475.jpg,Tumor,1
test,dataset\Hyperspectral_tumor_images\Hyperspectral_kidney_tumor_0044.jpg,Tumor,1
test,dataset\Hyperspectral_normal_images\Hyperspectral_kidney_normal_2031.jpg,Normal,0
test,dataset\Hyperspectral_tumor_images\Hyperspectral_kidney_tumor_1357.jpg,Tumor,1
test,dataset\Hyperspectral_tumor_images\Hyperspectral_kidney_tumor_0073.jpg,Tumor,1
test,dataset\Hyperspectral_tumor_images\Hyperspectral_kidney_tumor_1278.jpg,Tumor,1
test,dataset\Hyperspectral_tumor_images\Hyperspectral_kidney_tumor_0003.jpg,Tumor,1
test,dataset\Hyperspectral_tumor_images\Hyperspectral_kidney_tumor_2956.jpg,Tumor,1
test,dataset\Hyperspectral_normal_images\Hyperspectral_kidney_normal_3025.jpg,Normal,0
test,dataset\Hyperspectral_normal_images\Hyperspectral_kidney_normal_1375.jpg,Normal,0
test,dataset\Hyperspectral_normal_images\Hyperspectral_kidney_normal_1243.jpg,Normal,0
test,dataset\Hyperspectral_tumor_images\Hyperspectral_kidney_tumor_3240.jpg,Tumor,1
test,dataset\Hyperspectral_tumor_images\Hyperspectral_kidney_tumor_3899.jpg,Tumor,1
test,dataset\Hyperspectral_tumor_images\Hyperspectral_kidney_tumor_3631.jpg,Tumor,1
test,dataset\Hyperspectral_normal_images\Hyperspectral_kidney_normal_0874.jpg,Normal,0
test,dataset\Hyperspectral_normal_images\Hyperspectral_kidney_normal_1504.jpg,Normal,0
test,dataset\Hyperspectral_normal_images\Hyperspectral_kidney_normal_1634.jpg,Normal,0
test,dataset\Hyperspectral_tumor_images\Hyperspectral_kidney_tumor_1198.jpg,Tumor,1
test,dataset\Hyperspectral_normal_images\Hyperspectral_kidney_normal_4394.jpg,Normal,0
test,dataset\Hyperspectral_normal_images\Hyperspectral_kidney_normal_1043.jpg,Normal,0
test,dataset\Hyperspectral_normal_images\Hyperspectral_kidney_normal_2402.jpg,Normal,0
test,dataset\Hyperspectral_tumor_images\Hyperspectral_kidney_tumor_0687.jpg,Tumor,1
test,dataset\Hyperspectral_tumor_images\Hyperspectral_kidney_tumor_1636.jpg,Tumor,1
test,dataset\Hyperspectral_tumor_images\Hyperspectral_kidney_tumor_2116.jpg,Tumor,1
test,dataset\Hyperspectral_normal_images\Hyperspectral_kidney_normal_0258.jpg,Normal,0
test,dataset\Hyperspectral_tumor_images\Hyperspectral_kidney_tumor_0754.jpg,Tumor,1
test,dataset\Hyperspectral_tumor_images\Hyperspectral_kidney_tumor_2139.jpg,Tumor,1
test,dataset\Hyperspectral_tumor_images\Hyperspectral_kidney_tumor_2976.jpg,Tumor,1
test,dataset\Hyperspectral_normal_images\Hyperspectral_kidney_normal_3330.jpg,Normal,0
test,dataset\Hyperspectral_tumor_images\Hyperspectral_kidney_tumor_0235.jpg,Tumor,1
test,dataset\Hyperspectral_tumor_images\Hyperspectral_kidney_tumor_1389.jpg,Tumor,1
test,dataset\Hyperspectral_tumor_images\Hyperspectral_kidney_tumor_4757.jpg,Tumor,1
test,dataset\Hyperspectral_normal_images\Hyperspectral_kidney_normal_0843.jpg,Normal,0
test,dataset\Hyperspectral_normal_images\Hyperspectral_kidney_normal_1908.jpg,Normal,0
test,dataset\Hyperspectral_tumor_images\Hyperspectral_kidney_tumor_2945.jpg,Tumor,1
test,dataset\Hyperspectral_tumor_images\Hyperspectral_kidney_tumor_3725.jpg,Tumor,1
test,dataset\Hyperspectral_normal_images\Hyperspectral_kidney_normal_1101.jpg,Normal,0
test,dataset\Hyperspectral_normal_images\Hyperspectral_kidney_normal_1937.jpg,Normal,0
test,dataset\Hyperspectral_tumor_images\Hyperspectral_kidney_tumor_2986.jpg,Tumor,1
test,dataset\Hyperspectral_normal_images\Hyperspectral_kidney_normal_2974.jpg,Normal,0
test,dataset\Hyperspectral_tumor_images\Hyperspectral_kidney_tumor_2604.jpg,Tumor,1
test,dataset\Hyperspectral_tumor_images\Hyperspectral_kidney_tumor_4507.jpg,Tumor,1
test,dataset\Hyperspectral_normal_images\Hyperspectral_kidney_normal_3626.jpg,Normal,0
test,dataset\Hyperspectral_normal_images\Hyperspectral_kidney_normal_3856.jpg,Normal,0
test,dataset\Hyperspectral_tumor_images\Hyperspectral_kidney_tumor_3963.jpg,Tumor,1
test,dataset\Hyperspectral_tumor_images\Hyperspectral_kidney_tumor_2301.jpg,Tumor,1
test,dataset\Hyperspectral_tumor_images\Hyperspectral_kidney_tumor_2572.jpg,Tumor,1
test,dataset\Hyperspectral_normal_images\Hyperspectral_kidney_normal_0877.jpg,Normal,0
test,dataset\Hyperspectral_normal_images\Hyperspectral_kidney_normal_4090.jpg,Normal,0
test,dataset\Hyperspectral_tumor_images\Hyperspectral_kidney_tumor_4132.jpg,Tumor,1
test,dataset\Hyperspectral_tumor_images\Hyperspectral_kidney_tumor_3515.jpg,Tumor,1
test,dataset\Hyperspectral_tumor_images\Hyperspectral_kidney_tumor_4346.jpg,Tumor,1
test,dataset\Hyperspectral_normal_images\Hyperspectral_kidney_normal_4838.jpg,Normal,0
test,dataset\Hyperspectral_tumor_images\Hyperspectral_kidney_tumor_0578.jpg,Tumor,1
test,dataset\Hyperspectral_tumor_images\Hyperspectral_kidney_tumor_1459.jpg,Tumor,1
test,dataset\Hyperspectral_normal_images\Hyperspectral_kidney_normal_1222.jpg,Normal,0
