path,true_label,true_class,predicted_label,predicted_class,tumor_probability,prediction_confidence,error_type
dataset\Hyperspectral_tumor_images\Hyperspectral_kidney_tumor_0373.jpg,1,Tumor,1,Tumor,0.9976513981819153,0.9976513981819153,correct
dataset\Hyperspectral_normal_images\Hyperspectral_kidney_normal_4789.jpg,0,Normal,0,Normal,0.0012968482915312052,0.9987031517084688,correct
dataset\Hyperspectral_normal_images\Hyperspectral_kidney_normal_0543.jpg,0,Normal,0,Normal,0.0002452417684253305,0.9997547582315747,correct
dataset\Hyperspectral_normal_images\Hyperspectral_kidney_normal_4136.jpg,0,Normal,0,Normal,8.549443009542301e-05,0.9999145055699046,correct
dataset\Hyperspectral_tumor_images\Hyperspectral_kidney_tumor_0322.jpg,1,Tumor,1,Tumor,0.9974898099899292,0.9974898099899292,correct
dataset\Hyperspectral_tumor_images\Hyperspectral_kidney_tumor_1010.jpg,1,Tumor,1,Tumor,0.9997169375419617,0.9997169375419617,correct
dataset\Hyperspectral_normal_images\Hyperspectral_kidney_normal_1999.jpg,0,Normal,0,Normal,0.012881441041827202,0.9871185589581728,correct
dataset\Hyperspectral_normal_images\Hyperspectral_kidney_normal_3313.jpg,0,Normal,0,Normal,0.001216793549247086,0.9987832064507529,correct
dataset\Hyperspectral_normal_images\Hyperspectral_kidney_normal_0211.jpg,0,Normal,0,Normal,0.002727317390963435,0.9972726826090366,correct
dataset\Hyperspectral_tumor_images\Hyperspectral_kidney_tumor_2588.jpg,1,Tumor,1,Tumor,0.999930739402771,0.999930739402771,correct
dataset\Hyperspectral_normal_images\Hyperspectral_kidney_normal_3623.jpg,0,Normal,0,Normal,0.00022063897631596774,0.999779361023684,correct
dataset\Hyperspectral_tumor_images\Hyperspectral_kidney_tumor_2863.jpg,1,Tumor,1,Tumor,0.9988347887992859,0.9988347887992859,correct
dataset\Hyperspectral_tumor_images\Hyperspectral_kidney_tumor_0939.jpg,1,Tumor,1,Tumor,0.9987949132919312,0.9987949132919312,correct
dataset\Hyperspectral_tumor_images\Hyperspectral_kidney_tumor_3194.jpg,1,Tumor,1,Tumor,0.9999866485595703,0.9999866485595703,correct
dataset\Hyperspectral_normal_images\Hyperspectral_kidney_normal_3467.jpg,0,Normal,0,Normal,0.0752200037240982,0.9247799962759018,correct
dataset\Hyperspectral_tumor_images\Hyperspectral_kidney_tumor_3305.jpg,1,Tumor,1,Tumor,0.9999996423721313,0.9999996423721313,correct
dataset\Hyperspectral_normal_images\Hyperspectral_kidney_normal_2042.jpg,0,Normal,0,Normal,0.006050337105989456,0.9939496628940105,correct
dataset\Hyperspectral_tumor_images\Hyperspectral_kidney_tumor_4511.jpg,1,Tumor,1,Tumor,0.9968331456184387,0.9968331456184387,correct
dataset\Hyperspectral_tumor_images\Hyperspectral_kidney_tumor_3586.jpg,1,Tumor,1,Tumor,0.9777918457984924,0.9777918457984924,correct
dataset\Hyperspectral_tumor_images\Hyperspectral_kidney_tumor_3992.jpg,1,Tumor,1,Tumor,0.999998927116394,0.999998927116394,correct
dataset\Hyperspectral_normal_images\Hyperspectral_kidney_normal_0672.jpg,0,Normal,0,Normal,0.007337833754718304,0.9926621662452817,correct
dataset\Hyperspectral_tumor_images\Hyperspectral_kidney_tumor_2852.jpg,1,Tumor,1,Tumor,0.9974794983863831,0.9974794983863831,correct
dataset\Hyperspectral_normal_images\Hyperspectral_kidney_normal_2592.jpg,0,Normal,0,Normal,9.995175059884787e-05,0.9999000482494012,correct
dataset\Hyperspectral_normal_images\Hyperspectral_kidney_normal_0161.jpg,0,Normal,0,Normal,0.018005160614848137,0.9819948393851519,correct
dataset\Hyperspectral_tumor_images\Hyperspectral_kidney_tumor_0873.jpg,1,Tumor,1,Tumor,0.9996365308761597,0.9996365308761597,correct
dataset\Hyperspectral_tumor_images\Hyperspectral_kidney_tumor_0822.jpg,1,Tumor,1,Tumor,0.9999212026596069,0.9999212026596069,correct
dataset\Hyperspectral_tumor_images\Hyperspectral_kidney_tumor_3696.jpg,1,Tumor,1,Tumor,0.9999984502792358,0.9999984502792358,correct
dataset\Hyperspectral_tumor_images\Hyperspectral_kidney_tumor_1924.jpg,1,Tumor,1,Tumor,0.9999996423721313,0.9999996423721313,correct
dataset\Hyperspectral_tumor_images\Hyperspectral_kidney_tumor_3086.jpg,1,Tumor,1,Tumor,0.9999181032180786,0.9999181032180786,correct
dataset\Hyperspectral_tumor_images\Hyperspectral_kidney_tumor_4785.jpg,1,Tumor,1,Tumor,0.9999758005142212,0.9999758005142212,correct
dataset\Hyperspectral_tumor_images\Hyperspectral_kidney_tumor_0994.jpg,1,Tumor,1,Tumor,0.9999830722808838,0.9999830722808838,correct
dataset\Hyperspectral_tumor_images\Hyperspectral_kidney_tumor_1436.jpg,1,Tumor,1,Tumor,0.9599781632423401,0.9599781632423401,correct
dataset\Hyperspectral_normal_images\Hyperspectral_kidney_normal_3114.jpg,0,Normal,0,Normal,0.0001154877245426178,0.9998845122754574,correct
dataset\Hyperspectral_normal_images\Hyperspectral_kidney_normal_3036.jpg,0,Normal,0,Normal,5.581456935033202e-05,0.9999441854306497,correct
dataset\Hyperspectral_normal_images\Hyperspectral_kidney_normal_4667.jpg,0,Normal,0,Normal,0.009334690868854523,0.9906653091311455,correct
dataset\Hyperspectral_normal_images\Hyperspectral_kidney_normal_3944.jpg,0,Normal,0,Normal,0.029536131769418716,0.9704638682305813,correct
dataset\Hyperspectral_normal_images\Hyperspectral_kidney_normal_4323.jpg,0,Normal,0,Normal,7.975427433848381e-05,0.9999202457256615,correct
dataset\Hyperspectral_tumor_images\Hyperspectral_kidney_tumor_4418.jpg,1,Tumor,1,Tumor,0.9999934434890747,0.9999934434890747,correct
dataset\Hyperspectral_normal_images\Hyperspectral_kidney_normal_4509.jpg,0,Normal,0,Normal,3.498643491184339e-05,0.9999650135650882,correct
dataset\Hyperspectral_normal_images\Hyperspectral_kidney_normal_1214.jpg,0,Normal,1,Tumor,0.6708940863609314,0.6708940863609314,false_positive
dataset\Hyperspectral_tumor_images\Hyperspectral_kidney_tumor_3759.jpg,1,Tumor,1,Tumor,0.9997733235359192,0.9997733235359192,correct
dataset\Hyperspectral_tumor_images\Hyperspectral_kidney_tumor_1887.jpg,1,Tumor,1,Tumor,0.9999384880065918,0.9999384880065918,correct
dataset\Hyperspectral_tumor_images\Hyperspectral_kidney_tumor_4114.jpg,1,Tumor,1,Tumor,0.9999911785125732,0.9999911785125732,correct
dataset\Hyperspectral_tumor_images\Hyperspectral_kidney_tumor_4687.jpg,1,Tumor,1,Tumor,0.9831691980361938,0.9831691980361938,correct
dataset\Hyperspectral_tumor_images\Hyperspectral_kidney_tumor_3454.jpg,1,Tumor,1,Tumor,0.9831486940383911,0.9831486940383911,correct
dataset\Hyperspectral_normal_images\Hyperspectral_kidney_normal_2254.jpg,0,Normal,0,Normal,0.00092463125474751,0.9990753687452525,correct
dataset\Hyperspectral_tumor_images\Hyperspectral_kidney_tumor_1873.jpg,1,Tumor,1,Tumor,0.9999426603317261,0.9999426603317261,correct
dataset\Hyperspectral_tumor_images\Hyperspectral_kidney_tumor_0554.jpg,1,Tumor,1,Tumor,0.9882063269615173,0.9882063269615173,correct
dataset\Hyperspectral_normal_images\Hyperspectral_kidney_normal_1674.jpg,0,Normal,0,Normal,0.00045448917080648243,0.9995455108291935,correct
dataset\Hyperspectral_tumor_images\Hyperspectral_kidney_tumor_1898.jpg,1,Tumor,1,Tumor,0.9999192953109741,0.9999192953109741,correct
dataset\Hyperspectral_normal_images\Hyperspectral_kidney_normal_1144.jpg,0,Normal,0,Normal,0.0001557882351335138,0.9998442117648665,correct
dataset\Hyperspectral_normal_images\Hyperspectral_kidney_normal_2963.jpg,0,Normal,0,Normal,4.5116048568161204e-05,0.9999548839514318,correct
dataset\Hyperspectral_tumor_images\Hyperspectral_kidney_tumor_2981.jpg,1,Tumor,1,Tumor,0.9902380108833313,0.9902380108833313,correct
dataset\Hyperspectral_normal_images\Hyperspectral_kidney_normal_0386.jpg,0,Normal,0,Normal,0.00026462788810022175,0.9997353721118998,correct
dataset\Hyperspectral_tumor_images\Hyperspectral_kidney_tumor_4486.jpg,1,Tumor,1,Tumor,0.9981786012649536,0.9981786012649536,correct
dataset\Hyperspectral_tumor_images\Hyperspectral_kidney_tumor_1159.jpg,1,Tumor,1,Tumor,0.9977326393127441,0.9977326393127441,correct
dataset\Hyperspectral_tumor_images\Hyperspectral_kidney_tumor_1132.jpg,1,Tumor,1,Tumor,0.9999934434890747,0.9999934434890747,correct
dataset\Hyperspectral_tumor_images\Hyperspectral_kidney_tumor_4341.jpg,1,Tumor,1,Tumor,0.9956205487251282,0.9956205487251282,correct
dataset\Hyperspectral_tumor_images\Hyperspectral_kidney_tumor_3746.jpg,1,Tumor,1,Tumor,0.8437331318855286,0.8437331318855286,correct
dataset\Hyperspectral_normal_images\Hyperspectral_kidney_normal_0807.jpg,0,Normal,0,Normal,0.0003770546172745526,0.9996229453827254,correct
dataset\Hyperspectral_normal_images\Hyperspectral_kidney_normal_3283.jpg,0,Normal,0,Normal,2.2954787709750235e-05,0.9999770452122902,correct
dataset\Hyperspectral_normal_images\Hyperspectral_kidney_normal_2549.jpg,0,Normal,0,Normal,0.015075360424816608,0.9849246395751834,correct
dataset\Hyperspectral_tumor_images\Hyperspectral_kidney_tumor_0734.jpg,1,Tumor,1,Tumor,0.9996213912963867,0.9996213912963867,correct
dataset\Hyperspectral_tumor_images\Hyperspectral_kidney_tumor_4188.jpg,1,Tumor,1,Tumor,0.9988279938697815,0.9988279938697815,correct
dataset\Hyperspectral_tumor_images\Hyperspectral_kidney_tumor_2991.jpg,1,Tumor,1,Tumor,0.9983483552932739,0.9983483552932739,correct
dataset\Hyperspectral_normal_images\Hyperspectral_kidney_normal_0104.jpg,0,Normal,0,Normal,0.00028197222854942083,0.9997180277714506,correct
dataset\Hyperspectral_normal_images\Hyperspectral_kidney_normal_3250.jpg,0,Normal,0,Normal,0.002080098260194063,0.9979199017398059,correct
dataset\Hyperspectral_normal_images\Hyperspectral_kidney_normal_3340.jpg,0,Normal,0,Normal,0.0011951228370890021,0.998804877162911,correct
dataset\Hyperspectral_normal_images\Hyperspectral_kidney_normal_0917.jpg,0,Normal,0,Normal,0.003928682301193476,0.9960713176988065,correct
dataset\Hyperspectral_normal_images\Hyperspectral_kidney_normal_1342.jpg,0,Normal,0,Normal,5.1322845138201956e-06,0.9999948677154862,correct
dataset\Hyperspectral_tumor_images\Hyperspectral_kidney_tumor_4258.jpg,1,Tumor,1,Tumor,0.9573962092399597,0.9573962092399597,correct
dataset\Hyperspectral_tumor_images\Hyperspectral_kidney_tumor_3792.jpg,1,Tumor,1,Tumor,0.9996057152748108,0.9996057152748108,correct
dataset\Hyperspectral_normal_images\Hyperspectral_kidney_normal_3521.jpg,0,Normal,0,Normal,0.0027330508455634117,0.9972669491544366,correct
dataset\Hyperspectral_tumor_images\Hyperspectral_kidney_tumor_1447.jpg,1,Tumor,1,Tumor,0.9992407560348511,0.9992407560348511,correct
dataset\Hyperspectral_tumor_images\Hyperspectral_kidney_tumor_3541.jpg,1,Tumor,1,Tumor,0.9998230338096619,0.9998230338096619,correct
dataset\Hyperspectral_normal_images\Hyperspectral_kidney_normal_3346.jpg,0,Normal,0,Normal,0.0008111135102808475,0.9991888864897192,correct
dataset\Hyperspectral_normal_images\Hyperspectral_kidney_normal_2226.jpg,0,Normal,0,Normal,0.0002309854608029127,0.9997690145391971,correct
dataset\Hyperspectral_tumor_images\Hyperspectral_kidney_tumor_1490.jpg,1,Tumor,1,Tumor,0.9999911785125732,0.9999911785125732,correct
dataset\Hyperspectral_normal_images\Hyperspectral_kidney_normal_4175.jpg,0,Normal,0,Normal,8.98351936484687e-05,0.9999101648063515,correct
dataset\Hyperspectral_normal_images\Hyperspectral_kidney_normal_0421.jpg,0,Normal,0,Normal,0.004942324012517929,0.9950576759874821,correct
dataset\Hyperspectral_normal_images\Hyperspectral_kidney_normal_1112.jpg,0,Normal,0,Normal,4.300211003283039e-05,0.9999569978899672,correct
dataset\Hyperspectral_normal_images\Hyperspectral_kidney_normal_4418.jpg,0,Normal,0,Normal,1.2142223567934707e-05,0.9999878577764321,correct
dataset\Hyperspectral_tumor_images\Hyperspectral_kidney_tumor_1983.jpg,1,Tumor,1,Tumor,0.9999282360076904,0.9999282360076904,correct
dataset\Hyperspectral_normal_images\Hyperspectral_kidney_normal_0373.jpg,0,Normal,0,Normal,0.00014591279614251107,0.9998540872038575,correct
dataset\Hyperspectral_normal_images\Hyperspectral_kidney_normal_2272.jpg,0,Normal,0,Normal,0.0012580336770042777,0.9987419663229957,correct
dataset\Hyperspectral_tumor_images\Hyperspectral_kidney_tumor_4216.jpg,1,Tumor,1,Tumor,0.9983941912651062,0.9983941912651062,correct
dataset\Hyperspectral_normal_images\Hyperspectral_kidney_normal_3810.jpg,0,Normal,0,Normal,0.00011159794667037204,0.9998884020533296,correct
dataset\Hyperspectral_normal_images\Hyperspectral_kidney_normal_0223.jpg,0,Normal,0,Normal,0.01366299670189619,0.9863370032981038,correct
dataset\Hyperspectral_tumor_images\Hyperspectral_kidney_tumor_4455.jpg,1,Tumor,1,Tumor,0.9999885559082031,0.9999885559082031,correct
dataset\Hyperspectral_tumor_images\Hyperspectral_kidney_tumor_2241.jpg,1,Tumor,1,Tumor,0.99769127368927,0.99769127368927,correct
dataset\Hyperspectral_normal_images\Hyperspectral_kidney_normal_1998.jpg,0,Normal,0,Normal,0.017323829233646393,0.9826761707663536,correct
dataset\Hyperspectral_tumor_images\Hyperspectral_kidney_tumor_0311.jpg,1,Tumor,1,Tumor,0.9999462366104126,0.9999462366104126,correct
dataset\Hyperspectral_tumor_images\Hyperspectral_kidney_tumor_4182.jpg,1,Tumor,1,Tumor,0.9958802461624146,0.9958802461624146,correct
dataset\Hyperspectral_normal_images\Hyperspectral_kidney_normal_0840.jpg,0,Normal,0,Normal,0.004379183519631624,0.9956208164803684,correct
dataset\Hyperspectral_normal_images\Hyperspectral_kidney_normal_2570.jpg,0,Normal,0,Normal,0.0001939659268828109,0.9998060340731172,correct
dataset\Hyperspectral_tumor_images\Hyperspectral_kidney_tumor_3961.jpg,1,Tumor,1,Tumor,0.9999480247497559,0.9999480247497559,correct
dataset\Hyperspectral_normal_images\Hyperspectral_kidney_normal_1332.jpg,0,Normal,0,Normal,3.3306969271507114e-06,0.9999966693030728,correct
dataset\Hyperspectral_normal_images\Hyperspectral_kidney_normal_0030.jpg,0,Normal,0,Normal,0.0003763821441680193,0.999623617855832,correct
dataset\Hyperspectral_normal_images\Hyperspectral_kidney_normal_0194.jpg,0,Normal,0,Normal,0.0031051193363964558,0.9968948806636035,correct
dataset\Hyperspectral_tumor_images\Hyperspectral_kidney_tumor_0276.jpg,1,Tumor,1,Tumor,0.9893989562988281,0.9893989562988281,correct
dataset\Hyperspectral_tumor_images\Hyperspectral_kidney_tumor_2872.jpg,1,Tumor,1,Tumor,0.9994848966598511,0.9994848966598511,correct
dataset\Hyperspectral_tumor_images\Hyperspectral_kidney_tumor_2046.jpg,1,Tumor,1,Tumor,0.9958974123001099,0.9958974123001099,correct
dataset\Hyperspectral_normal_images\Hyperspectral_kidney_normal_0221.jpg,0,Normal,0,Normal,0.024446845054626465,0.9755531549453735,correct
dataset\Hyperspectral_tumor_images\Hyperspectral_kidney_tumor_3057.jpg,1,Tumor,1,Tumor,0.9993995428085327,0.9993995428085327,correct
dataset\Hyperspectral_tumor_images\Hyperspectral_kidney_tumor_0846.jpg,1,Tumor,1,Tumor,0.9964802861213684,0.9964802861213684,correct
dataset\Hyperspectral_normal_images\Hyperspectral_kidney_normal_2789.jpg,0,Normal,0,Normal,0.026468699797987938,0.9735313002020121,correct
dataset\Hyperspectral_tumor_images\Hyperspectral_kidney_tumor_1374.jpg,1,Tumor,1,Tumor,0.9999754428863525,0.9999754428863525,correct
dataset\Hyperspectral_normal_images\Hyperspectral_kidney_normal_1956.jpg,0,Normal,0,Normal,0.007037569303065538,0.9929624306969345,correct
dataset\Hyperspectral_tumor_images\Hyperspectral_kidney_tumor_4406.jpg,1,Tumor,1,Tumor,0.9990419745445251,0.9990419745445251,correct
dataset\Hyperspectral_normal_images\Hyperspectral_kidney_normal_2002.jpg,0,Normal,0,Normal,0.00026253427495248616,0.9997374657250475,correct
dataset\Hyperspectral_normal_images\Hyperspectral_kidney_normal_3113.jpg,0,Normal,0,Normal,4.760332376463339e-05,0.9999523966762354,correct
dataset\Hyperspectral_tumor_images\Hyperspectral_kidney_tumor_4999.jpg,1,Tumor,1,Tumor,0.9998241066932678,0.9998241066932678,correct
dataset\Hyperspectral_tumor_images\Hyperspectral_kidney_tumor_1534.jpg,1,Tumor,1,Tumor,0.9962295889854431,0.9962295889854431,correct
dataset\Hyperspectral_normal_images\Hyperspectral_kidney_normal_0574.jpg,0,Normal,0,Normal,9.901118755806237e-05,0.9999009888124419,correct
dataset\Hyperspectral_normal_images\Hyperspectral_kidney_normal_4523.jpg,0,Normal,0,Normal,1.1247694601479452e-05,0.9999887523053985,correct
dataset\Hyperspectral_tumor_images\Hyperspectral_kidney_tumor_1815.jpg,1,Tumor,1,Tumor,0.9905679821968079,0.9905679821968079,correct
dataset\Hyperspectral_tumor_images\Hyperspectral_kidney_tumor_0446.jpg,1,Tumor,1,Tumor,0.9999701976776123,0.9999701976776123,correct
dataset\Hyperspectral_normal_images\Hyperspectral_kidney_normal_0173.jpg,0,Normal,0,Normal,0.009320850484073162,0.9906791495159268,correct
dataset\Hyperspectral_normal_images\Hyperspectral_kidney_normal_1753.jpg,0,Normal,0,Normal,0.0005000052624382079,0.9994999947375618,correct
dataset\Hyperspectral_normal_images\Hyperspectral_kidney_normal_0080.jpg,0,Normal,0,Normal,3.510835813358426e-05,0.9999648916418664,correct
dataset\Hyperspectral_normal_images\Hyperspectral_kidney_normal_4731.jpg,0,Normal,0,Normal,0.0001377415464958176,0.9998622584535042,correct
dataset\Hyperspectral_normal_images\Hyperspectral_kidney_normal_1084.jpg,0,Normal,0,Normal,0.0005869469023309648,0.999413053097669,correct
dataset\Hyperspectral_normal_images\Hyperspectral_kidney_normal_2248.jpg,0,Normal,0,Normal,0.0007098665228113532,0.9992901334771886,correct
dataset\Hyperspectral_normal_images\Hyperspectral_kidney_normal_1593.jpg,0,Normal,0,Normal,1.5295197954401374e-05,0.9999847048020456,correct
dataset\Hyperspectral_tumor_images\Hyperspectral_kidney_tumor_2535.jpg,1,Tumor,1,Tumor,0.9991922974586487,0.9991922974586487,correct
dataset\Hyperspectral_tumor_images\Hyperspectral_kidney_tumor_0987.jpg,1,Tumor,1,Tumor,0.9983924031257629,0.9983924031257629,correct
dataset\Hyperspectral_normal_images\Hyperspectral_kidney_normal_0935.jpg,0,Normal,0,Normal,0.031058354303240776,0.9689416456967592,correct
dataset\Hyperspectral_tumor_images\Hyperspectral_kidney_tumor_4654.jpg,1,Tumor,1,Tumor,0.9993162155151367,0.9993162155151367,correct
dataset\Hyperspectral_tumor_images\Hyperspectral_kidney_tumor_0515.jpg,1,Tumor,1,Tumor,0.9982689619064331,0.9982689619064331,correct
dataset\Hyperspectral_normal_images\Hyperspectral_kidney_normal_4468.jpg,0,Normal,0,Normal,0.0001598068920429796,0.999840193107957,correct
dataset\Hyperspectral_tumor_images\Hyperspectral_kidney_tumor_3470.jpg,1,Tumor,1,Tumor,0.9999451637268066,0.9999451637268066,correct
dataset\Hyperspectral_normal_images\Hyperspectral_kidney_normal_2673.jpg,0,Normal,0,Normal,0.0004537415807135403,0.9995462584192865,correct
dataset\Hyperspectral_tumor_images\Hyperspectral_kidney_tumor_4021.jpg,1,Tumor,1,Tumor,0.9977350234985352,0.9977350234985352,correct
dataset\Hyperspectral_normal_images\Hyperspectral_kidney_normal_3287.jpg,0,Normal,0,Normal,0.0006475034751929343,0.9993524965248071,correct
dataset\Hyperspectral_normal_images\Hyperspectral_kidney_normal_0617.jpg,0,Normal,0,Normal,5.683426570612937e-05,0.9999431657342939,correct
dataset\Hyperspectral_normal_images\Hyperspectral_kidney_normal_0828.jpg,0,Normal,0,Normal,0.005713714752346277,0.9942862852476537,correct
dataset\Hyperspectral_normal_images\Hyperspectral_kidney_normal_1046.jpg,0,Normal,0,Normal,0.03170512616634369,0.9682948738336563,correct
dataset\Hyperspectral_normal_images\Hyperspectral_kidney_normal_0913.jpg,0,Normal,0,Normal,0.01401405967772007,0.9859859403222799,correct
dataset\Hyperspectral_tumor_images\Hyperspectral_kidney_tumor_0310.jpg,1,Tumor,1,Tumor,0.9999904632568359,0.9999904632568359,correct
dataset\Hyperspectral_normal_images\Hyperspectral_kidney_normal_0167.jpg,0,Normal,0,Normal,0.006426650565117598,0.9935733494348824,correct
dataset\Hyperspectral_tumor_images\Hyperspectral_kidney_tumor_1658.jpg,1,Tumor,1,Tumor,0.9999626874923706,0.9999626874923706,correct
dataset\Hyperspectral_normal_images\Hyperspectral_kidney_normal_1252.jpg,0,Normal,0,Normal,2.5121426006080583e-06,0.9999974878573994,correct
dataset\Hyperspectral_tumor_images\Hyperspectral_kidney_tumor_1662.jpg,1,Tumor,1,Tumor,0.9999741315841675,0.9999741315841675,correct
dataset\Hyperspectral_normal_images\Hyperspectral_kidney_normal_1726.jpg,0,Normal,0,Normal,0.00117649813182652,0.9988235018681735,correct
dataset\Hyperspectral_normal_images\Hyperspectral_kidney_normal_4689.jpg,0,Normal,0,Normal,2.9968472517793998e-05,0.9999700315274822,correct
dataset\Hyperspectral_normal_images\Hyperspectral_kidney_normal_4659.jpg,0,Normal,0,Normal,0.0026347145903855562,0.9973652854096144,correct
dataset\Hyperspectral_normal_images\Hyperspectral_kidney_normal_3906.jpg,0,Normal,0,Normal,0.02985166758298874,0.9701483324170113,correct
dataset\Hyperspectral_normal_images\Hyperspectral_kidney_normal_4955.jpg,0,Normal,0,Normal,0.000166926474776119,0.9998330735252239,correct
dataset\Hyperspectral_normal_images\Hyperspectral_kidney_normal_1072.jpg,0,Normal,0,Normal,0.00037427182542160153,0.9996257281745784,correct
dataset\Hyperspectral_normal_images\Hyperspectral_kidney_normal_0318.jpg,0,Normal,0,Normal,0.0005328982952050865,0.9994671017047949,correct
dataset\Hyperspectral_tumor_images\Hyperspectral_kidney_tumor_3689.jpg,1,Tumor,1,Tumor,0.9914656281471252,0.9914656281471252,correct
dataset\Hyperspectral_tumor_images\Hyperspectral_kidney_tumor_0184.jpg,1,Tumor,1,Tumor,0.9999731779098511,0.9999731779098511,correct
dataset\Hyperspectral_normal_images\Hyperspectral_kidney_normal_1823.jpg,0,Normal,0,Normal,0.0003566678788047284,0.9996433321211953,correct
dataset\Hyperspectral_normal_images\Hyperspectral_kidney_normal_2710.jpg,0,Normal,0,Normal,0.0001211217968375422,0.9998788782031625,correct
dataset\Hyperspectral_normal_images\Hyperspectral_kidney_normal_0314.jpg,0,Normal,0,Normal,0.000576874241232872,0.9994231257587671,correct
dataset\Hyperspectral_normal_images\Hyperspectral_kidney_normal_4050.jpg,0,Normal,0,Normal,0.1053742915391922,0.8946257084608078,correct
dataset\Hyperspectral_tumor_images\Hyperspectral_kidney_tumor_4120.jpg,1,Tumor,1,Tumor,0.9999394416809082,0.9999394416809082,correct
dataset\Hyperspectral_normal_images\Hyperspectral_kidney_normal_3396.jpg,0,Normal,0,Normal,0.001333580818027258,0.9986664191819727,correct
dataset\Hyperspectral_tumor_images\Hyperspectral_kidney_tumor_1359.jpg,1,Tumor,1,Tumor,0.9951316118240356,0.9951316118240356,correct
dataset\Hyperspectral_tumor_images\Hyperspectral_kidney_tumor_4183.jpg,1,Tumor,1,Tumor,0.9998030066490173,0.9998030066490173,correct
dataset\Hyperspectral_normal_images\Hyperspectral_kidney_normal_1052.jpg,0,Normal,0,Normal,0.00024048436898738146,0.9997595156310126,correct
dataset\Hyperspectral_normal_images\Hyperspectral_kidney_normal_2818.jpg,0,Normal,0,Normal,0.00016384420450776815,0.9998361557954922,correct
dataset\Hyperspectral_normal_images\Hyperspectral_kidney_normal_1841.jpg,0,Normal,0,Normal,0.00022932430147193372,0.9997706756985281,correct
dataset\Hyperspectral_normal_images\Hyperspectral_kidney_normal_0795.jpg,0,Normal,0,Normal,0.0025137341581285,0.9974862658418715,correct
dataset\Hyperspectral_normal_images\Hyperspectral_kidney_normal_4995.jpg,0,Normal,0,Normal,6.191767897689715e-05,0.9999380823210231,correct
dataset\Hyperspectral_normal_images\Hyperspectral_kidney_normal_2989.jpg,0,Normal,0,Normal,0.000248748721787706,0.9997512512782123,correct
dataset\Hyperspectral_tumor_images\Hyperspectral_kidney_tumor_2267.jpg,1,Tumor,1,Tumor,0.9999607801437378,0.9999607801437378,correct
dataset\Hyperspectral_normal_images\Hyperspectral_kidney_normal_3024.jpg,0,Normal,0,Normal,3.342339550727047e-05,0.9999665766044927,correct
dataset\Hyperspectral_tumor_images\Hyperspectral_kidney_tumor_1802.jpg,1,Tumor,1,Tumor,0.9999755620956421,0.9999755620956421,correct
dataset\Hyperspectral_normal_images\Hyperspectral_kidney_normal_1950.jpg,0,Normal,0,Normal,0.004944453947246075,0.9950555460527539,correct
dataset\Hyperspectral_tumor_images\Hyperspectral_kidney_tumor_1170.jpg,1,Tumor,1,Tumor,0.9998692274093628,0.9998692274093628,correct
dataset\Hyperspectral_normal_images\Hyperspectral_kidney_normal_3922.jpg,0,Normal,0,Normal,0.02063150145113468,0.9793684985488653,correct
dataset\Hyperspectral_normal_images\Hyperspectral_kidney_normal_3109.jpg,0,Normal,0,Normal,0.00011811241711257026,0.9998818875828874,correct
dataset\Hyperspectral_normal_images\Hyperspectral_kidney_normal_1722.jpg,0,Normal,0,Normal,0.0010868634562939405,0.9989131365437061,correct
dataset\Hyperspectral_tumor_images\Hyperspectral_kidney_tumor_4086.jpg,1,Tumor,1,Tumor,0.9996001124382019,0.9996001124382019,correct
dataset\Hyperspectral_tumor_images\Hyperspectral_kidney_tumor_0703.jpg,1,Tumor,1,Tumor,0.9665645956993103,0.9665645956993103,correct
dataset\Hyperspectral_tumor_images\Hyperspectral_kidney_tumor_1048.jpg,1,Tumor,1,Tumor,0.9888792037963867,0.9888792037963867,correct
dataset\Hyperspectral_tumor_images\Hyperspectral_kidney_tumor_4050.jpg,1,Tumor,1,Tumor,0.9996091723442078,0.9996091723442078,correct
dataset\Hyperspectral_tumor_images\Hyperspectral_kidney_tumor_3680.jpg,1,Tumor,1,Tumor,0.914606511592865,0.914606511592865,correct
dataset\Hyperspectral_tumor_images\Hyperspectral_kidney_tumor_0225.jpg,1,Tumor,1,Tumor,0.9999642372131348,0.9999642372131348,correct
dataset\Hyperspectral_tumor_images\Hyperspectral_kidney_tumor_2157.jpg,1,Tumor,1,Tumor,0.9997465014457703,0.9997465014457703,correct
dataset\Hyperspectral_normal_images\Hyperspectral_kidney_normal_1149.jpg,0,Normal,0,Normal,0.00024106402997858822,0.9997589359700214,correct
dataset\Hyperspectral_tumor_images\Hyperspectral_kidney_tumor_2897.jpg,1,Tumor,1,Tumor,0.9996695518493652,0.9996695518493652,correct
dataset\Hyperspectral_tumor_images\Hyperspectral_kidney_tumor_0598.jpg,1,Tumor,1,Tumor,0.9998351335525513,0.9998351335525513,correct
dataset\Hyperspectral_normal_images\Hyperspectral_kidney_normal_3483.jpg,0,Normal,0,Normal,0.00434919074177742,0.9956508092582226,correct
dataset\Hyperspectral_tumor_images\Hyperspectral_kidney_tumor_2113.jpg,1,Tumor,1,Tumor,0.9986692667007446,0.9986692667007446,correct
dataset\Hyperspectral_tumor_images\Hyperspectral_kidney_tumor_0327.jpg,1,Tumor,1,Tumor,0.9997226595878601,0.9997226595878601,correct
dataset\Hyperspectral_tumor_images\Hyperspectral_kidney_tumor_0552.jpg,1,Tumor,1,Tumor,0.9999849796295166,0.9999849796295166,correct
dataset\Hyperspectral_tumor_images\Hyperspectral_kidney_tumor_3101.jpg,1,Tumor,1,Tumor,0.9999998807907104,0.9999998807907104,correct
dataset\Hyperspectral_normal_images\Hyperspectral_kidney_normal_3269.jpg,0,Normal,0,Normal,3.125552029814571e-05,0.9999687444797019,correct
dataset\Hyperspectral_tumor_images\Hyperspectral_kidney_tumor_1326.jpg,1,Tumor,1,Tumor,0.9969069361686707,0.9969069361686707,correct
dataset\Hyperspectral_normal_images\Hyperspectral_kidney_normal_4494.jpg,0,Normal,0,Normal,5.6279401178471744e-05,0.9999437205988215,correct
dataset\Hyperspectral_normal_images\Hyperspectral_kidney_normal_3889.jpg,0,Normal,0,Normal,0.05795520916581154,0.9420447908341885,correct
dataset\Hyperspectral_normal_images\Hyperspectral_kidney_normal_1955.jpg,0,Normal,0,Normal,0.011273670941591263,0.9887263290584087,correct
dataset\Hyperspectral_normal_images\Hyperspectral_kidney_normal_0427.jpg,0,Normal,0,Normal,0.005238485988229513,0.9947615140117705,correct
dataset\Hyperspectral_normal_images\Hyperspectral_kidney_normal_3771.jpg,0,Normal,0,Normal,5.876411159988493e-05,0.9999412358884001,correct
dataset\Hyperspectral_normal_images\Hyperspectral_kidney_normal_4886.jpg,0,Normal,0,Normal,0.00035927616409026086,0.9996407238359097,correct
dataset\Hyperspectral_normal_images\Hyperspectral_kidney_normal_3807.jpg,0,Normal,0,Normal,0.00018633998115547001,0.9998136600188445,correct
dataset\Hyperspectral_tumor_images\Hyperspectral_kidney_tumor_3204.jpg,1,Tumor,1,Tumor,0.9999227523803711,0.9999227523803711,correct
dataset\Hyperspectral_tumor_images\Hyperspectral_kidney_tumor_4426.jpg,1,Tumor,1,Tumor,0.9975904226303101,0.9975904226303101,correct
dataset\Hyperspectral_tumor_images\Hyperspectral_kidney_tumor_3726.jpg,1,Tumor,1,Tumor,0.9998145699501038,0.9998145699501038,correct
dataset\Hyperspectral_normal_images\Hyperspectral_kidney_normal_4848.jpg,0,Normal,0,Normal,8.351697761099786e-05,0.999916483022389,correct
dataset\Hyperspectral_normal_images\Hyperspectral_kidney_normal_3496.jpg,0,Normal,0,Normal,0.004603858571499586,0.9953961414285004,correct
dataset\Hyperspectral_normal_images\Hyperspectral_kidney_normal_0296.jpg,0,Normal,0,Normal,0.04392673075199127,0.9560732692480087,correct
dataset\Hyperspectral_tumor_images\Hyperspectral_kidney_tumor_4371.jpg,1,Tumor,1,Tumor,0.9999948740005493,0.9999948740005493,correct
dataset\Hyperspectral_normal_images\Hyperspectral_kidney_normal_1523.jpg,0,Normal,0,Normal,1.2544259334390517e-05,0.9999874557406656,correct
dataset\Hyperspectral_tumor_images\Hyperspectral_kidney_tumor_2917.jpg,1,Tumor,1,Tumor,0.9985278844833374,0.9985278844833374,correct
dataset\Hyperspectral_normal_images\Hyperspectral_kidney_normal_3571.jpg,0,Normal,0,Normal,0.002352796494960785,0.9976472035050392,correct
dataset\Hyperspectral_normal_images\Hyperspectral_kidney_normal_4599.jpg,0,Normal,0,Normal,0.0721573755145073,0.9278426244854927,correct
dataset\Hyperspectral_tumor_images\Hyperspectral_kidney_tumor_0296.jpg,1,Tumor,1,Tumor,0.9879221320152283,0.9879221320152283,correct
dataset\Hyperspectral_tumor_images\Hyperspectral_kidney_tumor_0966.jpg,1,Tumor,1,Tumor,0.9929366707801819,0.9929366707801819,correct
dataset\Hyperspectral_normal_images\Hyperspectral_kidney_normal_2471.jpg,0,Normal,0,Normal,0.007826264947652817,0.9921737350523472,correct
dataset\Hyperspectral_tumor_images\Hyperspectral_kidney_tumor_1249.jpg,1,Tumor,1,Tumor,0.9999294281005859,0.9999294281005859,correct
dataset\Hyperspectral_normal_images\Hyperspectral_kidney_normal_3875.jpg,0,Normal,0,Normal,0.12004683166742325,0.8799531683325768,correct
dataset\Hyperspectral_normal_images\Hyperspectral_kidney_normal_0766.jpg,0,Normal,0,Normal,0.02489694580435753,0.9751030541956425,correct
dataset\Hyperspectral_tumor_images\Hyperspectral_kidney_tumor_2665.jpg,1,Tumor,1,Tumor,0.9994949102401733,0.9994949102401733,correct
dataset\Hyperspectral_normal_images\Hyperspectral_kidney_normal_2746.jpg,0,Normal,0,Normal,0.00019268608593847603,0.9998073139140615,correct
dataset\Hyperspectral_normal_images\Hyperspectral_kidney_normal_0049.jpg,0,Normal,0,Normal,0.002850763499736786,0.9971492365002632,correct
dataset\Hyperspectral_tumor_images\Hyperspectral_kidney_tumor_0087.jpg,1,Tumor,1,Tumor,0.9999701976776123,0.9999701976776123,correct
dataset\Hyperspectral_tumor_images\Hyperspectral_kidney_tumor_2175.jpg,1,Tumor,1,Tumor,0.9999579191207886,0.9999579191207886,correct
dataset\Hyperspectral_tumor_images\Hyperspectral_kidney_tumor_2429.jpg,1,Tumor,1,Tumor,0.9991372227668762,0.9991372227668762,correct
dataset\Hyperspectral_tumor_images\Hyperspectral_kidney_tumor_3662.jpg,1,Tumor,1,Tumor,0.999954104423523,0.999954104423523,correct
dataset\Hyperspectral_normal_images\Hyperspectral_kidney_normal_0824.jpg,0,Normal,0,Normal,0.003636185312643647,0.9963638146873564,correct
dataset\Hyperspectral_normal_images\Hyperspectral_kidney_normal_4647.jpg,0,Normal,0,Normal,0.040033143013715744,0.9599668569862843,correct
dataset\Hyperspectral_tumor_images\Hyperspectral_kidney_tumor_3645.jpg,1,Tumor,1,Tumor,0.997689962387085,0.997689962387085,correct
dataset\Hyperspectral_tumor_images\Hyperspectral_kidney_tumor_1791.jpg,1,Tumor,1,Tumor,0.9998955726623535,0.9998955726623535,correct
dataset\Hyperspectral_tumor_images\Hyperspectral_kidney_tumor_4290.jpg,1,Tumor,1,Tumor,0.9993864297866821,0.9993864297866821,correct
dataset\Hyperspectral_normal_images\Hyperspectral_kidney_normal_4916.jpg,0,Normal,0,Normal,0.0008725691004656255,0.9991274308995344,correct
dataset\Hyperspectral_tumor_images\Hyperspectral_kidney_tumor_4093.jpg,1,Tumor,1,Tumor,0.9998210072517395,0.9998210072517395,correct
dataset\Hyperspectral_tumor_images\Hyperspectral_kidney_tumor_3392.jpg,1,Tumor,1,Tumor,0.9999979734420776,0.9999979734420776,correct
dataset\Hyperspectral_tumor_images\Hyperspectral_kidney_tumor_3135.jpg,1,Tumor,1,Tumor,0.9971634745597839,0.9971634745597839,correct
dataset\Hyperspectral_tumor_images\Hyperspectral_kidney_tumor_4985.jpg,1,Tumor,1,Tumor,0.9945198893547058,0.9945198893547058,correct
dataset\Hyperspectral_tumor_images\Hyperspectral_kidney_tumor_2205.jpg,1,Tumor,1,Tumor,0.999971866607666,0.999971866607666,correct
dataset\Hyperspectral_normal_images\Hyperspectral_kidney_normal_3880.jpg,0,Normal,0,Normal,0.31823402643203735,0.6817659735679626,correct
dataset\Hyperspectral_tumor_images\Hyperspectral_kidney_tumor_4384.jpg,1,Tumor,1,Tumor,0.9996603727340698,0.9996603727340698,correct
dataset\Hyperspectral_normal_images\Hyperspectral_kidney_normal_2087.jpg,0,Normal,0,Normal,0.4840568006038666,0.5159431993961334,correct
dataset\Hyperspectral_normal_images\Hyperspectral_kidney_normal_4433.jpg,0,Normal,0,Normal,5.426885309134377e-06,0.9999945731146909,correct
dataset\Hyperspectral_normal_images\Hyperspectral_kidney_normal_4140.jpg,0,Normal,0,Normal,7.752694364171475e-05,0.9999224730563583,correct
dataset\Hyperspectral_tumor_images\Hyperspectral_kidney_tumor_0959.jpg,1,Tumor,1,Tumor,0.9999995231628418,0.9999995231628418,correct
dataset\Hyperspectral_tumor_images\Hyperspectral_kidney_tumor_0811.jpg,1,Tumor,1,Tumor,0.99992835521698,0.99992835521698,correct
dataset\Hyperspectral_tumor_images\Hyperspectral_kidney_tumor_1118.jpg,1,Tumor,1,Tumor,0.999627947807312,0.999627947807312,correct
dataset\Hyperspectral_normal_images\Hyperspectral_kidney_normal_0218.jpg,0,Normal,0,Normal,0.0077310046181082726,0.9922689953818917,correct
dataset\Hyperspectral_normal_images\Hyperspectral_kidney_normal_0447.jpg,0,Normal,0,Normal,0.013489313423633575,0.9865106865763664,correct
dataset\Hyperspectral_normal_images\Hyperspectral_kidney_normal_3604.jpg,0,Normal,0,Normal,0.0001382194022880867,0.9998617805977119,correct
dataset\Hyperspectral_tumor_images\Hyperspectral_kidney_tumor_3262.jpg,1,Tumor,1,Tumor,0.9878895878791809,0.9878895878791809,correct
dataset\Hyperspectral_tumor_images\Hyperspectral_kidney_tumor_1269.jpg,1,Tumor,1,Tumor,0.9999808073043823,0.9999808073043823,correct
dataset\Hyperspectral_normal_images\Hyperspectral_kidney_normal_1223.jpg,0,Normal,1,Tumor,0.9038631916046143,0.9038631916046143,false_positive
dataset\Hyperspectral_normal_images\Hyperspectral_kidney_normal_3717.jpg,0,Normal,0,Normal,0.04076037183403969,0.9592396281659603,correct
dataset\Hyperspectral_tumor_images\Hyperspectral_kidney_tumor_4523.jpg,1,Tumor,1,Tumor,0.9998223185539246,0.9998223185539246,correct
dataset\Hyperspectral_normal_images\Hyperspectral_kidney_normal_2291.jpg,0,Normal,0,Normal,0.0004559424123726785,0.9995440575876273,correct
dataset\Hyperspectral_normal_images\Hyperspectral_kidney_normal_0511.jpg,0,Normal,0,Normal,9.023477468872443e-05,0.9999097652253113,correct
dataset\Hyperspectral_normal_images\Hyperspectral_kidney_normal_4598.jpg,0,Normal,0,Normal,0.1665247529745102,0.8334752470254898,correct
dataset\Hyperspectral_tumor_images\Hyperspectral_kidney_tumor_4480.jpg,1,Tumor,1,Tumor,0.9993764758110046,0.9993764758110046,correct
dataset\Hyperspectral_normal_images\Hyperspectral_kidney_normal_4990.jpg,0,Normal,0,Normal,0.00027236228925175965,0.9997276377107482,correct
dataset\Hyperspectral_normal_images\Hyperspectral_kidney_normal_3699.jpg,0,Normal,1,Tumor,0.5237151980400085,0.5237151980400085,false_positive
dataset\Hyperspectral_tumor_images\Hyperspectral_kidney_tumor_4644.jpg,1,Tumor,1,Tumor,0.9999971389770508,0.9999971389770508,correct
dataset\Hyperspectral_tumor_images\Hyperspectral_kidney_tumor_2958.jpg,1,Tumor,1,Tumor,0.9979224801063538,0.9979224801063538,correct
dataset\Hyperspectral_tumor_images\Hyperspectral_kidney_tumor_3868.jpg,1,Tumor,1,Tumor,0.9999887943267822,0.9999887943267822,correct
dataset\Hyperspectral_normal_images\Hyperspectral_kidney_normal_3504.jpg,0,Normal,0,Normal,0.0021184654906392097,0.9978815345093608,correct
dataset\Hyperspectral_normal_images\Hyperspectral_kidney_normal_4489.jpg,0,Normal,0,Normal,0.00016001486801542342,0.9998399851319846,correct
dataset\Hyperspectral_tumor_images\Hyperspectral_kidney_tumor_2786.jpg,1,Tumor,1,Tumor,0.9999879598617554,0.9999879598617554,correct
dataset\Hyperspectral_tumor_images\Hyperspectral_kidney_tumor_0492.jpg,1,Tumor,1,Tumor,0.9926841855049133,0.9926841855049133,correct
dataset\Hyperspectral_normal_images\Hyperspectral_kidney_normal_1208.jpg,0,Normal,1,Tumor,0.5890246629714966,0.5890246629714966,false_positive
dataset\Hyperspectral_tumor_images\Hyperspectral_kidney_tumor_2717.jpg,1,Tumor,1,Tumor,0.9956746697425842,0.9956746697425842,correct
dataset\Hyperspectral_tumor_images\Hyperspectral_kidney_tumor_2893.jpg,1,Tumor,1,Tumor,0.9877808094024658,0.9877808094024658,correct
dataset\Hyperspectral_tumor_images\Hyperspectral_kidney_tumor_3041.jpg,1,Tumor,1,Tumor,0.9994910955429077,0.9994910955429077,correct
dataset\Hyperspectral_normal_images\Hyperspectral_kidney_normal_1668.jpg,0,Normal,0,Normal,8.823381358524784e-05,0.9999117661864148,correct
dataset\Hyperspectral_tumor_images\Hyperspectral_kidney_tumor_0595.jpg,1,Tumor,1,Tumor,0.999568521976471,0.999568521976471,correct
dataset\Hyperspectral_tumor_images\Hyperspectral_kidney_tumor_3883.jpg,1,Tumor,1,Tumor,0.999993085861206,0.999993085861206,correct
dataset\Hyperspectral_normal_images\Hyperspectral_kidney_normal_4453.jpg,0,Normal,0,Normal,7.396978617180139e-05,0.9999260302138282,correct
dataset\Hyperspectral_normal_images\Hyperspectral_kidney_normal_4862.jpg,0,Normal,0,Normal,0.0001343673502560705,0.9998656326497439,correct
dataset\Hyperspectral_tumor_images\Hyperspectral_kidney_tumor_1880.jpg,1,Tumor,1,Tumor,0.9901790618896484,0.9901790618896484,correct
dataset\Hyperspectral_tumor_images\Hyperspectral_kidney_tumor_3925.jpg,1,Tumor,1,Tumor,0.9996286630630493,0.9996286630630493,correct
dataset\Hyperspectral_tumor_images\Hyperspectral_kidney_tumor_4269.jpg,1,Tumor,1,Tumor,0.9996802806854248,0.9996802806854248,correct
dataset\Hyperspectral_normal_images\Hyperspectral_kidney_normal_0564.jpg,0,Normal,0,Normal,0.00014824359095655382,0.9998517564090434,correct
dataset\Hyperspectral_tumor_images\Hyperspectral_kidney_tumor_2708.jpg,1,Tumor,1,Tumor,0.9999598264694214,0.9999598264694214,correct
dataset\Hyperspectral_tumor_images\Hyperspectral_kidney_tumor_2154.jpg,1,Tumor,1,Tumor,0.9999585151672363,0.9999585151672363,correct
dataset\Hyperspectral_normal_images\Hyperspectral_kidney_normal_4271.jpg,0,Normal,0,Normal,0.02628340944647789,0.9737165905535221,correct
dataset\Hyperspectral_normal_images\Hyperspectral_kidney_normal_2796.jpg,0,Normal,0,Normal,0.008578483015298843,0.9914215169847012,correct
dataset\Hyperspectral_tumor_images\Hyperspectral_kidney_tumor_4307.jpg,1,Tumor,1,Tumor,0.9990932941436768,0.9990932941436768,correct
dataset\Hyperspectral_normal_images\Hyperspectral_kidney_normal_4928.jpg,0,Normal,0,Normal,0.0007974732434377074,0.9992025267565623,correct
dataset\Hyperspectral_tumor_images\Hyperspectral_kidney_tumor_2223.jpg,1,Tumor,1,Tumor,0.9985740184783936,0.9985740184783936,correct
dataset\Hyperspectral_normal_images\Hyperspectral_kidney_normal_0444.jpg,0,Normal,0,Normal,0.009025673381984234,0.9909743266180158,correct
dataset\Hyperspectral_normal_images\Hyperspectral_kidney_normal_2277.jpg,0,Normal,0,Normal,0.0017671996029093862,0.9982328003970906,correct
dataset\Hyperspectral_normal_images\Hyperspectral_kidney_normal_4352.jpg,0,Normal,0,Normal,3.754417411983013e-05,0.9999624558258802,correct
dataset\Hyperspectral_tumor_images\Hyperspectral_kidney_tumor_0870.jpg,1,Tumor,1,Tumor,0.9999991655349731,0.9999991655349731,correct
dataset\Hyperspectral_normal_images\Hyperspectral_kidney_normal_4416.jpg,0,Normal,0,Normal,1.6967582268989645e-05,0.999983032417731,correct
dataset\Hyperspectral_tumor_images\Hyperspectral_kidney_tumor_3491.jpg,1,Tumor,1,Tumor,0.9961612224578857,0.9961612224578857,correct
dataset\Hyperspectral_tumor_images\Hyperspectral_kidney_tumor_3535.jpg,1,Tumor,1,Tumor,0.9999972581863403,0.9999972581863403,correct
dataset\Hyperspectral_tumor_images\Hyperspectral_kidney_tumor_4798.jpg,1,Tumor,1,Tumor,0.9998506307601929,0.9998506307601929,correct
dataset\Hyperspectral_normal_images\Hyperspectral_kidney_normal_4622.jpg,0,Normal,0,Normal,0.049207866191864014,0.950792133808136,correct
dataset\Hyperspectral_tumor_images\Hyperspectral_kidney_tumor_4265.jpg,1,Tumor,1,Tumor,0.999369204044342,0.999369204044342,correct
dataset\Hyperspectral_normal_images\Hyperspectral_kidney_normal_0227.jpg,0,Normal,1,Tumor,0.8046445250511169,0.8046445250511169,false_positive
dataset\Hyperspectral_tumor_images\Hyperspectral_kidney_tumor_2655.jpg,1,Tumor,1,Tumor,0.9990189075469971,0.9990189075469971,correct
dataset\Hyperspectral_tumor_images\Hyperspectral_kidney_tumor_1268.jpg,1,Tumor,1,Tumor,0.9999936819076538,0.9999936819076538,correct
dataset\Hyperspectral_normal_images\Hyperspectral_kidney_normal_4483.jpg,0,Normal,0,Normal,0.0001950582955032587,0.9998049417044967,correct
dataset\Hyperspectral_normal_images\Hyperspectral_kidney_normal_3680.jpg,0,Normal,0,Normal,0.00026638616691343486,0.9997336138330866,correct
dataset\Hyperspectral_tumor_images\Hyperspectral_kidney_tumor_3877.jpg,1,Tumor,1,Tumor,0.9999980926513672,0.9999980926513672,correct
dataset\Hyperspectral_tumor_images\Hyperspectral_kidney_tumor_1957.jpg,1,Tumor,1,Tumor,0.9999338388442993,0.9999338388442993,correct
dataset\Hyperspectral_tumor_images\Hyperspectral_kidney_tumor_0381.jpg,1,Tumor,1,Tumor,0.9996610879898071,0.9996610879898071,correct
dataset\Hyperspectral_tumor_images\Hyperspectral_kidney_tumor_4235.jpg,1,Tumor,1,Tumor,0.9998366832733154,0.9998366832733154,correct
dataset\Hyperspectral_normal_images\Hyperspectral_kidney_normal_3653.jpg,0,Normal,1,Tumor,0.5656089782714844,0.5656089782714844,false_positive
dataset\Hyperspectral_tumor_images\Hyperspectral_kidney_tumor_0360.jpg,1,Tumor,1,Tumor,0.9995575547218323,0.9995575547218323,correct
dataset\Hyperspectral_tumor_images\Hyperspectral_kidney_tumor_3260.jpg,1,Tumor,1,Tumor,0.9981163740158081,0.9981163740158081,correct
dataset\Hyperspectral_tumor_images\Hyperspectral_kidney_tumor_3188.jpg,1,Tumor,1,Tumor,0.9999797344207764,0.9999797344207764,correct
dataset\Hyperspectral_tumor_images\Hyperspectral_kidney_tumor_3875.jpg,1,Tumor,1,Tumor,0.9913132786750793,0.9913132786750793,correct
dataset\Hyperspectral_normal_images\Hyperspectral_kidney_normal_1921.jpg,0,Normal,0,Normal,0.03586135059595108,0.9641386494040489,correct
dataset\Hyperspectral_tumor_images\Hyperspectral_kidney_tumor_0088.jpg,1,Tumor,1,Tumor,0.9998084902763367,0.9998084902763367,correct
dataset\Hyperspectral_tumor_images\Hyperspectral_kidney_tumor_2141.jpg,1,Tumor,1,Tumor,0.9999881982803345,0.9999881982803345,correct
dataset\Hyperspectral_normal_images\Hyperspectral_kidney_normal_4244.jpg,0,Normal,0,Normal,0.09302235394716263,0.9069776460528374,correct
dataset\Hyperspectral_tumor_images\Hyperspectral_kidney_tumor_1368.jpg,1,Tumor,1,Tumor,0.9994669556617737,0.9994669556617737,correct
dataset\Hyperspectral_normal_images\Hyperspectral_kidney_normal_2371.jpg,0,Normal,0,Normal,0.0026685097254812717,0.9973314902745187,correct
dataset\Hyperspectral_normal_images\Hyperspectral_kidney_normal_0702.jpg,0,Normal,0,Normal,0.006613328121602535,0.9933866718783975,correct
dataset\Hyperspectral_normal_images\Hyperspectral_kidney_normal_3117.jpg,0,Normal,0,Normal,7.616368384333327e-05,0.9999238363161567,correct
dataset\Hyperspectral_normal_images\Hyperspectral_kidney_normal_3134.jpg,0,Normal,0,Normal,6.809701153542846e-05,0.9999319029884646,correct
dataset\Hyperspectral_tumor_images\Hyperspectral_kidney_tumor_1321.jpg,1,Tumor,1,Tumor,0.9999868869781494,0.9999868869781494,correct
dataset\Hyperspectral_tumor_images\Hyperspectral_kidney_tumor_1434.jpg,1,Tumor,1,Tumor,0.9932700991630554,0.9932700991630554,correct
dataset\Hyperspectral_tumor_images\Hyperspectral_kidney_tumor_0163.jpg,1,Tumor,1,Tumor,0.996687114238739,0.996687114238739,correct
dataset\Hyperspectral_normal_images\Hyperspectral_kidney_normal_3676.jpg,0,Normal,1,Tumor,0.701682448387146,0.701682448387146,false_positive
dataset\Hyperspectral_normal_images\Hyperspectral_kidney_normal_3893.jpg,0,Normal,0,Normal,0.10032697021961212,0.8996730297803879,correct
dataset\Hyperspectral_normal_images\Hyperspectral_kidney_normal_0567.jpg,0,Normal,0,Normal,0.00013002091145608574,0.9998699790885439,correct
dataset\Hyperspectral_normal_images\Hyperspectral_kidney_normal_1721.jpg,0,Normal,0,Normal,0.0011886275606229901,0.998811372439377,correct
dataset\Hyperspectral_normal_images\Hyperspectral_kidney_normal_1353.jpg,0,Normal,0,Normal,1.2777771189576015e-05,0.9999872222288104,correct
dataset\Hyperspectral_tumor_images\Hyperspectral_kidney_tumor_3564.jpg,1,Tumor,1,Tumor,0.9999909400939941,0.9999909400939941,correct
dataset\Hyperspectral_normal_images\Hyperspectral_kidney_normal_2405.jpg,0,Normal,0,Normal,0.00013552723976317793,0.9998644727602368,correct
dataset\Hyperspectral_tumor_images\Hyperspectral_kidney_tumor_1865.jpg,1,Tumor,1,Tumor,0.9998074173927307,0.9998074173927307,correct
dataset\Hyperspectral_tumor_images\Hyperspectral_kidney_tumor_2503.jpg,1,Tumor,1,Tumor,0.9999862909317017,0.9999862909317017,correct
dataset\Hyperspectral_tumor_images\Hyperspectral_kidney_tumor_1102.jpg,1,Tumor,1,Tumor,0.9995338916778564,0.9995338916778564,correct
dataset\Hyperspectral_tumor_images\Hyperspectral_kidney_tumor_0320.jpg,1,Tumor,1,Tumor,0.9991648197174072,0.9991648197174072,correct
dataset\Hyperspectral_tumor_images\Hyperspectral_kidney_tumor_3434.jpg,1,Tumor,1,Tumor,0.9998654127120972,0.9998654127120972,correct
dataset\Hyperspectral_tumor_images\Hyperspectral_kidney_tumor_4991.jpg,1,Tumor,1,Tumor,0.9999958276748657,0.9999958276748657,correct
dataset\Hyperspectral_normal_images\Hyperspectral_kidney_normal_0527.jpg,0,Normal,0,Normal,0.0002674147253856063,0.9997325852746144,correct
dataset\Hyperspectral_normal_images\Hyperspectral_kidney_normal_2212.jpg,0,Normal,0,Normal,0.0005296922172419727,0.999470307782758,correct
dataset\Hyperspectral_tumor_images\Hyperspectral_kidney_tumor_1317.jpg,1,Tumor,1,Tumor,0.9989562034606934,0.9989562034606934,correct
dataset\Hyperspectral_tumor_images\Hyperspectral_kidney_tumor_4652.jpg,1,Tumor,1,Tumor,0.9994909763336182,0.9994909763336182,correct
dataset\Hyperspectral_normal_images\Hyperspectral_kidney_normal_2140.jpg,0,Normal,0,Normal,0.11048341542482376,0.8895165845751762,correct
dataset\Hyperspectral_tumor_images\Hyperspectral_kidney_tumor_2102.jpg,1,Tumor,1,Tumor,0.9966986775398254,0.9966986775398254,correct
dataset\Hyperspectral_normal_images\Hyperspectral_kidney_normal_1906.jpg,0,Normal,0,Normal,0.06677314639091492,0.9332268536090851,correct
dataset\Hyperspectral_normal_images\Hyperspectral_kidney_normal_2817.jpg,0,Normal,0,Normal,0.0001397514424752444,0.9998602485575248,correct
dataset\Hyperspectral_tumor_images\Hyperspectral_kidney_tumor_4730.jpg,1,Tumor,1,Tumor,0.9999876022338867,0.9999876022338867,correct
dataset\Hyperspectral_normal_images\Hyperspectral_kidney_normal_4538.jpg,0,Normal,0,Normal,2.0121575289522298e-05,0.9999798784247105,correct
dataset\Hyperspectral_normal_images\Hyperspectral_kidney_normal_2170.jpg,0,Normal,0,Normal,0.06979875266551971,0.9302012473344803,correct
dataset\Hyperspectral_normal_images\Hyperspectral_kidney_normal_3442.jpg,0,Normal,1,Tumor,0.5741344094276428,0.5741344094276428,false_positive
dataset\Hyperspectral_normal_images\Hyperspectral_kidney_normal_2427.jpg,0,Normal,0,Normal,0.0034030068200081587,0.9965969931799918,correct
dataset\Hyperspectral_normal_images\Hyperspectral_kidney_normal_0841.jpg,0,Normal,0,Normal,0.0035829574335366488,0.9964170425664634,correct
dataset\Hyperspectral_normal_images\Hyperspectral_kidney_normal_2267.jpg,0,Normal,0,Normal,0.0012057148851454258,0.9987942851148546,correct
dataset\Hyperspectral_tumor_images\Hyperspectral_kidney_tumor_4168.jpg,1,Tumor,1,Tumor,0.9921343326568604,0.9921343326568604,correct
dataset\Hyperspectral_normal_images\Hyperspectral_kidney_normal_2458.jpg,0,Normal,0,Normal,0.0006122610066086054,0.9993877389933914,correct
dataset\Hyperspectral_tumor_images\Hyperspectral_kidney_tumor_0643.jpg,1,Tumor,1,Tumor,0.9998608827590942,0.9998608827590942,correct
dataset\Hyperspectral_tumor_images\Hyperspectral_kidney_tumor_0742.jpg,1,Tumor,1,Tumor,0.9878853559494019,0.9878853559494019,correct
dataset\Hyperspectral_tumor_images\Hyperspectral_kidney_tumor_1899.jpg,1,Tumor,1,Tumor,0.9983304142951965,0.9983304142951965,correct
dataset\Hyperspectral_normal_images\Hyperspectral_kidney_normal_1994.jpg,0,Normal,0,Normal,0.029746955260634422,0.9702530447393656,correct
dataset\Hyperspectral_normal_images\Hyperspectral_kidney_normal_1023.jpg,0,Normal,0,Normal,0.0005279874894768,0.9994720125105232,correct
dataset\Hyperspectral_tumor_images\Hyperspectral_kidney_tumor_2307.jpg,1,Tumor,1,Tumor,0.9837101697921753,0.9837101697921753,correct
dataset\Hyperspectral_normal_images\Hyperspectral_kidney_normal_2788.jpg,0,Normal,0,Normal,0.010166149586439133,0.9898338504135609,correct
dataset\Hyperspectral_normal_images\Hyperspectral_kidney_normal_4520.jpg,0,Normal,0,Normal,2.2370957594830543e-05,0.9999776290424052,correct
dataset\Hyperspectral_normal_images\Hyperspectral_kidney_normal_0763.jpg,0,Normal,0,Normal,0.019824806600809097,0.9801751933991909,correct
dataset\Hyperspectral_normal_images\Hyperspectral_kidney_normal_4283.jpg,0,Normal,0,Normal,0.025498218834400177,0.9745017811655998,correct
dataset\Hyperspectral_tumor_images\Hyperspectral_kidney_tumor_3715.jpg,1,Tumor,1,Tumor,0.9992352724075317,0.9992352724075317,correct
dataset\Hyperspectral_normal_images\Hyperspectral_kidney_normal_2641.jpg,0,Normal,0,Normal,0.00019059443729929626,0.9998094055627007,correct
dataset\Hyperspectral_normal_images\Hyperspectral_kidney_normal_1339.jpg,0,Normal,0,Normal,3.794197709794389e-06,0.9999962058022902,correct
dataset\Hyperspectral_normal_images\Hyperspectral_kidney_normal_2021.jpg,0,Normal,0,Normal,0.012551183812320232,0.9874488161876798,correct
dataset\Hyperspectral_normal_images\Hyperspectral_kidney_normal_3987.jpg,0,Normal,0,Normal,0.003210385562852025,0.996789614437148,correct
dataset\Hyperspectral_tumor_images\Hyperspectral_kidney_tumor_4242.jpg,1,Tumor,1,Tumor,0.999862790107727,0.999862790107727,correct
dataset\Hyperspectral_tumor_images\Hyperspectral_kidney_tumor_0039.jpg,1,Tumor,1,Tumor,0.9979068040847778,0.9979068040847778,correct
dataset\Hyperspectral_tumor_images\Hyperspectral_kidney_tumor_3253.jpg,1,Tumor,1,Tumor,0.9999725818634033,0.9999725818634033,correct
dataset\Hyperspectral_tumor_images\Hyperspectral_kidney_tumor_1306.jpg,1,Tumor,1,Tumor,0.99998939037323,0.99998939037323,correct
dataset\Hyperspectral_normal_images\Hyperspectral_kidney_normal_2556.jpg,0,Normal,0,Normal,0.004593440797179937,0.9954065592028201,correct
dataset\Hyperspectral_tumor_images\Hyperspectral_kidney_tumor_0045.jpg,1,Tumor,1,Tumor,0.9961060881614685,0.9961060881614685,correct
dataset\Hyperspectral_tumor_images\Hyperspectral_kidney_tumor_2940.jpg,1,Tumor,1,Tumor,0.9931941032409668,0.9931941032409668,correct
dataset\Hyperspectral_normal_images\Hyperspectral_kidney_normal_0500.jpg,0,Normal,0,Normal,0.00020564004080370069,0.9997943599591963,correct
dataset\Hyperspectral_tumor_images\Hyperspectral_kidney_tumor_2802.jpg,1,Tumor,1,Tumor,0.9973915815353394,0.9973915815353394,correct
dataset\Hyperspectral_normal_images\Hyperspectral_kidney_normal_1625.jpg,0,Normal,0,Normal,1.1769772754632868e-05,0.9999882302272454,correct
dataset\Hyperspectral_normal_images\Hyperspectral_kidney_normal_4613.jpg,0,Normal,0,Normal,8.237350266426802e-05,0.9999176264973357,correct
dataset\Hyperspectral_tumor_images\Hyperspectral_kidney_tumor_1790.jpg,1,Tumor,1,Tumor,0.9999563694000244,0.9999563694000244,correct
dataset\Hyperspectral_normal_images\Hyperspectral_kidney_normal_3106.jpg,0,Normal,0,Normal,9.986515942728147e-05,0.9999001348405727,correct
dataset\Hyperspectral_normal_images\Hyperspectral_kidney_normal_3399.jpg,0,Normal,0,Normal,0.002200227929279208,0.9977997720707208,correct
dataset\Hyperspectral_tumor_images\Hyperspectral_kidney_tumor_0080.jpg,1,Tumor,1,Tumor,0.9989972710609436,0.9989972710609436,correct
dataset\Hyperspectral_tumor_images\Hyperspectral_kidney_tumor_3310.jpg,1,Tumor,1,Tumor,0.9987517595291138,0.9987517595291138,correct
dataset\Hyperspectral_normal_images\Hyperspectral_kidney_normal_3901.jpg,0,Normal,0,Normal,0.17182201147079468,0.8281779885292053,correct
dataset\Hyperspectral_normal_images\Hyperspectral_kidney_normal_3228.jpg,0,Normal,0,Normal,0.0017375338356941938,0.9982624661643058,correct
dataset\Hyperspectral_tumor_images\Hyperspectral_kidney_tumor_1451.jpg,1,Tumor,1,Tumor,0.9987969398498535,0.9987969398498535,correct
dataset\Hyperspectral_tumor_images\Hyperspectral_kidney_tumor_3989.jpg,1,Tumor,1,Tumor,0.9999963045120239,0.9999963045120239,correct
dataset\Hyperspectral_tumor_images\Hyperspectral_kidney_tumor_4233.jpg,1,Tumor,1,Tumor,0.999862551689148,0.999862551689148,correct
dataset\Hyperspectral_normal_images\Hyperspectral_kidney_normal_1648.jpg,0,Normal,0,Normal,0.00045000831596553326,0.9995499916840345,correct
dataset\Hyperspectral_tumor_images\Hyperspectral_kidney_tumor_2354.jpg,1,Tumor,1,Tumor,0.999024510383606,0.999024510383606,correct
dataset\Hyperspectral_normal_images\Hyperspectral_kidney_normal_1171.jpg,0,Normal,0,Normal,0.00013229050091467798,0.9998677094990853,correct
dataset\Hyperspectral_normal_images\Hyperspectral_kidney_normal_0411.jpg,0,Normal,0,Normal,0.00040187069680541754,0.9995981293031946,correct
dataset\Hyperspectral_tumor_images\Hyperspectral_kidney_tumor_3476.jpg,1,Tumor,1,Tumor,0.993966817855835,0.993966817855835,correct
dataset\Hyperspectral_tumor_images\Hyperspectral_kidney_tumor_4535.jpg,1,Tumor,1,Tumor,0.9934836030006409,0.9934836030006409,correct
dataset\Hyperspectral_tumor_images\Hyperspectral_kidney_tumor_0010.jpg,1,Tumor,1,Tumor,0.9907724857330322,0.9907724857330322,correct
dataset\Hyperspectral_normal_images\Hyperspectral_kidney_normal_1729.jpg,0,Normal,0,Normal,0.0011412681778892875,0.9988587318221107,correct
dataset\Hyperspectral_tumor_images\Hyperspectral_kidney_tumor_2078.jpg,1,Tumor,1,Tumor,0.999894380569458,0.999894380569458,correct
dataset\Hyperspectral_normal_images\Hyperspectral_kidney_normal_2012.jpg,0,Normal,0,Normal,0.004381146747618914,0.9956188532523811,correct
dataset\Hyperspectral_normal_images\Hyperspectral_kidney_normal_4850.jpg,0,Normal,0,Normal,0.00023920333478599787,0.999760796665214,correct
dataset\Hyperspectral_tumor_images\Hyperspectral_kidney_tumor_3597.jpg,1,Tumor,1,Tumor,0.9999781847000122,0.9999781847000122,correct
dataset\Hyperspectral_normal_images\Hyperspectral_kidney_normal_3532.jpg,0,Normal,0,Normal,0.0009924916084855795,0.9990075083915144,correct
dataset\Hyperspectral_tumor_images\Hyperspectral_kidney_tumor_1454.jpg,1,Tumor,1,Tumor,0.9946410655975342,0.9946410655975342,correct
dataset\Hyperspectral_normal_images\Hyperspectral_kidney_normal_3790.jpg,0,Normal,0,Normal,0.0001311684463871643,0.9998688315536128,correct
dataset\Hyperspectral_normal_images\Hyperspectral_kidney_normal_0521.jpg,0,Normal,0,Normal,9.871706424746662e-05,0.9999012829357525,correct
dataset\Hyperspectral_normal_images\Hyperspectral_kidney_normal_0773.jpg,0,Normal,0,Normal,0.016717946156859398,0.9832820538431406,correct
dataset\Hyperspectral_normal_images\Hyperspectral_kidney_normal_3826.jpg,0,Normal,0,Normal,0.00010039604239864275,0.9998996039576014,correct
dataset\Hyperspectral_tumor_images\Hyperspectral_kidney_tumor_4568.jpg,1,Tumor,1,Tumor,0.9992619156837463,0.9992619156837463,correct
dataset\Hyperspectral_normal_images\Hyperspectral_kidney_normal_1865.jpg,0,Normal,0,Normal,0.0005491508636623621,0.9994508491363376,correct
dataset\Hyperspectral_normal_images\Hyperspectral_kidney_normal_0027.jpg,0,Normal,0,Normal,0.00048286328092217445,0.9995171367190778,correct
dataset\Hyperspectral_tumor_images\Hyperspectral_kidney_tumor_0328.jpg,1,Tumor,1,Tumor,0.9995715022087097,0.9995715022087097,correct
dataset\Hyperspectral_tumor_images\Hyperspectral_kidney_tumor_4711.jpg,1,Tumor,1,Tumor,0.9792839288711548,0.9792839288711548,correct
dataset\Hyperspectral_normal_images\Hyperspectral_kidney_normal_3373.jpg,0,Normal,0,Normal,0.0014664632035419345,0.9985335367964581,correct
dataset\Hyperspectral_normal_images\Hyperspectral_kidney_normal_2898.jpg,0,Normal,0,Normal,0.00010229927283944562,0.9998977007271606,correct
dataset\Hyperspectral_tumor_images\Hyperspectral_kidney_tumor_0061.jpg,1,Tumor,1,Tumor,0.9985653758049011,0.9985653758049011,correct
dataset\Hyperspectral_tumor_images\Hyperspectral_kidney_tumor_2232.jpg,1,Tumor,1,Tumor,0.9565268158912659,0.9565268158912659,correct
dataset\Hyperspectral_tumor_images\Hyperspectral_kidney_tumor_2167.jpg,1,Tumor,1,Tumor,0.9968799352645874,0.9968799352645874,correct
dataset\Hyperspectral_normal_images\Hyperspectral_kidney_normal_3873.jpg,0,Normal,0,Normal,0.120416559278965,0.879583440721035,correct
dataset\Hyperspectral_normal_images\Hyperspectral_kidney_normal_3718.jpg,0,Normal,0,Normal,0.023651232942938805,0.9763487670570612,correct
dataset\Hyperspectral_tumor_images\Hyperspectral_kidney_tumor_0632.jpg,1,Tumor,1,Tumor,0.9996373653411865,0.9996373653411865,correct
dataset\Hyperspectral_tumor_images\Hyperspectral_kidney_tumor_2719.jpg,1,Tumor,1,Tumor,0.9991180300712585,0.9991180300712585,correct
dataset\Hyperspectral_normal_images\Hyperspectral_kidney_normal_1463.jpg,0,Normal,0,Normal,0.030303001403808594,0.9696969985961914,correct
dataset\Hyperspectral_tumor_images\Hyperspectral_kidney_tumor_0564.jpg,1,Tumor,1,Tumor,0.9996036887168884,0.9996036887168884,correct
dataset\Hyperspectral_tumor_images\Hyperspectral_kidney_tumor_1231.jpg,1,Tumor,1,Tumor,0.9984192848205566,0.9984192848205566,correct
dataset\Hyperspectral_tumor_images\Hyperspectral_kidney_tumor_2821.jpg,1,Tumor,1,Tumor,0.9999856948852539,0.9999856948852539,correct
dataset\Hyperspectral_normal_images\Hyperspectral_kidney_normal_1800.jpg,0,Normal,0,Normal,0.001443988992832601,0.9985560110071674,correct
dataset\Hyperspectral_normal_images\Hyperspectral_kidney_normal_0623.jpg,0,Normal,0,Normal,2.7319329092279077e-05,0.9999726806709077,correct
dataset\Hyperspectral_tumor_images\Hyperspectral_kidney_tumor_4671.jpg,1,Tumor,1,Tumor,0.9989099502563477,0.9989099502563477,correct
dataset\Hyperspectral_normal_images\Hyperspectral_kidney_normal_4800.jpg,0,Normal,0,Normal,0.0012590105179697275,0.9987409894820303,correct
dataset\Hyperspectral_normal_images\Hyperspectral_kidney_normal_3297.jpg,0,Normal,0,Normal,0.0006752589251846075,0.9993247410748154,correct
dataset\Hyperspectral_tumor_images\Hyperspectral_kidney_tumor_4760.jpg,1,Tumor,1,Tumor,0.9999796152114868,0.9999796152114868,correct
dataset\Hyperspectral_normal_images\Hyperspectral_kidney_normal_1556.jpg,0,Normal,0,Normal,1.566222454130184e-05,0.9999843377754587,correct
dataset\Hyperspectral_normal_images\Hyperspectral_kidney_normal_2780.jpg,0,Normal,0,Normal,0.00017487035074736923,0.9998251296492526,correct
dataset\Hyperspectral_normal_images\Hyperspectral_kidney_normal_3308.jpg,0,Normal,0,Normal,0.0006507142097689211,0.9993492857902311,correct
dataset\Hyperspectral_tumor_images\Hyperspectral_kidney_tumor_2569.jpg,1,Tumor,1,Tumor,0.9999926090240479,0.9999926090240479,correct
dataset\Hyperspectral_normal_images\Hyperspectral_kidney_normal_3457.jpg,0,Normal,0,Normal,0.06987084448337555,0.9301291555166245,correct
dataset\Hyperspectral_tumor_images\Hyperspectral_kidney_tumor_3256.jpg,1,Tumor,1,Tumor,0.9954050779342651,0.9954050779342651,correct
dataset\Hyperspectral_tumor_images\Hyperspectral_kidney_tumor_3946.jpg,1,Tumor,1,Tumor,0.9994565844535828,0.9994565844535828,correct
dataset\Hyperspectral_tumor_images\Hyperspectral_kidney_tumor_0343.jpg,1,Tumor,1,Tumor,0.9999916553497314,0.9999916553497314,correct
dataset\Hyperspectral_tumor_images\Hyperspectral_kidney_tumor_2084.jpg,1,Tumor,1,Tumor,0.9985513091087341,0.9985513091087341,correct
dataset\Hyperspectral_normal_images\Hyperspectral_kidney_normal_2883.jpg,0,Normal,0,Normal,0.00029539610841311514,0.9997046038915869,correct
dataset\Hyperspectral_normal_images\Hyperspectral_kidney_normal_2585.jpg,0,Normal,0,Normal,4.2703384679043666e-05,0.999957296615321,correct
dataset\Hyperspectral_tumor_images\Hyperspectral_kidney_tumor_4185.jpg,1,Tumor,1,Tumor,0.9873403906822205,0.9873403906822205,correct
dataset\Hyperspectral_normal_images\Hyperspectral_kidney_normal_1269.jpg,0,Normal,0,Normal,0.02975049801170826,0.9702495019882917,correct
dataset\Hyperspectral_tumor_images\Hyperspectral_kidney_tumor_2166.jpg,1,Tumor,1,Tumor,0.9977543950080872,0.9977543950080872,correct
dataset\Hyperspectral_normal_images\Hyperspectral_kidney_normal_3105.jpg,0,Normal,0,Normal,9.529679664410651e-05,0.9999047032033559,correct
dataset\Hyperspectral_normal_images\Hyperspectral_kidney_normal_2394.jpg,0,Normal,0,Normal,0.0011349921114742756,0.9988650078885257,correct
dataset\Hyperspectral_tumor_images\Hyperspectral_kidney_tumor_0762.jpg,1,Tumor,1,Tumor,0.9992260932922363,0.9992260932922363,correct
dataset\Hyperspectral_normal_images\Hyperspectral_kidney_normal_3335.jpg,0,Normal,0,Normal,0.00010419495083624497,0.9998958050491638,correct
dataset\Hyperspectral_normal_images\Hyperspectral_kidney_normal_1736.jpg,0,Normal,0,Normal,0.00027636229060590267,0.9997236377093941,correct
dataset\Hyperspectral_tumor_images\Hyperspectral_kidney_tumor_0267.jpg,1,Tumor,1,Tumor,0.9979261159896851,0.9979261159896851,correct
dataset\Hyperspectral_tumor_images\Hyperspectral_kidney_tumor_1147.jpg,1,Tumor,1,Tumor,0.9995447993278503,0.9995447993278503,correct
dataset\Hyperspectral_tumor_images\Hyperspectral_kidney_tumor_3994.jpg,1,Tumor,1,Tumor,0.9987936019897461,0.9987936019897461,correct
dataset\Hyperspectral_normal_images\Hyperspectral_kidney_normal_0657.jpg,0,Normal,0,Normal,0.005705320276319981,0.99429467972368,correct
dataset\Hyperspectral_tumor_images\Hyperspectral_kidney_tumor_0445.jpg,1,Tumor,1,Tumor,0.9985380172729492,0.9985380172729492,correct
dataset\Hyperspectral_tumor_images\Hyperspectral_kidney_tumor_0983.jpg,1,Tumor,1,Tumor,0.9969568252563477,0.9969568252563477,correct
dataset\Hyperspectral_tumor_images\Hyperspectral_kidney_tumor_3692.jpg,1,Tumor,1,Tumor,0.9983565211296082,0.9983565211296082,correct
dataset\Hyperspectral_normal_images\Hyperspectral_kidney_normal_0376.jpg,0,Normal,0,Normal,0.0002822460373863578,0.9997177539626136,correct
dataset\Hyperspectral_normal_images\Hyperspectral_kidney_normal_2137.jpg,0,Normal,0,Normal,0.12310256063938141,0.8768974393606186,correct
dataset\Hyperspectral_normal_images\Hyperspectral_kidney_normal_1311.jpg,0,Normal,0,Normal,5.352908829081571e-06,0.9999946470911709,correct
dataset\Hyperspectral_normal_images\Hyperspectral_kidney_normal_1751.jpg,0,Normal,0,Normal,0.0005402671522460878,0.9994597328477539,correct
dataset\Hyperspectral_tumor_images\Hyperspectral_kidney_tumor_1870.jpg,1,Tumor,1,Tumor,0.9999699592590332,0.9999699592590332,correct
dataset\Hyperspectral_normal_images\Hyperspectral_kidney_normal_1391.jpg,0,Normal,0,Normal,0.0019167499849572778,0.9980832500150427,correct
dataset\Hyperspectral_tumor_images\Hyperspectral_kidney_tumor_2151.jpg,1,Tumor,1,Tumor,0.9978001713752747,0.9978001713752747,correct
dataset\Hyperspectral_normal_images\Hyperspectral_kidney_normal_1349.jpg,0,Normal,0,Normal,3.7245358726067934e-06,0.9999962754641274,correct
dataset\Hyperspectral_normal_images\Hyperspectral_kidney_normal_0469.jpg,0,Normal,0,Normal,0.00496106781065464,0.9950389321893454,correct
dataset\Hyperspectral_normal_images\Hyperspectral_kidney_normal_4364.jpg,0,Normal,0,Normal,3.0923227313905954e-05,0.9999690767726861,correct
dataset\Hyperspectral_tumor_images\Hyperspectral_kidney_tumor_0040.jpg,1,Tumor,1,Tumor,0.9997989535331726,0.9997989535331726,correct
dataset\Hyperspectral_tumor_images\Hyperspectral_kidney_tumor_3397.jpg,1,Tumor,1,Tumor,0.9981167316436768,0.9981167316436768,correct
dataset\Hyperspectral_tumor_images\Hyperspectral_kidney_tumor_4400.jpg,1,Tumor,1,Tumor,0.9997110962867737,0.9997110962867737,correct
dataset\Hyperspectral_normal_images\Hyperspectral_kidney_normal_0899.jpg,0,Normal,0,Normal,0.0021137974690645933,0.9978862025309354,correct
dataset\Hyperspectral_normal_images\Hyperspectral_kidney_normal_2325.jpg,0,Normal,0,Normal,0.000547794857993722,0.9994522051420063,correct
dataset\Hyperspectral_tumor_images\Hyperspectral_kidney_tumor_1969.jpg,1,Tumor,1,Tumor,0.9999946355819702,0.9999946355819702,correct
dataset\Hyperspectral_normal_images\Hyperspectral_kidney_normal_4188.jpg,0,Normal,0,Normal,2.4355364075745456e-05,0.9999756446359243,correct
dataset\Hyperspectral_tumor_images\Hyperspectral_kidney_tumor_1066.jpg,1,Tumor,1,Tumor,0.9988686442375183,0.9988686442375183,correct
dataset\Hyperspectral_normal_images\Hyperspectral_kidney_normal_1293.jpg,0,Normal,0,Normal,2.0815582502109464e-06,0.9999979184417498,correct
dataset\Hyperspectral_tumor_images\Hyperspectral_kidney_tumor_0717.jpg,1,Tumor,1,Tumor,0.9989306330680847,0.9989306330680847,correct
dataset\Hyperspectral_tumor_images\Hyperspectral_kidney_tumor_1398.jpg,1,Tumor,1,Tumor,0.9999920129776001,0.9999920129776001,correct
dataset\Hyperspectral_normal_images\Hyperspectral_kidney_normal_4772.jpg,0,Normal,0,Normal,0.00048144589527510107,0.9995185541047249,correct
dataset\Hyperspectral_normal_images\Hyperspectral_kidney_normal_4781.jpg,0,Normal,0,Normal,0.0006210965220816433,0.9993789034779184,correct
dataset\Hyperspectral_normal_images\Hyperspectral_kidney_normal_2167.jpg,0,Normal,0,Normal,0.07034330815076828,0.9296566918492317,correct
dataset\Hyperspectral_tumor_images\Hyperspectral_kidney_tumor_1610.jpg,1,Tumor,1,Tumor,0.9999552965164185,0.9999552965164185,correct
dataset\Hyperspectral_tumor_images\Hyperspectral_kidney_tumor_1075.jpg,1,Tumor,1,Tumor,0.9970324039459229,0.9970324039459229,correct
dataset\Hyperspectral_tumor_images\Hyperspectral_kidney_tumor_1068.jpg,1,Tumor,1,Tumor,0.9998980760574341,0.9998980760574341,correct
dataset\Hyperspectral_normal_images\Hyperspectral_kidney_normal_1296.jpg,0,Normal,0,Normal,2.050514467555331e-06,0.9999979494855324,correct
dataset\Hyperspectral_normal_images\Hyperspectral_kidney_normal_3693.jpg,0,Normal,1,Tumor,0.8359753489494324,0.8359753489494324,false_positive
dataset\Hyperspectral_normal_images\Hyperspectral_kidney_normal_1816.jpg,0,Normal,0,Normal,0.0003795149677898735,0.9996204850322101,correct
dataset\Hyperspectral_normal_images\Hyperspectral_kidney_normal_2574.jpg,0,Normal,0,Normal,0.00012393653742037714,0.9998760634625796,correct
dataset\Hyperspectral_tumor_images\Hyperspectral_kidney_tumor_1218.jpg,1,Tumor,1,Tumor,0.999994158744812,0.999994158744812,correct
dataset\Hyperspectral_normal_images\Hyperspectral_kidney_normal_1489.jpg,0,Normal,0,Normal,0.003122437046840787,0.9968775629531592,correct
dataset\Hyperspectral_normal_images\Hyperspectral_kidney_normal_4595.jpg,0,Normal,0,Normal,0.05716564506292343,0.9428343549370766,correct
dataset\Hyperspectral_tumor_images\Hyperspectral_kidney_tumor_0525.jpg,1,Tumor,1,Tumor,0.9949030876159668,0.9949030876159668,correct
dataset\Hyperspectral_tumor_images\Hyperspectral_kidney_tumor_2939.jpg,1,Tumor,1,Tumor,0.9999799728393555,0.9999799728393555,correct
dataset\Hyperspectral_tumor_images\Hyperspectral_kidney_tumor_1793.jpg,1,Tumor,1,Tumor,0.9864912033081055,0.9864912033081055,correct
dataset\Hyperspectral_normal_images\Hyperspectral_kidney_normal_0238.jpg,0,Normal,1,Tumor,0.8624692559242249,0.8624692559242249,false_positive
dataset\Hyperspectral_normal_images\Hyperspectral_kidney_normal_2512.jpg,0,Normal,0,Normal,0.011093963868916035,0.988906036131084,correct
dataset\Hyperspectral_normal_images\Hyperspectral_kidney_normal_2186.jpg,0,Normal,0,Normal,0.021886242553591728,0.9781137574464083,correct
dataset\Hyperspectral_tumor_images\Hyperspectral_kidney_tumor_3090.jpg,1,Tumor,1,Tumor,0.999237060546875,0.999237060546875,correct
dataset\Hyperspectral_normal_images\Hyperspectral_kidney_normal_1021.jpg,0,Normal,0,Normal,0.0006992771523073316,0.9993007228476927,correct
dataset\Hyperspectral_normal_images\Hyperspectral_kidney_normal_0201.jpg,0,Normal,0,Normal,0.0017185540637001395,0.9982814459362999,correct
dataset\Hyperspectral_normal_images\Hyperspectral_kidney_normal_0160.jpg,0,Normal,0,Normal,0.020408019423484802,0.9795919805765152,correct
dataset\Hyperspectral_tumor_images\Hyperspectral_kidney_tumor_1775.jpg,1,Tumor,1,Tumor,0.9999891519546509,0.9999891519546509,correct
dataset\Hyperspectral_normal_images\Hyperspectral_kidney_normal_4946.jpg,0,Normal,0,Normal,0.00027285300893709064,0.9997271469910629,correct
dataset\Hyperspectral_tumor_images\Hyperspectral_kidney_tumor_2071.jpg,1,Tumor,1,Tumor,0.9995924830436707,0.9995924830436707,correct
dataset\Hyperspectral_normal_images\Hyperspectral_kidney_normal_1974.jpg,0,Normal,0,Normal,0.003767324611544609,0.9962326753884554,correct
dataset\Hyperspectral_normal_images\Hyperspectral_kidney_normal_4648.jpg,0,Normal,0,Normal,0.12307807058095932,0.8769219294190407,correct
dataset\Hyperspectral_tumor_images\Hyperspectral_kidney_tumor_2317.jpg,1,Tumor,1,Tumor,0.9999181032180786,0.9999181032180786,correct
dataset\Hyperspectral_normal_images\Hyperspectral_kidney_normal_1249.jpg,0,Normal,0,Normal,3.538332975949743e-06,0.999996461667024,correct
dataset\Hyperspectral_tumor_images\Hyperspectral_kidney_tumor_4553.jpg,1,Tumor,1,Tumor,0.9999477863311768,0.9999477863311768,correct
dataset\Hyperspectral_normal_images\Hyperspectral_kidney_normal_3914.jpg,0,Normal,0,Normal,0.09963752329349518,0.9003624767065048,correct
dataset\Hyperspectral_normal_images\Hyperspectral_kidney_normal_0536.jpg,0,Normal,0,Normal,0.0001582162658451125,0.9998417837341549,correct
dataset\Hyperspectral_tumor_images\Hyperspectral_kidney_tumor_2056.jpg,1,Tumor,1,Tumor,0.9930867552757263,0.9930867552757263,correct
dataset\Hyperspectral_tumor_images\Hyperspectral_kidney_tumor_2251.jpg,1,Tumor,1,Tumor,0.9995102882385254,0.9995102882385254,correct
dataset\Hyperspectral_normal_images\Hyperspectral_kidney_normal_0327.jpg,0,Normal,0,Normal,0.0006096084252931178,0.9993903915747069,correct
dataset\Hyperspectral_tumor_images\Hyperspectral_kidney_tumor_4389.jpg,1,Tumor,1,Tumor,0.9999995231628418,0.9999995231628418,correct
dataset\Hyperspectral_tumor_images\Hyperspectral_kidney_tumor_1281.jpg,1,Tumor,1,Tumor,0.999077558517456,0.999077558517456,correct
dataset\Hyperspectral_normal_images\Hyperspectral_kidney_normal_3242.jpg,0,Normal,0,Normal,0.0029725302010774612,0.9970274697989225,correct
dataset\Hyperspectral_tumor_images\Hyperspectral_kidney_tumor_2323.jpg,1,Tumor,1,Tumor,0.9999922513961792,0.9999922513961792,correct
dataset\Hyperspectral_tumor_images\Hyperspectral_kidney_tumor_1549.jpg,1,Tumor,1,Tumor,0.9997844099998474,0.9997844099998474,correct
dataset\Hyperspectral_tumor_images\Hyperspectral_kidney_tumor_4692.jpg,1,Tumor,1,Tumor,0.9813184142112732,0.9813184142112732,correct
dataset\Hyperspectral_tumor_images\Hyperspectral_kidney_tumor_4413.jpg,1,Tumor,1,Tumor,0.9993847608566284,0.9993847608566284,correct
dataset\Hyperspectral_normal_images\Hyperspectral_kidney_normal_3522.jpg,0,Normal,0,Normal,0.0026714152190834284,0.9973285847809166,correct
dataset\Hyperspectral_tumor_images\Hyperspectral_kidney_tumor_3336.jpg,1,Tumor,1,Tumor,0.9999995231628418,0.9999995231628418,correct
dataset\Hyperspectral_normal_images\Hyperspectral_kidney_normal_4470.jpg,0,Normal,0,Normal,0.0002843902038875967,0.9997156097961124,correct
dataset\Hyperspectral_normal_images\Hyperspectral_kidney_normal_4335.jpg,0,Normal,0,Normal,5.916683585382998e-05,0.9999408331641462,correct
dataset\Hyperspectral_normal_images\Hyperspectral_kidney_normal_1786.jpg,0,Normal,0,Normal,0.0011458095395937562,0.9988541904604062,correct
dataset\Hyperspectral_normal_images\Hyperspectral_kidney_normal_1717.jpg,0,Normal,0,Normal,0.002531644655391574,0.9974683553446084,correct
dataset\Hyperspectral_normal_images\Hyperspectral_kidney_normal_3486.jpg,0,Normal,0,Normal,0.004496355541050434,0.9955036444589496,correct
dataset\Hyperspectral_tumor_images\Hyperspectral_kidney_tumor_4954.jpg,1,Tumor,1,Tumor,0.9807568788528442,0.9807568788528442,correct
dataset\Hyperspectral_normal_images\Hyperspectral_kidney_normal_0585.jpg,0,Normal,0,Normal,0.00011877890210598707,0.999881221097894,correct
dataset\Hyperspectral_tumor_images\Hyperspectral_kidney_tumor_1735.jpg,1,Tumor,1,Tumor,0.999996542930603,0.999996542930603,correct
dataset\Hyperspectral_normal_images\Hyperspectral_kidney_normal_2860.jpg,0,Normal,0,Normal,0.00022492813877761364,0.9997750718612224,correct
dataset\Hyperspectral_tumor_images\Hyperspectral_kidney_tumor_2827.jpg,1,Tumor,1,Tumor,0.9753888845443726,0.9753888845443726,correct
dataset\Hyperspectral_normal_images\Hyperspectral_kidney_normal_3459.jpg,0,Normal,0,Normal,0.041987307369709015,0.958012692630291,correct
dataset\Hyperspectral_normal_images\Hyperspectral_kidney_normal_4190.jpg,0,Normal,0,Normal,0.00011651788372546434,0.9998834821162745,correct
dataset\Hyperspectral_tumor_images\Hyperspectral_kidney_tumor_4199.jpg,1,Tumor,1,Tumor,0.9994902610778809,0.9994902610778809,correct
dataset\Hyperspectral_tumor_images\Hyperspectral_kidney_tumor_3348.jpg,1,Tumor,1,Tumor,0.9999985694885254,0.9999985694885254,correct
dataset\Hyperspectral_tumor_images\Hyperspectral_kidney_tumor_0638.jpg,1,Tumor,1,Tumor,0.9999309778213501,0.9999309778213501,correct
dataset\Hyperspectral_tumor_images\Hyperspectral_kidney_tumor_1025.jpg,1,Tumor,1,Tumor,0.9995304346084595,0.9995304346084595,correct
dataset\Hyperspectral_tumor_images\Hyperspectral_kidney_tumor_2513.jpg,1,Tumor,1,Tumor,0.9963101744651794,0.9963101744651794,correct
dataset\Hyperspectral_normal_images\Hyperspectral_kidney_normal_4536.jpg,0,Normal,0,Normal,2.381047852395568e-05,0.999976189521476,correct
dataset\Hyperspectral_normal_images\Hyperspectral_kidney_normal_4365.jpg,0,Normal,0,Normal,3.869293141178787e-05,0.9999613070685882,correct
dataset\Hyperspectral_normal_images\Hyperspectral_kidney_normal_3470.jpg,0,Normal,0,Normal,0.014550921507179737,0.9854490784928203,correct
dataset\Hyperspectral_tumor_images\Hyperspectral_kidney_tumor_3987.jpg,1,Tumor,1,Tumor,0.9999616146087646,0.9999616146087646,correct
dataset\Hyperspectral_tumor_images\Hyperspectral_kidney_tumor_4497.jpg,1,Tumor,1,Tumor,0.9999877214431763,0.9999877214431763,correct
dataset\Hyperspectral_normal_images\Hyperspectral_kidney_normal_4510.jpg,0,Normal,0,Normal,2.5635166821302846e-05,0.9999743648331787,correct
dataset\Hyperspectral_tumor_images\Hyperspectral_kidney_tumor_1507.jpg,1,Tumor,1,Tumor,0.9918319582939148,0.9918319582939148,correct
dataset\Hyperspectral_normal_images\Hyperspectral_kidney_normal_3715.jpg,0,Normal,0,Normal,0.1338716298341751,0.8661283701658249,correct
dataset\Hyperspectral_tumor_images\Hyperspectral_kidney_tumor_2584.jpg,1,Tumor,1,Tumor,0.9986587762832642,0.9986587762832642,correct
dataset\Hyperspectral_normal_images\Hyperspectral_kidney_normal_0939.jpg,0,Normal,0,Normal,0.000692223955411464,0.9993077760445885,correct
dataset\Hyperspectral_tumor_images\Hyperspectral_kidney_tumor_1084.jpg,1,Tumor,1,Tumor,0.9999375343322754,0.9999375343322754,correct
dataset\Hyperspectral_normal_images\Hyperspectral_kidney_normal_1629.jpg,0,Normal,0,Normal,1.5042469385662116e-05,0.9999849575306143,correct
dataset\Hyperspectral_tumor_images\Hyperspectral_kidney_tumor_4460.jpg,1,Tumor,1,Tumor,0.9996768236160278,0.9996768236160278,correct
dataset\Hyperspectral_normal_images\Hyperspectral_kidney_normal_2722.jpg,0,Normal,0,Normal,0.07113408297300339,0.9288659170269966,correct
dataset\Hyperspectral_normal_images\Hyperspectral_kidney_normal_2445.jpg,0,Normal,0,Normal,0.0039625149220228195,0.9960374850779772,correct
dataset\Hyperspectral_normal_images\Hyperspectral_kidney_normal_4410.jpg,0,Normal,0,Normal,1.586214239068795e-05,0.9999841378576093,correct
dataset\Hyperspectral_tumor_images\Hyperspectral_kidney_tumor_2129.jpg,1,Tumor,1,Tumor,0.9980316758155823,0.9980316758155823,correct
dataset\Hyperspectral_tumor_images\Hyperspectral_kidney_tumor_1187.jpg,1,Tumor,1,Tumor,0.9999860525131226,0.9999860525131226,correct
dataset\Hyperspectral_tumor_images\Hyperspectral_kidney_tumor_2993.jpg,1,Tumor,1,Tumor,0.999984860420227,0.999984860420227,correct
dataset\Hyperspectral_normal_images\Hyperspectral_kidney_normal_1695.jpg,0,Normal,0,Normal,0.003475771751254797,0.9965242282487452,correct
dataset\Hyperspectral_normal_images\Hyperspectral_kidney_normal_2932.jpg,0,Normal,0,Normal,6.578686588909477e-05,0.9999342131341109,correct
dataset\Hyperspectral_normal_images\Hyperspectral_kidney_normal_0889.jpg,0,Normal,0,Normal,0.0061680530197918415,0.9938319469802082,correct
dataset\Hyperspectral_tumor_images\Hyperspectral_kidney_tumor_2996.jpg,1,Tumor,1,Tumor,0.9999990463256836,0.9999990463256836,correct
dataset\Hyperspectral_tumor_images\Hyperspectral_kidney_tumor_2135.jpg,1,Tumor,1,Tumor,0.9975965619087219,0.9975965619087219,correct
dataset\Hyperspectral_normal_images\Hyperspectral_kidney_normal_0765.jpg,0,Normal,0,Normal,0.01902914047241211,0.9809708595275879,correct
dataset\Hyperspectral_normal_images\Hyperspectral_kidney_normal_2026.jpg,0,Normal,0,Normal,0.008847529999911785,0.9911524700000882,correct
dataset\Hyperspectral_normal_images\Hyperspectral_kidney_normal_4021.jpg,0,Normal,0,Normal,0.00042697624303400517,0.999573023756966,correct
dataset\Hyperspectral_tumor_images\Hyperspectral_kidney_tumor_3950.jpg,1,Tumor,1,Tumor,0.9999974966049194,0.9999974966049194,correct
dataset\Hyperspectral_normal_images\Hyperspectral_kidney_normal_3195.jpg,0,Normal,0,Normal,0.00023856080952100456,0.999761439190479,correct
dataset\Hyperspectral_normal_images\Hyperspectral_kidney_normal_3783.jpg,0,Normal,0,Normal,0.00013691525964532048,0.9998630847403547,correct
dataset\Hyperspectral_normal_images\Hyperspectral_kidney_normal_4892.jpg,0,Normal,0,Normal,0.0003288274456281215,0.9996711725543719,correct
dataset\Hyperspectral_normal_images\Hyperspectral_kidney_normal_2809.jpg,0,Normal,0,Normal,0.0020940087269991636,0.9979059912730008,correct
dataset\Hyperspectral_normal_images\Hyperspectral_kidney_normal_2037.jpg,0,Normal,0,Normal,0.011319441720843315,0.9886805582791567,correct
dataset\Hyperspectral_tumor_images\Hyperspectral_kidney_tumor_0559.jpg,1,Tumor,1,Tumor,0.994761049747467,0.994761049747467,correct
dataset\Hyperspectral_tumor_images\Hyperspectral_kidney_tumor_1817.jpg,1,Tumor,1,Tumor,0.9999246597290039,0.9999246597290039,correct
dataset\Hyperspectral_tumor_images\Hyperspectral_kidney_tumor_3981.jpg,1,Tumor,1,Tumor,0.9996023774147034,0.9996023774147034,correct
dataset\Hyperspectral_normal_images\Hyperspectral_kidney_normal_1827.jpg,0,Normal,0,Normal,0.0005776618490926921,0.9994223381509073,correct
dataset\Hyperspectral_normal_images\Hyperspectral_kidney_normal_1037.jpg,0,Normal,0,Normal,0.0010525244288146496,0.9989474755711854,correct
dataset\Hyperspectral_normal_images\Hyperspectral_kidney_normal_1305.jpg,0,Normal,0,Normal,6.090479928388959e-06,0.9999939095200716,correct
dataset\Hyperspectral_normal_images\Hyperspectral_kidney_normal_3466.jpg,0,Normal,0,Normal,0.04197842627763748,0.9580215737223625,correct
dataset\Hyperspectral_normal_images\Hyperspectral_kidney_normal_3908.jpg,0,Normal,0,Normal,0.035627227276563644,0.9643727727234364,correct
dataset\Hyperspectral_normal_images\Hyperspectral_kidney_normal_4003.jpg,0,Normal,0,Normal,0.0010481446515768766,0.9989518553484231,correct
dataset\Hyperspectral_normal_images\Hyperspectral_kidney_normal_2903.jpg,0,Normal,0,Normal,7.804707274772227e-05,0.9999219529272523,correct
dataset\Hyperspectral_normal_images\Hyperspectral_kidney_normal_3725.jpg,0,Normal,0,Normal,6.096250217524357e-05,0.9999390374978248,correct
dataset\Hyperspectral_normal_images\Hyperspectral_kidney_normal_2501.jpg,0,Normal,0,Normal,0.0072806538082659245,0.9927193461917341,correct
dataset\Hyperspectral_normal_images\Hyperspectral_kidney_normal_0255.jpg,0,Normal,0,Normal,0.20956701040267944,0.7904329895973206,correct
dataset\Hyperspectral_tumor_images\Hyperspectral_kidney_tumor_4778.jpg,1,Tumor,1,Tumor,0.9998630285263062,0.9998630285263062,correct
dataset\Hyperspectral_normal_images\Hyperspectral_kidney_normal_1867.jpg,0,Normal,0,Normal,0.00040981234633363783,0.9995901876536664,correct
dataset\Hyperspectral_normal_images\Hyperspectral_kidney_normal_0236.jpg,0,Normal,0,Normal,3.890086645697011e-06,0.9999961099133543,correct
dataset\Hyperspectral_normal_images\Hyperspectral_kidney_normal_4730.jpg,0,Normal,0,Normal,0.0003114737046416849,0.9996885262953583,correct
dataset\Hyperspectral_tumor_images\Hyperspectral_kidney_tumor_2706.jpg,1,Tumor,1,Tumor,0.998846173286438,0.998846173286438,correct
dataset\Hyperspectral_normal_images\Hyperspectral_kidney_normal_4043.jpg,0,Normal,0,Normal,0.0003579232143238187,0.9996420767856762,correct
dataset\Hyperspectral_normal_images\Hyperspectral_kidney_normal_3433.jpg,0,Normal,0,Normal,0.00033125083427876234,0.9996687491657212,correct
dataset\Hyperspectral_normal_images\Hyperspectral_kidney_normal_4855.jpg,0,Normal,0,Normal,0.00020777827012352645,0.9997922217298765,correct
dataset\Hyperspectral_normal_images\Hyperspectral_kidney_normal_3829.jpg,0,Normal,0,Normal,8.832136518321931e-05,0.9999116786348168,correct
dataset\Hyperspectral_normal_images\Hyperspectral_kidney_normal_2033.jpg,0,Normal,0,Normal,0.005547995679080486,0.9944520043209195,correct
dataset\Hyperspectral_tumor_images\Hyperspectral_kidney_tumor_2296.jpg,1,Tumor,1,Tumor,0.9965620636940002,0.9965620636940002,correct
dataset\Hyperspectral_normal_images\Hyperspectral_kidney_normal_1470.jpg,0,Normal,0,Normal,0.04408758506178856,0.9559124149382114,correct
dataset\Hyperspectral_tumor_images\Hyperspectral_kidney_tumor_4155.jpg,1,Tumor,1,Tumor,0.9999270439147949,0.9999270439147949,correct
dataset\Hyperspectral_tumor_images\Hyperspectral_kidney_tumor_0712.jpg,1,Tumor,1,Tumor,0.9989566802978516,0.9989566802978516,correct
dataset\Hyperspectral_tumor_images\Hyperspectral_kidney_tumor_3775.jpg,1,Tumor,1,Tumor,0.994941771030426,0.994941771030426,correct
dataset\Hyperspectral_tumor_images\Hyperspectral_kidney_tumor_3573.jpg,1,Tumor,1,Tumor,0.9987056255340576,0.9987056255340576,correct
dataset\Hyperspectral_normal_images\Hyperspectral_kidney_normal_1570.jpg,0,Normal,0,Normal,1.8835482478607446e-05,0.9999811645175214,correct
dataset\Hyperspectral_normal_images\Hyperspectral_kidney_normal_4120.jpg,0,Normal,0,Normal,8.011313911993057e-05,0.9999198868608801,correct
dataset\Hyperspectral_tumor_images\Hyperspectral_kidney_tumor_1465.jpg,1,Tumor,1,Tumor,0.9977309107780457,0.9977309107780457,correct
dataset\Hyperspectral_tumor_images\Hyperspectral_kidney_tumor_1830.jpg,1,Tumor,1,Tumor,0.9998801946640015,0.9998801946640015,correct
dataset\Hyperspectral_normal_images\Hyperspectral_kidney_normal_0872.jpg,0,Normal,0,Normal,0.005075548775494099,0.9949244512245059,correct
dataset\Hyperspectral_normal_images\Hyperspectral_kidney_normal_4932.jpg,0,Normal,0,Normal,0.0005986562464386225,0.9994013437535614,correct
dataset\Hyperspectral_normal_images\Hyperspectral_kidney_normal_0326.jpg,0,Normal,0,Normal,0.0004979948862455785,0.9995020051137544,correct
dataset\Hyperspectral_tumor_images\Hyperspectral_kidney_tumor_2061.jpg,1,Tumor,1,Tumor,0.9990803003311157,0.9990803003311157,correct
dataset\Hyperspectral_tumor_images\Hyperspectral_kidney_tumor_3990.jpg,1,Tumor,1,Tumor,0.9989702701568604,0.9989702701568604,correct
dataset\Hyperspectral_tumor_images\Hyperspectral_kidney_tumor_1826.jpg,1,Tumor,1,Tumor,0.9943456053733826,0.9943456053733826,correct
dataset\Hyperspectral_tumor_images\Hyperspectral_kidney_tumor_1809.jpg,1,Tumor,1,Tumor,0.9996280670166016,0.9996280670166016,correct
dataset\Hyperspectral_normal_images\Hyperspectral_kidney_normal_1829.jpg,0,Normal,0,Normal,0.0007467260002158582,0.9992532739997841,correct
dataset\Hyperspectral_normal_images\Hyperspectral_kidney_normal_0698.jpg,0,Normal,0,Normal,0.0055848113261163235,0.9944151886738837,correct
dataset\Hyperspectral_normal_images\Hyperspectral_kidney_normal_0835.jpg,0,Normal,0,Normal,0.014461573213338852,0.9855384267866611,correct
dataset\Hyperspectral_tumor_images\Hyperspectral_kidney_tumor_3447.jpg,1,Tumor,1,Tumor,0.997241735458374,0.997241735458374,correct
dataset\Hyperspectral_normal_images\Hyperspectral_kidney_normal_2264.jpg,0,Normal,0,Normal,0.0016883258940652013,0.9983116741059348,correct
dataset\Hyperspectral_normal_images\Hyperspectral_kidney_normal_1969.jpg,0,Normal,0,Normal,0.0038156104274094105,0.9961843895725906,correct
dataset\Hyperspectral_tumor_images\Hyperspectral_kidney_tumor_2505.jpg,1,Tumor,1,Tumor,0.9995706677436829,0.9995706677436829,correct
dataset\Hyperspectral_tumor_images\Hyperspectral_kidney_tumor_4122.jpg,1,Tumor,1,Tumor,0.9980260133743286,0.9980260133743286,correct
dataset\Hyperspectral_tumor_images\Hyperspectral_kidney_tumor_2910.jpg,1,Tumor,1,Tumor,0.9998419284820557,0.9998419284820557,correct
dataset\Hyperspectral_tumor_images\Hyperspectral_kidney_tumor_2926.jpg,1,Tumor,1,Tumor,0.9984221458435059,0.9984221458435059,correct
dataset\Hyperspectral_tumor_images\Hyperspectral_kidney_tumor_3325.jpg,1,Tumor,1,Tumor,0.9998090863227844,0.9998090863227844,correct
dataset\Hyperspectral_tumor_images\Hyperspectral_kidney_tumor_1372.jpg,1,Tumor,1,Tumor,0.9998683929443359,0.9998683929443359,correct
dataset\Hyperspectral_tumor_images\Hyperspectral_kidney_tumor_2817.jpg,1,Tumor,1,Tumor,0.9975960850715637,0.9975960850715637,correct
dataset\Hyperspectral_normal_images\Hyperspectral_kidney_normal_2711.jpg,0,Normal,0,Normal,0.00014552123320754617,0.9998544787667925,correct
dataset\Hyperspectral_normal_images\Hyperspectral_kidney_normal_1086.jpg,0,Normal,0,Normal,0.0005041854456067085,0.9994958145543933,correct
dataset\Hyperspectral_normal_images\Hyperspectral_kidney_normal_1734.jpg,0,Normal,0,Normal,0.0002904509019572288,0.9997095490980428,correct
dataset\Hyperspectral_tumor_images\Hyperspectral_kidney_tumor_4710.jpg,1,Tumor,1,Tumor,0.9982284903526306,0.9982284903526306,correct
dataset\Hyperspectral_tumor_images\Hyperspectral_kidney_tumor_4948.jpg,1,Tumor,1,Tumor,0.9949705004692078,0.9949705004692078,correct
dataset\Hyperspectral_tumor_images\Hyperspectral_kidney_tumor_2713.jpg,1,Tumor,1,Tumor,0.999995231628418,0.999995231628418,correct
dataset\Hyperspectral_normal_images\Hyperspectral_kidney_normal_3512.jpg,0,Normal,0,Normal,0.0009673011372797191,0.9990326988627203,correct
dataset\Hyperspectral_normal_images\Hyperspectral_kidney_normal_0597.jpg,0,Normal,0,Normal,8.47069313749671e-05,0.999915293068625,correct
dataset\Hyperspectral_tumor_images\Hyperspectral_kidney_tumor_2566.jpg,1,Tumor,1,Tumor,0.9998904466629028,0.9998904466629028,correct
dataset\Hyperspectral_normal_images\Hyperspectral_kidney_normal_3961.jpg,0,Normal,0,Normal,0.0317687951028347,0.9682312048971653,correct
dataset\Hyperspectral_normal_images\Hyperspectral_kidney_normal_2330.jpg,0,Normal,0,Normal,0.0006999658653512597,0.9993000341346487,correct
dataset\Hyperspectral_normal_images\Hyperspectral_kidney_normal_2337.jpg,0,Normal,0,Normal,0.00030427833553403616,0.999695721664466,correct
dataset\Hyperspectral_tumor_images\Hyperspectral_kidney_tumor_4408.jpg,1,Tumor,1,Tumor,0.9989047050476074,0.9989047050476074,correct
dataset\Hyperspectral_tumor_images\Hyperspectral_kidney_tumor_4210.jpg,1,Tumor,1,Tumor,0.9934937357902527,0.9934937357902527,correct
dataset\Hyperspectral_tumor_images\Hyperspectral_kidney_tumor_1373.jpg,1,Tumor,1,Tumor,0.9723799228668213,0.9723799228668213,correct
dataset\Hyperspectral_normal_images\Hyperspectral_kidney_normal_1747.jpg,0,Normal,0,Normal,0.000490949081722647,0.9995090509182774,correct
dataset\Hyperspectral_normal_images\Hyperspectral_kidney_normal_2069.jpg,0,Normal,0,Normal,0.0009497951832599938,0.99905020481674,correct
dataset\Hyperspectral_tumor_images\Hyperspectral_kidney_tumor_1721.jpg,1,Tumor,1,Tumor,0.9999092817306519,0.9999092817306519,correct
dataset\Hyperspectral_normal_images\Hyperspectral_kidney_normal_0582.jpg,0,Normal,0,Normal,0.00013838110317010432,0.9998616188968299,correct
dataset\Hyperspectral_tumor_images\Hyperspectral_kidney_tumor_4117.jpg,1,Tumor,1,Tumor,0.9981168508529663,0.9981168508529663,correct
dataset\Hyperspectral_tumor_images\Hyperspectral_kidney_tumor_4139.jpg,1,Tumor,1,Tumor,0.9985350370407104,0.9985350370407104,correct
dataset\Hyperspectral_normal_images\Hyperspectral_kidney_normal_2554.jpg,0,Normal,0,Normal,0.007046788930892944,0.9929532110691071,correct
dataset\Hyperspectral_tumor_images\Hyperspectral_kidney_tumor_1879.jpg,1,Tumor,1,Tumor,0.999810516834259,0.999810516834259,correct
dataset\Hyperspectral_tumor_images\Hyperspectral_kidney_tumor_1430.jpg,1,Tumor,1,Tumor,0.9998573064804077,0.9998573064804077,correct
dataset\Hyperspectral_normal_images\Hyperspectral_kidney_normal_4897.jpg,0,Normal,0,Normal,0.00028629726148210466,0.9997137027385179,correct
dataset\Hyperspectral_tumor_images\Hyperspectral_kidney_tumor_0256.jpg,1,Tumor,1,Tumor,0.9988526105880737,0.9988526105880737,correct
dataset\Hyperspectral_tumor_images\Hyperspectral_kidney_tumor_2625.jpg,1,Tumor,1,Tumor,0.9976288676261902,0.9976288676261902,correct
dataset\Hyperspectral_tumor_images\Hyperspectral_kidney_tumor_2592.jpg,1,Tumor,1,Tumor,0.9950377345085144,0.9950377345085144,correct
dataset\Hyperspectral_normal_images\Hyperspectral_kidney_normal_0661.jpg,0,Normal,0,Normal,0.021850837394595146,0.9781491626054049,correct
dataset\Hyperspectral_normal_images\Hyperspectral_kidney_normal_1962.jpg,0,Normal,0,Normal,0.006453077774494886,0.9935469222255051,correct
dataset\Hyperspectral_tumor_images\Hyperspectral_kidney_tumor_2458.jpg,1,Tumor,1,Tumor,0.997718095779419,0.997718095779419,correct
dataset\Hyperspectral_tumor_images\Hyperspectral_kidney_tumor_1806.jpg,1,Tumor,1,Tumor,0.9997655749320984,0.9997655749320984,correct
dataset\Hyperspectral_normal_images\Hyperspectral_kidney_normal_2158.jpg,0,Normal,0,Normal,0.058282893151044846,0.9417171068489552,correct
dataset\Hyperspectral_tumor_images\Hyperspectral_kidney_tumor_4481.jpg,1,Tumor,1,Tumor,0.999976396560669,0.999976396560669,correct
dataset\Hyperspectral_normal_images\Hyperspectral_kidney_normal_3759.jpg,0,Normal,0,Normal,0.00023850145225878805,0.9997614985477412,correct
dataset\Hyperspectral_tumor_images\Hyperspectral_kidney_tumor_2347.jpg,1,Tumor,1,Tumor,0.9879436492919922,0.9879436492919922,correct
dataset\Hyperspectral_normal_images\Hyperspectral_kidney_normal_1511.jpg,0,Normal,0,Normal,2.9200831704656594e-05,0.9999707991682953,correct
dataset\Hyperspectral_normal_images\Hyperspectral_kidney_normal_4334.jpg,0,Normal,0,Normal,5.924407014390454e-05,0.9999407559298561,correct
dataset\Hyperspectral_normal_images\Hyperspectral_kidney_normal_0059.jpg,0,Normal,0,Normal,0.0003953591804020107,0.999604640819598,correct
dataset\Hyperspectral_normal_images\Hyperspectral_kidney_normal_3977.jpg,0,Normal,0,Normal,0.007805342320352793,0.9921946576796472,correct
dataset\Hyperspectral_tumor_images\Hyperspectral_kidney_tumor_3741.jpg,1,Tumor,1,Tumor,0.9998840093612671,0.9998840093612671,correct
dataset\Hyperspectral_normal_images\Hyperspectral_kidney_normal_0084.jpg,0,Normal,0,Normal,0.0003555174043867737,0.9996444825956132,correct
dataset\Hyperspectral_tumor_images\Hyperspectral_kidney_tumor_1382.jpg,1,Tumor,1,Tumor,0.9989514350891113,0.9989514350891113,correct
dataset\Hyperspectral_tumor_images\Hyperspectral_kidney_tumor_4767.jpg,1,Tumor,1,Tumor,0.9995304346084595,0.9995304346084595,correct
dataset\Hyperspectral_normal_images\Hyperspectral_kidney_normal_3437.jpg,0,Normal,0,Normal,0.17630426585674286,0.8236957341432571,correct
dataset\Hyperspectral_tumor_images\Hyperspectral_kidney_tumor_1798.jpg,1,Tumor,1,Tumor,0.997309684753418,0.997309684753418,correct
dataset\Hyperspectral_tumor_images\Hyperspectral_kidney_tumor_4268.jpg,1,Tumor,1,Tumor,0.9937471151351929,0.9937471151351929,correct
dataset\Hyperspectral_normal_images\Hyperspectral_kidney_normal_3033.jpg,0,Normal,0,Normal,9.502402826910838e-05,0.9999049759717309,correct
dataset\Hyperspectral_normal_images\Hyperspectral_kidney_normal_2250.jpg,0,Normal,0,Normal,0.0007921815849840641,0.9992078184150159,correct
dataset\Hyperspectral_tumor_images\Hyperspectral_kidney_tumor_3649.jpg,1,Tumor,1,Tumor,0.9999955892562866,0.9999955892562866,correct
dataset\Hyperspectral_tumor_images\Hyperspectral_kidney_tumor_3949.jpg,1,Tumor,1,Tumor,0.9961755275726318,0.9961755275726318,correct
dataset\Hyperspectral_normal_images\Hyperspectral_kidney_normal_2758.jpg,0,Normal,0,Normal,0.070227712392807,0.929772287607193,correct
dataset\Hyperspectral_normal_images\Hyperspectral_kidney_normal_4541.jpg,0,Normal,0,Normal,1.616777080926113e-05,0.9999838322291907,correct
dataset\Hyperspectral_tumor_images\Hyperspectral_kidney_tumor_1820.jpg,1,Tumor,1,Tumor,0.999984860420227,0.999984860420227,correct
dataset\Hyperspectral_normal_images\Hyperspectral_kidney_normal_4784.jpg,0,Normal,0,Normal,0.0009759035310707986,0.9990240964689292,correct
dataset\Hyperspectral_tumor_images\Hyperspectral_kidney_tumor_3566.jpg,1,Tumor,1,Tumor,0.9998472929000854,0.9998472929000854,correct
dataset\Hyperspectral_tumor_images\Hyperspectral_kidney_tumor_4688.jpg,1,Tumor,1,Tumor,0.9997015595436096,0.9997015595436096,correct
dataset\Hyperspectral_normal_images\Hyperspectral_kidney_normal_3687.jpg,0,Normal,1,Tumor,0.5593622326850891,0.5593622326850891,false_positive
dataset\Hyperspectral_tumor_images\Hyperspectral_kidney_tumor_1101.jpg,1,Tumor,1,Tumor,0.9998807907104492,0.9998807907104492,correct
dataset\Hyperspectral_normal_images\Hyperspectral_kidney_normal_1877.jpg,0,Normal,0,Normal,0.006754023488610983,0.993245976511389,correct
dataset\Hyperspectral_tumor_images\Hyperspectral_kidney_tumor_4648.jpg,1,Tumor,1,Tumor,0.9998761415481567,0.9998761415481567,correct
dataset\Hyperspectral_normal_images\Hyperspectral_kidney_normal_4817.jpg,0,Normal,0,Normal,0.00024387353914789855,0.9997561264608521,correct
dataset\Hyperspectral_tumor_images\Hyperspectral_kidney_tumor_3951.jpg,1,Tumor,1,Tumor,0.9958372116088867,0.9958372116088867,correct
dataset\Hyperspectral_tumor_images\Hyperspectral_kidney_tumor_4392.jpg,1,Tumor,1,Tumor,0.9999805688858032,0.9999805688858032,correct
dataset\Hyperspectral_tumor_images\Hyperspectral_kidney_tumor_3264.jpg,1,Tumor,1,Tumor,0.9999450445175171,0.9999450445175171,correct
dataset\Hyperspectral_tumor_images\Hyperspectral_kidney_tumor_1107.jpg,1,Tumor,1,Tumor,0.9997599720954895,0.9997599720954895,correct
dataset\Hyperspectral_tumor_images\Hyperspectral_kidney_tumor_4618.jpg,1,Tumor,1,Tumor,0.9994927644729614,0.9994927644729614,correct
dataset\Hyperspectral_tumor_images\Hyperspectral_kidney_tumor_4520.jpg,1,Tumor,1,Tumor,0.9998869895935059,0.9998869895935059,correct
dataset\Hyperspectral_normal_images\Hyperspectral_kidney_normal_4399.jpg,0,Normal,0,Normal,2.1221403585514054e-05,0.9999787785964145,correct
dataset\Hyperspectral_tumor_images\Hyperspectral_kidney_tumor_4599.jpg,1,Tumor,1,Tumor,0.9998199343681335,0.9998199343681335,correct
dataset\Hyperspectral_normal_images\Hyperspectral_kidney_normal_0245.jpg,0,Normal,1,Tumor,0.6512331366539001,0.6512331366539001,false_positive
dataset\Hyperspectral_normal_images\Hyperspectral_kidney_normal_2431.jpg,0,Normal,0,Normal,0.004775607492774725,0.9952243925072253,correct
dataset\Hyperspectral_normal_images\Hyperspectral_kidney_normal_2411.jpg,0,Normal,0,Normal,0.00013440553448162973,0.9998655944655184,correct
dataset\Hyperspectral_normal_images\Hyperspectral_kidney_normal_1797.jpg,0,Normal,0,Normal,0.0007579394732601941,0.9992420605267398,correct
dataset\Hyperspectral_normal_images\Hyperspectral_kidney_normal_4419.jpg,0,Normal,0,Normal,1.3001497791265137e-05,0.9999869985022087,correct
dataset\Hyperspectral_normal_images\Hyperspectral_kidney_normal_4877.jpg,0,Normal,0,Normal,0.00026056752540171146,0.9997394324745983,correct
dataset\Hyperspectral_normal_images\Hyperspectral_kidney_normal_3609.jpg,0,Normal,0,Normal,0.00019429318490438163,0.9998057068150956,correct
dataset\Hyperspectral_tumor_images\Hyperspectral_kidney_tumor_2348.jpg,1,Tumor,1,Tumor,0.9997304081916809,0.9997304081916809,correct
dataset\Hyperspectral_tumor_images\Hyperspectral_kidney_tumor_1607.jpg,1,Tumor,1,Tumor,0.9875420928001404,0.9875420928001404,correct
dataset\Hyperspectral_normal_images\Hyperspectral_kidney_normal_0980.jpg,0,Normal,0,Normal,0.30992236733436584,0.6900776326656342,correct
dataset\Hyperspectral_normal_images\Hyperspectral_kidney_normal_1927.jpg,0,Normal,0,Normal,0.0031630010344088078,0.9968369989655912,correct
dataset\Hyperspectral_tumor_images\Hyperspectral_kidney_tumor_3229.jpg,1,Tumor,1,Tumor,0.9977601766586304,0.9977601766586304,correct
dataset\Hyperspectral_normal_images\Hyperspectral_kidney_normal_3445.jpg,0,Normal,0,Normal,0.07976683974266052,0.9202331602573395,correct
dataset\Hyperspectral_normal_images\Hyperspectral_kidney_normal_1805.jpg,0,Normal,0,Normal,0.0015769199235364795,0.9984230800764635,correct
dataset\Hyperspectral_tumor_images\Hyperspectral_kidney_tumor_3238.jpg,1,Tumor,1,Tumor,0.9999423027038574,0.9999423027038574,correct
dataset\Hyperspectral_tumor_images\Hyperspectral_kidney_tumor_3158.jpg,1,Tumor,1,Tumor,0.9999997615814209,0.9999997615814209,correct
dataset\Hyperspectral_tumor_images\Hyperspectral_kidney_tumor_2811.jpg,1,Tumor,1,Tumor,0.9874368906021118,0.9874368906021118,correct
dataset\Hyperspectral_tumor_images\Hyperspectral_kidney_tumor_1371.jpg,1,Tumor,1,Tumor,0.9999897480010986,0.9999897480010986,correct
dataset\Hyperspectral_normal_images\Hyperspectral_kidney_normal_3191.jpg,0,Normal,0,Normal,0.00012952690303791314,0.9998704730969621,correct
dataset\Hyperspectral_normal_images\Hyperspectral_kidney_normal_4533.jpg,0,Normal,0,Normal,4.077954145031981e-05,0.9999592204585497,correct
dataset\Hyperspectral_tumor_images\Hyperspectral_kidney_tumor_3314.jpg,1,Tumor,1,Tumor,0.9999773502349854,0.9999773502349854,correct
dataset\Hyperspectral_normal_images\Hyperspectral_kidney_normal_1324.jpg,0,Normal,0,Normal,0.0017876217607408762,0.9982123782392591,correct
dataset\Hyperspectral_normal_images\Hyperspectral_kidney_normal_1991.jpg,0,Normal,0,Normal,0.017035646364092827,0.9829643536359072,correct
dataset\Hyperspectral_tumor_images\Hyperspectral_kidney_tumor_1743.jpg,1,Tumor,1,Tumor,0.9993135929107666,0.9993135929107666,correct
dataset\Hyperspectral_tumor_images\Hyperspectral_kidney_tumor_3567.jpg,1,Tumor,1,Tumor,0.9942996501922607,0.9942996501922607,correct
dataset\Hyperspectral_normal_images\Hyperspectral_kidney_normal_3877.jpg,0,Normal,0,Normal,0.14626668393611908,0.8537333160638809,correct
dataset\Hyperspectral_tumor_images\Hyperspectral_kidney_tumor_2411.jpg,1,Tumor,1,Tumor,0.9999754428863525,0.9999754428863525,correct
dataset\Hyperspectral_tumor_images\Hyperspectral_kidney_tumor_2375.jpg,1,Tumor,1,Tumor,0.9998149275779724,0.9998149275779724,correct
dataset\Hyperspectral_normal_images\Hyperspectral_kidney_normal_1576.jpg,0,Normal,0,Normal,1.7913716874318197e-05,0.9999820862831257,correct
dataset\Hyperspectral_tumor_images\Hyperspectral_kidney_tumor_0940.jpg,1,Tumor,1,Tumor,0.9996623992919922,0.9996623992919922,correct
dataset\Hyperspectral_normal_images\Hyperspectral_kidney_normal_0205.jpg,0,Normal,0,Normal,0.001477185869589448,0.9985228141304106,correct
dataset\Hyperspectral_normal_images\Hyperspectral_kidney_normal_1236.jpg,0,Normal,0,Normal,0.01036425307393074,0.9896357469260693,correct
dataset\Hyperspectral_normal_images\Hyperspectral_kidney_normal_3817.jpg,0,Normal,0,Normal,3.7549260014202446e-05,0.9999624507399858,correct
dataset\Hyperspectral_normal_images\Hyperspectral_kidney_normal_0618.jpg,0,Normal,0,Normal,7.474337326129898e-05,0.9999252566267387,correct
dataset\Hyperspectral_tumor_images\Hyperspectral_kidney_tumor_4226.jpg,1,Tumor,1,Tumor,0.9982360601425171,0.9982360601425171,correct
dataset\Hyperspectral_normal_images\Hyperspectral_kidney_normal_3767.jpg,0,Normal,0,Normal,4.728669591713697e-05,0.9999527133040829,correct
dataset\Hyperspectral_tumor_images\Hyperspectral_kidney_tumor_3381.jpg,1,Tumor,1,Tumor,0.9985278844833374,0.9985278844833374,correct
dataset\Hyperspectral_tumor_images\Hyperspectral_kidney_tumor_0627.jpg,1,Tumor,1,Tumor,0.9999921321868896,0.9999921321868896,correct
dataset\Hyperspectral_normal_images\Hyperspectral_kidney_normal_0343.jpg,0,Normal,0,Normal,0.0004920962965115905,0.9995079037034884,correct
dataset\Hyperspectral_tumor_images\Hyperspectral_kidney_tumor_2998.jpg,1,Tumor,1,Tumor,0.999931812286377,0.999931812286377,correct
dataset\Hyperspectral_tumor_images\Hyperspectral_kidney_tumor_1425.jpg,1,Tumor,1,Tumor,0.9970747232437134,0.9970747232437134,correct
dataset\Hyperspectral_normal_images\Hyperspectral_kidney_normal_4465.jpg,0,Normal,0,Normal,0.00014292735431808978,0.9998570726456819,correct
dataset\Hyperspectral_normal_images\Hyperspectral_kidney_normal_1940.jpg,0,Normal,0,Normal,0.005065561272203922,0.9949344387277961,correct
dataset\Hyperspectral_normal_images\Hyperspectral_kidney_normal_3510.jpg,0,Normal,0,Normal,0.0005860128439962864,0.9994139871560037,correct
dataset\Hyperspectral_normal_images\Hyperspectral_kidney_normal_4029.jpg,0,Normal,0,Normal,0.0005127590848132968,0.9994872409151867,correct
dataset\Hyperspectral_tumor_images\Hyperspectral_kidney_tumor_1943.jpg,1,Tumor,1,Tumor,0.9999557733535767,0.9999557733535767,correct
dataset\Hyperspectral_normal_images\Hyperspectral_kidney_normal_2479.jpg,0,Normal,0,Normal,0.005426052957773209,0.9945739470422268,correct
dataset\Hyperspectral_tumor_images\Hyperspectral_kidney_tumor_4453.jpg,1,Tumor,1,Tumor,0.998633086681366,0.998633086681366,correct
dataset\Hyperspectral_normal_images\Hyperspectral_kidney_normal_0261.jpg,0,Normal,0,Normal,0.17666295170783997,0.82333704829216,correct
dataset\Hyperspectral_tumor_images\Hyperspectral_kidney_tumor_1748.jpg,1,Tumor,1,Tumor,0.9999929666519165,0.9999929666519165,correct
dataset\Hyperspectral_normal_images\Hyperspectral_kidney_normal_4911.jpg,0,Normal,0,Normal,0.0006998999160714447,0.9993001000839286,correct
dataset\Hyperspectral_normal_images\Hyperspectral_kidney_normal_0121.jpg,0,Normal,0,Normal,0.0006984449573792517,0.9993015550426207,correct
dataset\Hyperspectral_tumor_images\Hyperspectral_kidney_tumor_2808.jpg,1,Tumor,1,Tumor,0.9971784353256226,0.9971784353256226,correct
dataset\Hyperspectral_normal_images\Hyperspectral_kidney_normal_0896.jpg,0,Normal,0,Normal,0.0028281130362302065,0.9971718869637698,correct
dataset\Hyperspectral_normal_images\Hyperspectral_kidney_normal_3740.jpg,0,Normal,0,Normal,0.00012524612247943878,0.9998747538775206,correct
dataset\Hyperspectral_tumor_images\Hyperspectral_kidney_tumor_1727.jpg,1,Tumor,1,Tumor,0.9995711445808411,0.9995711445808411,correct
dataset\Hyperspectral_normal_images\Hyperspectral_kidney_normal_4774.jpg,0,Normal,0,Normal,0.00039364336407743394,0.9996063566359226,correct
dataset\Hyperspectral_tumor_images\Hyperspectral_kidney_tumor_0585.jpg,1,Tumor,1,Tumor,0.9999356269836426,0.9999356269836426,correct
dataset\Hyperspectral_tumor_images\Hyperspectral_kidney_tumor_4231.jpg,1,Tumor,1,Tumor,0.9987515211105347,0.9987515211105347,correct
dataset\Hyperspectral_tumor_images\Hyperspectral_kidney_tumor_1463.jpg,1,Tumor,1,Tumor,0.9998906850814819,0.9998906850814819,correct
dataset\Hyperspectral_normal_images\Hyperspectral_kidney_normal_0710.jpg,0,Normal,0,Normal,0.004937298595905304,0.9950627014040947,correct
dataset\Hyperspectral_normal_images\Hyperspectral_kidney_normal_0065.jpg,0,Normal,0,Normal,0.00020250040688551962,0.9997974995931145,correct
dataset\Hyperspectral_normal_images\Hyperspectral_kidney_normal_1209.jpg,0,Normal,1,Tumor,0.7341818809509277,0.7341818809509277,false_positive
dataset\Hyperspectral_tumor_images\Hyperspectral_kidney_tumor_1878.jpg,1,Tumor,1,Tumor,0.9998677968978882,0.9998677968978882,correct
dataset\Hyperspectral_normal_images\Hyperspectral_kidney_normal_0440.jpg,0,Normal,0,Normal,0.005407217890024185,0.9945927821099758,correct
dataset\Hyperspectral_tumor_images\Hyperspectral_kidney_tumor_4640.jpg,1,Tumor,1,Tumor,0.9974774718284607,0.9974774718284607,correct
dataset\Hyperspectral_tumor_images\Hyperspectral_kidney_tumor_0819.jpg,1,Tumor,1,Tumor,0.9981788396835327,0.9981788396835327,correct
dataset\Hyperspectral_tumor_images\Hyperspectral_kidney_tumor_2050.jpg,1,Tumor,1,Tumor,0.9984470009803772,0.9984470009803772,correct
dataset\Hyperspectral_normal_images\Hyperspectral_kidney_normal_3156.jpg,0,Normal,0,Normal,5.6425567890983075e-05,0.999943574432109,correct
dataset\Hyperspectral_tumor_images\Hyperspectral_kidney_tumor_1036.jpg,1,Tumor,1,Tumor,0.9999328851699829,0.9999328851699829,correct
dataset\Hyperspectral_normal_images\Hyperspectral_kidney_normal_3028.jpg,0,Normal,0,Normal,7.429059041896835e-05,0.999925709409581,correct
dataset\Hyperspectral_tumor_images\Hyperspectral_kidney_tumor_1997.jpg,1,Tumor,1,Tumor,0.9994382262229919,0.9994382262229919,correct
dataset\Hyperspectral_tumor_images\Hyperspectral_kidney_tumor_2711.jpg,1,Tumor,1,Tumor,0.999984860420227,0.999984860420227,correct
dataset\Hyperspectral_tumor_images\Hyperspectral_kidney_tumor_1630.jpg,1,Tumor,1,Tumor,0.992385745048523,0.992385745048523,correct
dataset\Hyperspectral_tumor_images\Hyperspectral_kidney_tumor_1618.jpg,1,Tumor,1,Tumor,0.9974920749664307,0.9974920749664307,correct
dataset\Hyperspectral_normal_images\Hyperspectral_kidney_normal_3435.jpg,0,Normal,0,Normal,0.0001097973799915053,0.9998902026200085,correct
dataset\Hyperspectral_tumor_images\Hyperspectral_kidney_tumor_1733.jpg,1,Tumor,1,Tumor,0.9998453855514526,0.9998453855514526,correct
dataset\Hyperspectral_tumor_images\Hyperspectral_kidney_tumor_3083.jpg,1,Tumor,1,Tumor,0.9994982481002808,0.9994982481002808,correct
dataset\Hyperspectral_tumor_images\Hyperspectral_kidney_tumor_0203.jpg,1,Tumor,1,Tumor,0.9990711212158203,0.9990711212158203,correct
dataset\Hyperspectral_normal_images\Hyperspectral_kidney_normal_3787.jpg,0,Normal,0,Normal,0.00016031114500947297,0.9998396888549905,correct
dataset\Hyperspectral_tumor_images\Hyperspectral_kidney_tumor_1468.jpg,1,Tumor,1,Tumor,0.999281108379364,0.999281108379364,correct
dataset\Hyperspectral_tumor_images\Hyperspectral_kidney_tumor_4786.jpg,1,Tumor,1,Tumor,0.9999953508377075,0.9999953508377075,correct
dataset\Hyperspectral_normal_images\Hyperspectral_kidney_normal_1807.jpg,0,Normal,0,Normal,0.0014988211914896965,0.9985011788085103,correct
dataset\Hyperspectral_tumor_images\Hyperspectral_kidney_tumor_1757.jpg,1,Tumor,1,Tumor,0.9999419450759888,0.9999419450759888,correct
dataset\Hyperspectral_tumor_images\Hyperspectral_kidney_tumor_0459.jpg,1,Tumor,1,Tumor,0.99969482421875,0.99969482421875,correct
dataset\Hyperspectral_tumor_images\Hyperspectral_kidney_tumor_1339.jpg,1,Tumor,1,Tumor,0.9597949385643005,0.9597949385643005,correct
dataset\Hyperspectral_tumor_images\Hyperspectral_kidney_tumor_1685.jpg,1,Tumor,1,Tumor,0.9995657801628113,0.9995657801628113,correct
dataset\Hyperspectral_tumor_images\Hyperspectral_kidney_tumor_0953.jpg,1,Tumor,1,Tumor,0.9989080429077148,0.9989080429077148,correct
dataset\Hyperspectral_normal_images\Hyperspectral_kidney_normal_1635.jpg,0,Normal,0,Normal,0.00015503157919738442,0.9998449684208026,correct
dataset\Hyperspectral_tumor_images\Hyperspectral_kidney_tumor_3473.jpg,1,Tumor,1,Tumor,0.999782145023346,0.999782145023346,correct
dataset\Hyperspectral_tumor_images\Hyperspectral_kidney_tumor_3050.jpg,1,Tumor,1,Tumor,0.9964780211448669,0.9964780211448669,correct
dataset\Hyperspectral_normal_images\Hyperspectral_kidney_normal_2280.jpg,0,Normal,0,Normal,0.0005761942593380809,0.9994238057406619,correct
dataset\Hyperspectral_normal_images\Hyperspectral_kidney_normal_4587.jpg,0,Normal,0,Normal,0.1439579725265503,0.8560420274734497,correct
dataset\Hyperspectral_normal_images\Hyperspectral_kidney_normal_2957.jpg,0,Normal,0,Normal,5.1807153795380145e-05,0.9999481928462046,correct
dataset\Hyperspectral_normal_images\Hyperspectral_kidney_normal_4563.jpg,0,Normal,0,Normal,1.0071415090351366e-05,0.9999899285849096,correct
dataset\Hyperspectral_tumor_images\Hyperspectral_kidney_tumor_3686.jpg,1,Tumor,1,Tumor,0.9733980298042297,0.9733980298042297,correct
dataset\Hyperspectral_normal_images\Hyperspectral_kidney_normal_3138.jpg,0,Normal,0,Normal,9.753164340509102e-05,0.9999024683565949,correct
dataset\Hyperspectral_tumor_images\Hyperspectral_kidney_tumor_0356.jpg,1,Tumor,1,Tumor,0.999975323677063,0.999975323677063,correct
dataset\Hyperspectral_normal_images\Hyperspectral_kidney_normal_2572.jpg,0,Normal,0,Normal,0.00013508934353012592,0.9998649106564699,correct
dataset\Hyperspectral_tumor_images\Hyperspectral_kidney_tumor_3456.jpg,1,Tumor,1,Tumor,0.9439578652381897,0.9439578652381897,correct
dataset\Hyperspectral_tumor_images\Hyperspectral_kidney_tumor_0301.jpg,1,Tumor,1,Tumor,0.9952915906906128,0.9952915906906128,correct
dataset\Hyperspectral_normal_images\Hyperspectral_kidney_normal_0525.jpg,0,Normal,0,Normal,7.729795470368117e-05,0.9999227020452963,correct
dataset\Hyperspectral_normal_images\Hyperspectral_kidney_normal_2278.jpg,0,Normal,0,Normal,0.0014586338074877858,0.9985413661925122,correct
dataset\Hyperspectral_tumor_images\Hyperspectral_kidney_tumor_3073.jpg,1,Tumor,1,Tumor,0.999458372592926,0.999458372592926,correct
dataset\Hyperspectral_tumor_images\Hyperspectral_kidney_tumor_4503.jpg,1,Tumor,1,Tumor,0.9999816417694092,0.9999816417694092,correct
dataset\Hyperspectral_normal_images\Hyperspectral_kidney_normal_1990.jpg,0,Normal,0,Normal,0.00035519013181328773,0.9996448098681867,correct
dataset\Hyperspectral_tumor_images\Hyperspectral_kidney_tumor_1226.jpg,1,Tumor,1,Tumor,0.9995524287223816,0.9995524287223816,correct
dataset\Hyperspectral_normal_images\Hyperspectral_kidney_normal_0077.jpg,0,Normal,0,Normal,2.2609216102864593e-05,0.9999773907838971,correct
dataset\Hyperspectral_normal_images\Hyperspectral_kidney_normal_2173.jpg,0,Normal,0,Normal,0.03170977905392647,0.9682902209460735,correct
dataset\Hyperspectral_normal_images\Hyperspectral_kidney_normal_1792.jpg,0,Normal,0,Normal,0.0010716898832470179,0.998928310116753,correct
dataset\Hyperspectral_tumor_images\Hyperspectral_kidney_tumor_0675.jpg,1,Tumor,1,Tumor,0.9987666606903076,0.9987666606903076,correct
dataset\Hyperspectral_normal_images\Hyperspectral_kidney_normal_0475.jpg,0,Normal,0,Normal,0.00020901596872135997,0.9997909840312786,correct
dataset\Hyperspectral_normal_images\Hyperspectral_kidney_normal_2832.jpg,0,Normal,0,Normal,0.00015840721607673913,0.9998415927839233,correct
dataset\Hyperspectral_normal_images\Hyperspectral_kidney_normal_4393.jpg,0,Normal,0,Normal,2.0931272956659086e-05,0.9999790687270433,correct
dataset\Hyperspectral_normal_images\Hyperspectral_kidney_normal_2877.jpg,0,Normal,0,Normal,7.254541560541838e-05,0.9999274545843946,correct
dataset\Hyperspectral_tumor_images\Hyperspectral_kidney_tumor_0844.jpg,1,Tumor,1,Tumor,0.9999619722366333,0.9999619722366333,correct
dataset\Hyperspectral_normal_images\Hyperspectral_kidney_normal_2351.jpg,0,Normal,0,Normal,0.00025136242038570344,0.9997486375796143,correct
dataset\Hyperspectral_normal_images\Hyperspectral_kidney_normal_1566.jpg,0,Normal,0,Normal,1.9941910068155266e-05,0.9999800580899318,correct
dataset\Hyperspectral_tumor_images\Hyperspectral_kidney_tumor_4369.jpg,1,Tumor,1,Tumor,0.9989966750144958,0.9989966750144958,correct
dataset\Hyperspectral_tumor_images\Hyperspectral_kidney_tumor_3122.jpg,1,Tumor,1,Tumor,0.9922029972076416,0.9922029972076416,correct
dataset\Hyperspectral_normal_images\Hyperspectral_kidney_normal_3075.jpg,0,Normal,0,Normal,0.0002666306390892714,0.9997333693609107,correct
dataset\Hyperspectral_normal_images\Hyperspectral_kidney_normal_4631.jpg,0,Normal,0,Normal,0.0382547564804554,0.9617452435195446,correct
dataset\Hyperspectral_tumor_images\Hyperspectral_kidney_tumor_4214.jpg,1,Tumor,1,Tumor,0.9984065890312195,0.9984065890312195,correct
dataset\Hyperspectral_tumor_images\Hyperspectral_kidney_tumor_2331.jpg,1,Tumor,1,Tumor,0.9991464614868164,0.9991464614868164,correct
dataset\Hyperspectral_normal_images\Hyperspectral_kidney_normal_2845.jpg,0,Normal,0,Normal,0.00011754210572689772,0.9998824578942731,correct
dataset\Hyperspectral_normal_images\Hyperspectral_kidney_normal_0005.jpg,0,Normal,0,Normal,0.003183659166097641,0.9968163408339024,correct
dataset\Hyperspectral_normal_images\Hyperspectral_kidney_normal_2509.jpg,0,Normal,0,Normal,0.006691968999803066,0.9933080310001969,correct
dataset\Hyperspectral_tumor_images\Hyperspectral_kidney_tumor_2718.jpg,1,Tumor,1,Tumor,0.9984573125839233,0.9984573125839233,correct
dataset\Hyperspectral_normal_images\Hyperspectral_kidney_normal_1591.jpg,0,Normal,0,Normal,0.00029193644877523184,0.9997080635512248,correct
dataset\Hyperspectral_tumor_images\Hyperspectral_kidney_tumor_1051.jpg,1,Tumor,1,Tumor,0.9975898265838623,0.9975898265838623,correct
dataset\Hyperspectral_normal_images\Hyperspectral_kidney_normal_3463.jpg,0,Normal,0,Normal,0.04121466353535652,0.9587853364646435,correct
dataset\Hyperspectral_normal_images\Hyperspectral_kidney_normal_1837.jpg,0,Normal,0,Normal,0.0003439145511947572,0.9996560854488052,correct
dataset\Hyperspectral_tumor_images\Hyperspectral_kidney_tumor_4634.jpg,1,Tumor,1,Tumor,0.9999237060546875,0.9999237060546875,correct
dataset\Hyperspectral_normal_images\Hyperspectral_kidney_normal_0995.jpg,0,Normal,0,Normal,0.33508631587028503,0.664913684129715,correct
dataset\Hyperspectral_normal_images\Hyperspectral_kidney_normal_1895.jpg,0,Normal,0,Normal,0.29786282777786255,0.7021371722221375,correct
dataset\Hyperspectral_tumor_images\Hyperspectral_kidney_tumor_1885.jpg,1,Tumor,1,Tumor,0.9996860027313232,0.9996860027313232,correct
dataset\Hyperspectral_tumor_images\Hyperspectral_kidney_tumor_4678.jpg,1,Tumor,1,Tumor,0.9999352693557739,0.9999352693557739,correct
dataset\Hyperspectral_normal_images\Hyperspectral_kidney_normal_4260.jpg,0,Normal,0,Normal,0.13007770478725433,0.8699222952127457,correct
dataset\Hyperspectral_tumor_images\Hyperspectral_kidney_tumor_0649.jpg,1,Tumor,1,Tumor,0.9957740902900696,0.9957740902900696,correct
dataset\Hyperspectral_tumor_images\Hyperspectral_kidney_tumor_1813.jpg,1,Tumor,1,Tumor,0.9999195337295532,0.9999195337295532,correct
dataset\Hyperspectral_tumor_images\Hyperspectral_kidney_tumor_4594.jpg,1,Tumor,1,Tumor,0.9993318915367126,0.9993318915367126,correct
dataset\Hyperspectral_normal_images\Hyperspectral_kidney_normal_4451.jpg,0,Normal,0,Normal,9.401258284924552e-05,0.9999059874171508,correct
dataset\Hyperspectral_normal_images\Hyperspectral_kidney_normal_2163.jpg,0,Normal,0,Normal,0.15891849994659424,0.8410815000534058,correct
dataset\Hyperspectral_normal_images\Hyperspectral_kidney_normal_0054.jpg,0,Normal,0,Normal,0.0031223571859300137,0.99687764281407,correct
dataset\Hyperspectral_normal_images\Hyperspectral_kidney_normal_2657.jpg,0,Normal,0,Normal,0.000407850049668923,0.9995921499503311,correct
dataset\Hyperspectral_normal_images\Hyperspectral_kidney_normal_4542.jpg,0,Normal,0,Normal,1.8803157217917033e-05,0.9999811968427821,correct
dataset\Hyperspectral_normal_images\Hyperspectral_kidney_normal_2984.jpg,0,Normal,0,Normal,0.0005818592617288232,0.9994181407382712,correct
dataset\Hyperspectral_tumor_images\Hyperspectral_kidney_tumor_2947.jpg,1,Tumor,1,Tumor,0.9999504089355469,0.9999504089355469,correct
dataset\Hyperspectral_normal_images\Hyperspectral_kidney_normal_1451.jpg,0,Normal,0,Normal,0.0043272823095321655,0.9956727176904678,correct
dataset\Hyperspectral_tumor_images\Hyperspectral_kidney_tumor_1204.jpg,1,Tumor,1,Tumor,0.9994900226593018,0.9994900226593018,correct
dataset\Hyperspectral_tumor_images\Hyperspectral_kidney_tumor_2405.jpg,1,Tumor,1,Tumor,0.9999278783798218,0.9999278783798218,correct
dataset\Hyperspectral_tumor_images\Hyperspectral_kidney_tumor_4718.jpg,1,Tumor,1,Tumor,0.9998999834060669,0.9998999834060669,correct
dataset\Hyperspectral_normal_images\Hyperspectral_kidney_normal_0793.jpg,0,Normal,0,Normal,0.0032425683457404375,0.9967574316542596,correct
dataset\Hyperspectral_tumor_images\Hyperspectral_kidney_tumor_2783.jpg,1,Tumor,1,Tumor,0.9998075366020203,0.9998075366020203,correct
dataset\Hyperspectral_normal_images\Hyperspectral_kidney_normal_2188.jpg,0,Normal,0,Normal,0.0607997290790081,0.9392002709209919,correct
dataset\Hyperspectral_normal_images\Hyperspectral_kidney_normal_1583.jpg,0,Normal,0,Normal,1.5026525034045335e-05,0.999984973474966,correct
dataset\Hyperspectral_tumor_images\Hyperspectral_kidney_tumor_4890.jpg,1,Tumor,1,Tumor,0.9999397993087769,0.9999397993087769,correct
dataset\Hyperspectral_tumor_images\Hyperspectral_kidney_tumor_3366.jpg,1,Tumor,1,Tumor,0.9999970197677612,0.9999970197677612,correct
dataset\Hyperspectral_tumor_images\Hyperspectral_kidney_tumor_3251.jpg,1,Tumor,1,Tumor,0.9999864101409912,0.9999864101409912,correct
dataset\Hyperspectral_normal_images\Hyperspectral_kidney_normal_3764.jpg,0,Normal,0,Normal,0.0001563962287036702,0.9998436037712963,correct
dataset\Hyperspectral_normal_images\Hyperspectral_kidney_normal_3970.jpg,0,Normal,0,Normal,0.01567917689681053,0.9843208231031895,correct
dataset\Hyperspectral_normal_images\Hyperspectral_kidney_normal_2787.jpg,0,Normal,0,Normal,0.006817952264100313,0.9931820477358997,correct
dataset\Hyperspectral_tumor_images\Hyperspectral_kidney_tumor_2643.jpg,1,Tumor,1,Tumor,0.996336817741394,0.996336817741394,correct
dataset\Hyperspectral_tumor_images\Hyperspectral_kidney_tumor_4519.jpg,1,Tumor,1,Tumor,0.9999696016311646,0.9999696016311646,correct
dataset\Hyperspectral_normal_images\Hyperspectral_kidney_normal_3299.jpg,0,Normal,0,Normal,0.0005461567780002952,0.9994538432219997,correct
dataset\Hyperspectral_tumor_images\Hyperspectral_kidney_tumor_0069.jpg,1,Tumor,1,Tumor,0.9983823299407959,0.9983823299407959,correct
dataset\Hyperspectral_tumor_images\Hyperspectral_kidney_tumor_0805.jpg,1,Tumor,1,Tumor,0.9999692440032959,0.9999692440032959,correct
dataset\Hyperspectral_normal_images\Hyperspectral_kidney_normal_1742.jpg,0,Normal,0,Normal,0.0003596112655941397,0.9996403887344059,correct
dataset\Hyperspectral_normal_images\Hyperspectral_kidney_normal_4797.jpg,0,Normal,0,Normal,0.003441479057073593,0.9965585209429264,correct
dataset\Hyperspectral_normal_images\Hyperspectral_kidney_normal_4927.jpg,0,Normal,0,Normal,0.0008097967365756631,0.9991902032634243,correct
dataset\Hyperspectral_tumor_images\Hyperspectral_kidney_tumor_3659.jpg,1,Tumor,1,Tumor,0.999993085861206,0.999993085861206,correct
dataset\Hyperspectral_normal_images\Hyperspectral_kidney_normal_0466.jpg,0,Normal,0,Normal,0.0014374241000041366,0.9985625758999959,correct
dataset\Hyperspectral_normal_images\Hyperspectral_kidney_normal_0142.jpg,0,Normal,0,Normal,0.006071815732866526,0.9939281842671335,correct
dataset\Hyperspectral_normal_images\Hyperspectral_kidney_normal_0938.jpg,0,Normal,0,Normal,0.0008695612195879221,0.9991304387804121,correct
dataset\Hyperspectral_tumor_images\Hyperspectral_kidney_tumor_3656.jpg,1,Tumor,1,Tumor,0.9999245405197144,0.9999245405197144,correct
dataset\Hyperspectral_normal_images\Hyperspectral_kidney_normal_2060.jpg,0,Normal,0,Normal,0.00113251234870404,0.998867487651296,correct
dataset\Hyperspectral_tumor_images\Hyperspectral_kidney_tumor_3923.jpg,1,Tumor,1,Tumor,0.9999198913574219,0.9999198913574219,correct
dataset\Hyperspectral_normal_images\Hyperspectral_kidney_normal_1978.jpg,0,Normal,0,Normal,0.00912319216877222,0.9908768078312278,correct
dataset\Hyperspectral_normal_images\Hyperspectral_kidney_normal_1560.jpg,0,Normal,0,Normal,2.653995034052059e-05,0.9999734600496595,correct
dataset\Hyperspectral_tumor_images\Hyperspectral_kidney_tumor_4165.jpg,1,Tumor,1,Tumor,0.9999762773513794,0.9999762773513794,correct
dataset\Hyperspectral_normal_images\Hyperspectral_kidney_normal_3127.jpg,0,Normal,0,Normal,5.190522279008292e-05,0.9999480947772099,correct
dataset\Hyperspectral_tumor_images\Hyperspectral_kidney_tumor_1432.jpg,1,Tumor,1,Tumor,0.9976274371147156,0.9976274371147156,correct
dataset\Hyperspectral_tumor_images\Hyperspectral_kidney_tumor_4584.jpg,1,Tumor,1,Tumor,0.9999821186065674,0.9999821186065674,correct
dataset\Hyperspectral_normal_images\Hyperspectral_kidney_normal_1925.jpg,0,Normal,0,Normal,0.0014411596348509192,0.9985588403651491,correct
dataset\Hyperspectral_normal_images\Hyperspectral_kidney_normal_0865.jpg,0,Normal,0,Normal,0.007751266937702894,0.9922487330622971,correct
dataset\Hyperspectral_tumor_images\Hyperspectral_kidney_tumor_4245.jpg,1,Tumor,1,Tumor,0.9991280436515808,0.9991280436515808,correct
dataset\Hyperspectral_tumor_images\Hyperspectral_kidney_tumor_0739.jpg,1,Tumor,1,Tumor,0.999990701675415,0.999990701675415,correct
dataset\Hyperspectral_tumor_images\Hyperspectral_kidney_tumor_3027.jpg,1,Tumor,1,Tumor,0.9990185499191284,0.9990185499191284,correct
dataset\Hyperspectral_normal_images\Hyperspectral_kidney_normal_0688.jpg,0,Normal,0,Normal,0.004751139786094427,0.9952488602139056,correct
dataset\Hyperspectral_tumor_images\Hyperspectral_kidney_tumor_3945.jpg,1,Tumor,1,Tumor,0.9999780654907227,0.9999780654907227,correct
dataset\Hyperspectral_tumor_images\Hyperspectral_kidney_tumor_0591.jpg,1,Tumor,1,Tumor,0.9984147548675537,0.9984147548675537,correct
dataset\Hyperspectral_tumor_images\Hyperspectral_kidney_tumor_2742.jpg,1,Tumor,1,Tumor,0.9999990463256836,0.9999990463256836,correct
dataset\Hyperspectral_normal_images\Hyperspectral_kidney_normal_3410.jpg,0,Normal,0,Normal,0.00031175956246443093,0.9996882404375356,correct
dataset\Hyperspectral_normal_images\Hyperspectral_kidney_normal_3835.jpg,0,Normal,0,Normal,0.0007301800069399178,0.9992698199930601,correct
dataset\Hyperspectral_normal_images\Hyperspectral_kidney_normal_2266.jpg,0,Normal,0,Normal,0.0014363301452249289,0.9985636698547751,correct
dataset\Hyperspectral_tumor_images\Hyperspectral_kidney_tumor_4622.jpg,1,Tumor,1,Tumor,0.991377592086792,0.991377592086792,correct
dataset\Hyperspectral_tumor_images\Hyperspectral_kidney_tumor_4019.jpg,1,Tumor,1,Tumor,0.999886155128479,0.999886155128479,correct
dataset\Hyperspectral_normal_images\Hyperspectral_kidney_normal_2319.jpg,0,Normal,0,Normal,0.0007689935737289488,0.999231006426271,correct
dataset\Hyperspectral_tumor_images\Hyperspectral_kidney_tumor_2469.jpg,1,Tumor,1,Tumor,0.9992032647132874,0.9992032647132874,correct
dataset\Hyperspectral_normal_images\Hyperspectral_kidney_normal_3275.jpg,0,Normal,0,Normal,8.597790838393848e-06,0.9999914022091616,correct
dataset\Hyperspectral_normal_images\Hyperspectral_kidney_normal_0014.jpg,0,Normal,0,Normal,9.550785762257874e-05,0.9999044921423774,correct
dataset\Hyperspectral_normal_images\Hyperspectral_kidney_normal_4499.jpg,0,Normal,0,Normal,3.591959102777764e-05,0.9999640804089722,correct
dataset\Hyperspectral_tumor_images\Hyperspectral_kidney_tumor_3932.jpg,1,Tumor,1,Tumor,0.9999542236328125,0.9999542236328125,correct
dataset\Hyperspectral_normal_images\Hyperspectral_kidney_normal_2756.jpg,0,Normal,0,Normal,0.28998762369155884,0.7100123763084412,correct
dataset\Hyperspectral_normal_images\Hyperspectral_kidney_normal_1031.jpg,0,Normal,0,Normal,0.000521062349434942,0.9994789376505651,correct
dataset\Hyperspectral_normal_images\Hyperspectral_kidney_normal_2911.jpg,0,Normal,0,Normal,0.00011577220720937476,0.9998842277927906,correct
dataset\Hyperspectral_normal_images\Hyperspectral_kidney_normal_0204.jpg,0,Normal,0,Normal,0.0015432428335770965,0.9984567571664229,correct
dataset\Hyperspectral_normal_images\Hyperspectral_kidney_normal_1764.jpg,0,Normal,0,Normal,0.0006555863074027002,0.9993444136925973,correct
dataset\Hyperspectral_tumor_images\Hyperspectral_kidney_tumor_1766.jpg,1,Tumor,1,Tumor,0.9998911619186401,0.9998911619186401,correct
dataset\Hyperspectral_normal_images\Hyperspectral_kidney_normal_3101.jpg,0,Normal,0,Normal,0.00014665737398900092,0.999853342626011,correct
dataset\Hyperspectral_normal_images\Hyperspectral_kidney_normal_0570.jpg,0,Normal,0,Normal,0.0001253639202332124,0.9998746360797668,correct
dataset\Hyperspectral_normal_images\Hyperspectral_kidney_normal_2045.jpg,0,Normal,0,Normal,0.005406469106674194,0.9945935308933258,correct
dataset\Hyperspectral_tumor_images\Hyperspectral_kidney_tumor_4631.jpg,1,Tumor,1,Tumor,0.9999969005584717,0.9999969005584717,correct
dataset\Hyperspectral_tumor_images\Hyperspectral_kidney_tumor_2321.jpg,1,Tumor,1,Tumor,0.99998939037323,0.99998939037323,correct
dataset\Hyperspectral_tumor_images\Hyperspectral_kidney_tumor_1305.jpg,1,Tumor,1,Tumor,0.996334433555603,0.996334433555603,correct
dataset\Hyperspectral_tumor_images\Hyperspectral_kidney_tumor_3099.jpg,1,Tumor,1,Tumor,0.9950297474861145,0.9950297474861145,correct
dataset\Hyperspectral_normal_images\Hyperspectral_kidney_normal_4832.jpg,0,Normal,0,Normal,0.00010125817789230496,0.9998987418221077,correct
dataset\Hyperspectral_normal_images\Hyperspectral_kidney_normal_4442.jpg,0,Normal,0,Normal,9.5191471700673e-06,0.9999904808528299,correct
dataset\Hyperspectral_normal_images\Hyperspectral_kidney_normal_2034.jpg,0,Normal,0,Normal,0.006077521946281195,0.9939224780537188,correct
dataset\Hyperspectral_tumor_images\Hyperspectral_kidney_tumor_3273.jpg,1,Tumor,1,Tumor,0.994880199432373,0.994880199432373,correct
dataset\Hyperspectral_normal_images\Hyperspectral_kidney_normal_0159.jpg,0,Normal,0,Normal,0.021369582042098045,0.978630417957902,correct
dataset\Hyperspectral_normal_images\Hyperspectral_kidney_normal_2194.jpg,0,Normal,0,Normal,0.05863238871097565,0.9413676112890244,correct
dataset\Hyperspectral_tumor_images\Hyperspectral_kidney_tumor_0593.jpg,1,Tumor,1,Tumor,0.9993895292282104,0.9993895292282104,correct
dataset\Hyperspectral_tumor_images\Hyperspectral_kidney_tumor_4924.jpg,1,Tumor,1,Tumor,0.9996215105056763,0.9996215105056763,correct
dataset\Hyperspectral_tumor_images\Hyperspectral_kidney_tumor_1328.jpg,1,Tumor,1,Tumor,0.9999198913574219,0.9999198913574219,correct
dataset\Hyperspectral_normal_images\Hyperspectral_kidney_normal_2285.jpg,0,Normal,0,Normal,0.001187093323096633,0.9988129066769034,correct
dataset\Hyperspectral_tumor_images\Hyperspectral_kidney_tumor_4979.jpg,1,Tumor,1,Tumor,0.9999326467514038,0.9999326467514038,correct
dataset\Hyperspectral_normal_images\Hyperspectral_kidney_normal_4145.jpg,0,Normal,0,Normal,9.700303780846298e-05,0.9999029969621915,correct
dataset\Hyperspectral_normal_images\Hyperspectral_kidney_normal_2707.jpg,0,Normal,0,Normal,0.00021074638061691076,0.9997892536193831,correct
dataset\Hyperspectral_normal_images\Hyperspectral_kidney_normal_2867.jpg,0,Normal,0,Normal,0.0001786778448149562,0.999821322155185,correct
dataset\Hyperspectral_normal_images\Hyperspectral_kidney_normal_0607.jpg,0,Normal,0,Normal,4.42494529124815e-05,0.9999557505470875,correct
dataset\Hyperspectral_tumor_images\Hyperspectral_kidney_tumor_4951.jpg,1,Tumor,1,Tumor,0.9999948740005493,0.9999948740005493,correct
dataset\Hyperspectral_tumor_images\Hyperspectral_kidney_tumor_3316.jpg,1,Tumor,1,Tumor,0.9851577281951904,0.9851577281951904,correct
dataset\Hyperspectral_tumor_images\Hyperspectral_kidney_tumor_0347.jpg,1,Tumor,1,Tumor,0.9999781847000122,0.9999781847000122,correct
dataset\Hyperspectral_tumor_images\Hyperspectral_kidney_tumor_3237.jpg,1,Tumor,1,Tumor,0.9999558925628662,0.9999558925628662,correct
dataset\Hyperspectral_normal_images\Hyperspectral_kidney_normal_4275.jpg,0,Normal,0,Normal,0.06663304567337036,0.9333669543266296,correct
dataset\Hyperspectral_tumor_images\Hyperspectral_kidney_tumor_0537.jpg,1,Tumor,1,Tumor,0.9999796152114868,0.9999796152114868,correct
dataset\Hyperspectral_tumor_images\Hyperspectral_kidney_tumor_1474.jpg,1,Tumor,1,Tumor,0.9977001547813416,0.9977001547813416,correct
dataset\Hyperspectral_normal_images\Hyperspectral_kidney_normal_4527.jpg,0,Normal,0,Normal,1.3582955034507904e-05,0.9999864170449655,correct
dataset\Hyperspectral_normal_images\Hyperspectral_kidney_normal_1630.jpg,0,Normal,0,Normal,1.0277980436512735e-05,0.9999897220195635,correct
dataset\Hyperspectral_tumor_images\Hyperspectral_kidney_tumor_1191.jpg,1,Tumor,1,Tumor,0.9999263286590576,0.9999263286590576,correct
dataset\Hyperspectral_normal_images\Hyperspectral_kidney_normal_1464.jpg,0,Normal,0,Normal,0.008782429620623589,0.9912175703793764,correct
dataset\Hyperspectral_tumor_images\Hyperspectral_kidney_tumor_3149.jpg,1,Tumor,1,Tumor,0.999954342842102,0.999954342842102,correct
dataset\Hyperspectral_tumor_images\Hyperspectral_kidney_tumor_2336.jpg,1,Tumor,1,Tumor,0.9838617444038391,0.9838617444038391,correct
dataset\Hyperspectral_normal_images\Hyperspectral_kidney_normal_2132.jpg,0,Normal,0,Normal,0.026865804567933083,0.9731341954320669,correct
dataset\Hyperspectral_tumor_images\Hyperspectral_kidney_tumor_4429.jpg,1,Tumor,1,Tumor,0.9936445951461792,0.9936445951461792,correct
dataset\Hyperspectral_normal_images\Hyperspectral_kidney_normal_0095.jpg,0,Normal,0,Normal,0.00032363759237341583,0.9996763624076266,correct
dataset\Hyperspectral_normal_images\Hyperspectral_kidney_normal_3806.jpg,0,Normal,0,Normal,0.00013971864245831966,0.9998602813575417,correct
dataset\Hyperspectral_normal_images\Hyperspectral_kidney_normal_3327.jpg,0,Normal,0,Normal,0.001203406834974885,0.9987965931650251,correct
dataset\Hyperspectral_tumor_images\Hyperspectral_kidney_tumor_2468.jpg,1,Tumor,1,Tumor,0.9989913105964661,0.9989913105964661,correct
dataset\Hyperspectral_tumor_images\Hyperspectral_kidney_tumor_2212.jpg,1,Tumor,1,Tumor,0.9978843331336975,0.9978843331336975,correct
dataset\Hyperspectral_normal_images\Hyperspectral_kidney_normal_4405.jpg,0,Normal,0,Normal,1.0875579391722567e-05,0.9999891244206083,correct
dataset\Hyperspectral_tumor_images\Hyperspectral_kidney_tumor_4896.jpg,1,Tumor,1,Tumor,0.999876856803894,0.999876856803894,correct
dataset\Hyperspectral_tumor_images\Hyperspectral_kidney_tumor_4548.jpg,1,Tumor,1,Tumor,0.9785388112068176,0.9785388112068176,correct
dataset\Hyperspectral_tumor_images\Hyperspectral_kidney_tumor_3035.jpg,1,Tumor,1,Tumor,0.9992050528526306,0.9992050528526306,correct
dataset\Hyperspectral_normal_images\Hyperspectral_kidney_normal_0757.jpg,0,Normal,0,Normal,0.00795595534145832,0.9920440446585417,correct
dataset\Hyperspectral_tumor_images\Hyperspectral_kidney_tumor_0929.jpg,1,Tumor,1,Tumor,0.9995535016059875,0.9995535016059875,correct
dataset\Hyperspectral_tumor_images\Hyperspectral_kidney_tumor_3953.jpg,1,Tumor,1,Tumor,0.9995120763778687,0.9995120763778687,correct
dataset\Hyperspectral_normal_images\Hyperspectral_kidney_normal_0481.jpg,0,Normal,0,Normal,0.00026389193953946233,0.9997361080604605,correct
dataset\Hyperspectral_normal_images\Hyperspectral_kidney_normal_2600.jpg,0,Normal,0,Normal,7.331976667046547e-05,0.9999266802333295,correct
dataset\Hyperspectral_normal_images\Hyperspectral_kidney_normal_4411.jpg,0,Normal,0,Normal,1.2613464605237823e-05,0.9999873865353948,correct
dataset\Hyperspectral_normal_images\Hyperspectral_kidney_normal_0337.jpg,0,Normal,0,Normal,0.000739045615773648,0.9992609543842264,correct
dataset\Hyperspectral_normal_images\Hyperspectral_kidney_normal_2988.jpg,0,Normal,0,Normal,0.00010859018220799044,0.999891409817792,correct
dataset\Hyperspectral_tumor_images\Hyperspectral_kidney_tumor_3548.jpg,1,Tumor,1,Tumor,0.9993715882301331,0.9993715882301331,correct
dataset\Hyperspectral_normal_images\Hyperspectral_kidney_normal_0116.jpg,0,Normal,0,Normal,0.0007437382591888309,0.9992562617408112,correct
dataset\Hyperspectral_tumor_images\Hyperspectral_kidney_tumor_0970.jpg,1,Tumor,1,Tumor,0.997663140296936,0.997663140296936,correct
dataset\Hyperspectral_tumor_images\Hyperspectral_kidney_tumor_1586.jpg,1,Tumor,1,Tumor,0.997934103012085,0.997934103012085,correct
dataset\Hyperspectral_tumor_images\Hyperspectral_kidney_tumor_1918.jpg,1,Tumor,1,Tumor,0.9961966276168823,0.9961966276168823,correct
dataset\Hyperspectral_normal_images\Hyperspectral_kidney_normal_0820.jpg,0,Normal,0,Normal,5.2931176469428465e-05,0.9999470688235306,correct
dataset\Hyperspectral_tumor_images\Hyperspectral_kidney_tumor_2382.jpg,1,Tumor,1,Tumor,0.9998212456703186,0.9998212456703186,correct
dataset\Hyperspectral_normal_images\Hyperspectral_kidney_normal_2232.jpg,0,Normal,0,Normal,0.00021809228928759694,0.9997819077107124,correct
dataset\Hyperspectral_tumor_images\Hyperspectral_kidney_tumor_4981.jpg,1,Tumor,1,Tumor,0.9996565580368042,0.9996565580368042,correct
dataset\Hyperspectral_normal_images\Hyperspectral_kidney_normal_4531.jpg,0,Normal,0,Normal,1.955094739969354e-05,0.9999804490526003,correct
dataset\Hyperspectral_tumor_images\Hyperspectral_kidney_tumor_3467.jpg,1,Tumor,1,Tumor,0.9999607801437378,0.9999607801437378,correct
dataset\Hyperspectral_tumor_images\Hyperspectral_kidney_tumor_0723.jpg,1,Tumor,1,Tumor,0.9999430179595947,0.9999430179595947,correct
dataset\Hyperspectral_normal_images\Hyperspectral_kidney_normal_1558.jpg,0,Normal,0,Normal,0.00023508828599005938,0.9997649117140099,correct
dataset\Hyperspectral_tumor_images\Hyperspectral_kidney_tumor_2062.jpg,1,Tumor,1,Tumor,0.9998373985290527,0.9998373985290527,correct
dataset\Hyperspectral_normal_images\Hyperspectral_kidney_normal_3672.jpg,0,Normal,0,Normal,0.38766345381736755,0.6123365461826324,correct
dataset\Hyperspectral_tumor_images\Hyperspectral_kidney_tumor_0801.jpg,1,Tumor,1,Tumor,0.9998348951339722,0.9998348951339722,correct
dataset\Hyperspectral_tumor_images\Hyperspectral_kidney_tumor_0623.jpg,1,Tumor,1,Tumor,0.9997428059577942,0.9997428059577942,correct
dataset\Hyperspectral_tumor_images\Hyperspectral_kidney_tumor_2119.jpg,1,Tumor,1,Tumor,0.9998538494110107,0.9998538494110107,correct
dataset\Hyperspectral_tumor_images\Hyperspectral_kidney_tumor_1181.jpg,1,Tumor,1,Tumor,0.9998238682746887,0.9998238682746887,correct
dataset\Hyperspectral_normal_images\Hyperspectral_kidney_normal_2682.jpg,0,Normal,0,Normal,0.0001723702735034749,0.9998276297264965,correct
dataset\Hyperspectral_normal_images\Hyperspectral_kidney_normal_0412.jpg,0,Normal,0,Normal,0.000331356015522033,0.999668643984478,correct
dataset\Hyperspectral_normal_images\Hyperspectral_kidney_normal_1738.jpg,0,Normal,0,Normal,0.0002223962073912844,0.9997776037926087,correct
dataset\Hyperspectral_normal_images\Hyperspectral_kidney_normal_4155.jpg,0,Normal,0,Normal,0.0001157777223852463,0.9998842222776148,correct
dataset\Hyperspectral_tumor_images\Hyperspectral_kidney_tumor_2086.jpg,1,Tumor,1,Tumor,0.9853900671005249,0.9853900671005249,correct
dataset\Hyperspectral_normal_images\Hyperspectral_kidney_normal_2172.jpg,0,Normal,0,Normal,0.0637267455458641,0.9362732544541359,correct
dataset\Hyperspectral_normal_images\Hyperspectral_kidney_normal_3590.jpg,0,Normal,0,Normal,0.00035706115886569023,0.9996429388411343,correct
dataset\Hyperspectral_normal_images\Hyperspectral_kidney_normal_4141.jpg,0,Normal,0,Normal,5.6578264775453135e-05,0.9999434217352245,correct
dataset\Hyperspectral_tumor_images\Hyperspectral_kidney_tumor_3988.jpg,1,Tumor,1,Tumor,0.9999682903289795,0.9999682903289795,correct
dataset\Hyperspectral_normal_images\Hyperspectral_kidney_normal_0849.jpg,0,Normal,0,Normal,0.0022305790334939957,0.997769420966506,correct
dataset\Hyperspectral_normal_images\Hyperspectral_kidney_normal_4754.jpg,0,Normal,0,Normal,0.0005665578064508736,0.9994334421935491,correct
dataset\Hyperspectral_tumor_images\Hyperspectral_kidney_tumor_0890.jpg,1,Tumor,1,Tumor,0.9655782580375671,0.9655782580375671,correct
dataset\Hyperspectral_normal_images\Hyperspectral_kidney_normal_0553.jpg,0,Normal,0,Normal,0.00015017511032056063,0.9998498248896794,correct
dataset\Hyperspectral_normal_images\Hyperspectral_kidney_normal_0838.jpg,0,Normal,0,Normal,0.001736634992994368,0.9982633650070056,correct
dataset\Hyperspectral_normal_images\Hyperspectral_kidney_normal_3809.jpg,0,Normal,0,Normal,7.716980326222256e-05,0.9999228301967378,correct
dataset\Hyperspectral_tumor_images\Hyperspectral_kidney_tumor_0789.jpg,1,Tumor,1,Tumor,0.9996205568313599,0.9996205568313599,correct
dataset\Hyperspectral_normal_images\Hyperspectral_kidney_normal_3853.jpg,0,Normal,0,Normal,1.2162492566858418e-05,0.9999878375074331,correct
dataset\Hyperspectral_tumor_images\Hyperspectral_kidney_tumor_2017.jpg,1,Tumor,1,Tumor,0.9982244372367859,0.9982244372367859,correct
dataset\Hyperspectral_tumor_images\Hyperspectral_kidney_tumor_2497.jpg,1,Tumor,1,Tumor,0.9975472092628479,0.9975472092628479,correct
dataset\Hyperspectral_tumor_images\Hyperspectral_kidney_tumor_3848.jpg,1,Tumor,1,Tumor,0.9999133348464966,0.9999133348464966,correct
dataset\Hyperspectral_tumor_images\Hyperspectral_kidney_tumor_4407.jpg,1,Tumor,1,Tumor,0.9939196109771729,0.9939196109771729,correct
dataset\Hyperspectral_tumor_images\Hyperspectral_kidney_tumor_4246.jpg,1,Tumor,1,Tumor,0.9989551305770874,0.9989551305770874,correct
dataset\Hyperspectral_normal_images\Hyperspectral_kidney_normal_2341.jpg,0,Normal,0,Normal,0.0003442665038164705,0.9996557334961835,correct
dataset\Hyperspectral_tumor_images\Hyperspectral_kidney_tumor_4449.jpg,1,Tumor,1,Tumor,0.993169903755188,0.993169903755188,correct
dataset\Hyperspectral_tumor_images\Hyperspectral_kidney_tumor_1195.jpg,1,Tumor,1,Tumor,0.9999866485595703,0.9999866485595703,correct
dataset\Hyperspectral_tumor_images\Hyperspectral_kidney_tumor_1319.jpg,1,Tumor,1,Tumor,0.9998842477798462,0.9998842477798462,correct
dataset\Hyperspectral_tumor_images\Hyperspectral_kidney_tumor_1747.jpg,1,Tumor,1,Tumor,0.9999228715896606,0.9999228715896606,correct
dataset\Hyperspectral_normal_images\Hyperspectral_kidney_normal_0563.jpg,0,Normal,0,Normal,0.00015547452494502068,0.999844525475055,correct
dataset\Hyperspectral_tumor_images\Hyperspectral_kidney_tumor_4630.jpg,1,Tumor,1,Tumor,0.9999791383743286,0.9999791383743286,correct
dataset\Hyperspectral_normal_images\Hyperspectral_kidney_normal_3552.jpg,0,Normal,0,Normal,0.004448780789971352,0.9955512192100286,correct
dataset\Hyperspectral_normal_images\Hyperspectral_kidney_normal_3731.jpg,0,Normal,0,Normal,8.256774890469387e-05,0.9999174322510953,correct
dataset\Hyperspectral_tumor_images\Hyperspectral_kidney_tumor_4978.jpg,1,Tumor,1,Tumor,0.9999504089355469,0.9999504089355469,correct
dataset\Hyperspectral_tumor_images\Hyperspectral_kidney_tumor_3800.jpg,1,Tumor,1,Tumor,0.9980813264846802,0.9980813264846802,correct
dataset\Hyperspectral_tumor_images\Hyperspectral_kidney_tumor_1960.jpg,1,Tumor,1,Tumor,0.9999985694885254,0.9999985694885254,correct
dataset\Hyperspectral_tumor_images\Hyperspectral_kidney_tumor_0332.jpg,1,Tumor,1,Tumor,0.9999966621398926,0.9999966621398926,correct
dataset\Hyperspectral_tumor_images\Hyperspectral_kidney_tumor_1993.jpg,1,Tumor,1,Tumor,0.9855076670646667,0.9855076670646667,correct
dataset\Hyperspectral_normal_images\Hyperspectral_kidney_normal_2220.jpg,0,Normal,0,Normal,0.00024614951689727604,0.9997538504831027,correct
dataset\Hyperspectral_normal_images\Hyperspectral_kidney_normal_2309.jpg,0,Normal,0,Normal,0.0021997832227498293,0.9978002167772502,correct
dataset\Hyperspectral_normal_images\Hyperspectral_kidney_normal_0713.jpg,0,Normal,0,Normal,0.009989650920033455,0.9900103490799665,correct
dataset\Hyperspectral_tumor_images\Hyperspectral_kidney_tumor_0136.jpg,1,Tumor,1,Tumor,0.998262345790863,0.998262345790863,correct
dataset\Hyperspectral_normal_images\Hyperspectral_kidney_normal_0803.jpg,0,Normal,0,Normal,0.0010231701890006661,0.9989768298109993,correct
dataset\Hyperspectral_tumor_images\Hyperspectral_kidney_tumor_1167.jpg,1,Tumor,1,Tumor,0.9670262932777405,0.9670262932777405,correct
dataset\Hyperspectral_tumor_images\Hyperspectral_kidney_tumor_1998.jpg,1,Tumor,1,Tumor,0.9999452829360962,0.9999452829360962,correct
dataset\Hyperspectral_tumor_images\Hyperspectral_kidney_tumor_2587.jpg,1,Tumor,1,Tumor,0.9999698400497437,0.9999698400497437,correct
dataset\Hyperspectral_normal_images\Hyperspectral_kidney_normal_2713.jpg,0,Normal,0,Normal,0.0003102405753452331,0.9996897594246548,correct
dataset\Hyperspectral_tumor_images\Hyperspectral_kidney_tumor_2968.jpg,1,Tumor,1,Tumor,0.9999732971191406,0.9999732971191406,correct
dataset\Hyperspectral_normal_images\Hyperspectral_kidney_normal_3199.jpg,0,Normal,0,Normal,0.001329708145931363,0.9986702918540686,correct
dataset\Hyperspectral_normal_images\Hyperspectral_kidney_normal_3755.jpg,0,Normal,0,Normal,0.0003498183796182275,0.9996501816203818,correct
dataset\Hyperspectral_tumor_images\Hyperspectral_kidney_tumor_1905.jpg,1,Tumor,1,Tumor,0.9999969005584717,0.9999969005584717,correct
dataset\Hyperspectral_tumor_images\Hyperspectral_kidney_tumor_4949.jpg,1,Tumor,1,Tumor,0.9995773434638977,0.9995773434638977,correct
dataset\Hyperspectral_normal_images\Hyperspectral_kidney_normal_2017.jpg,0,Normal,0,Normal,0.006791504565626383,0.9932084954343736,correct
dataset\Hyperspectral_tumor_images\Hyperspectral_kidney_tumor_4354.jpg,1,Tumor,1,Tumor,0.9999966621398926,0.9999966621398926,correct
dataset\Hyperspectral_tumor_images\Hyperspectral_kidney_tumor_1139.jpg,1,Tumor,1,Tumor,0.9999209642410278,0.9999209642410278,correct
dataset\Hyperspectral_normal_images\Hyperspectral_kidney_normal_3573.jpg,0,Normal,0,Normal,0.004170105792582035,0.995829894207418,correct
dataset\Hyperspectral_tumor_images\Hyperspectral_kidney_tumor_3350.jpg,1,Tumor,1,Tumor,0.999896764755249,0.999896764755249,correct
dataset\Hyperspectral_normal_images\Hyperspectral_kidney_normal_4376.jpg,0,Normal,0,Normal,1.8463075321051292e-05,0.999981536924679,correct
dataset\Hyperspectral_normal_images\Hyperspectral_kidney_normal_0497.jpg,0,Normal,0,Normal,0.00018663301307242364,0.9998133669869276,correct
dataset\Hyperspectral_tumor_images\Hyperspectral_kidney_tumor_2891.jpg,1,Tumor,1,Tumor,0.9976471066474915,0.9976471066474915,correct
dataset\Hyperspectral_tumor_images\Hyperspectral_kidney_tumor_3828.jpg,1,Tumor,1,Tumor,0.9992305040359497,0.9992305040359497,correct
dataset\Hyperspectral_tumor_images\Hyperspectral_kidney_tumor_3779.jpg,1,Tumor,1,Tumor,0.9986372590065002,0.9986372590065002,correct
dataset\Hyperspectral_tumor_images\Hyperspectral_kidney_tumor_2417.jpg,1,Tumor,1,Tumor,0.9999923706054688,0.9999923706054688,correct
dataset\Hyperspectral_normal_images\Hyperspectral_kidney_normal_2678.jpg,0,Normal,0,Normal,0.0002716977905947715,0.9997283022094052,correct
dataset\Hyperspectral_normal_images\Hyperspectral_kidney_normal_2124.jpg,0,Normal,0,Normal,0.000446289632236585,0.9995537103677634,correct
dataset\Hyperspectral_tumor_images\Hyperspectral_kidney_tumor_2261.jpg,1,Tumor,1,Tumor,0.998611330986023,0.998611330986023,correct
dataset\Hyperspectral_tumor_images\Hyperspectral_kidney_tumor_3909.jpg,1,Tumor,1,Tumor,0.9983123540878296,0.9983123540878296,correct
dataset\Hyperspectral_tumor_images\Hyperspectral_kidney_tumor_4232.jpg,1,Tumor,1,Tumor,0.9995759129524231,0.9995759129524231,correct
dataset\Hyperspectral_tumor_images\Hyperspectral_kidney_tumor_4572.jpg,1,Tumor,1,Tumor,0.999920129776001,0.999920129776001,correct
dataset\Hyperspectral_tumor_images\Hyperspectral_kidney_tumor_0747.jpg,1,Tumor,1,Tumor,0.9982951283454895,0.9982951283454895,correct
dataset\Hyperspectral_tumor_images\Hyperspectral_kidney_tumor_4148.jpg,1,Tumor,1,Tumor,0.9996278285980225,0.9996278285980225,correct
dataset\Hyperspectral_normal_images\Hyperspectral_kidney_normal_4721.jpg,0,Normal,0,Normal,0.00019796173728536814,0.9998020382627146,correct
dataset\Hyperspectral_normal_images\Hyperspectral_kidney_normal_4233.jpg,0,Normal,0,Normal,3.583061243261909e-06,0.9999964169387567,correct
dataset\Hyperspectral_normal_images\Hyperspectral_kidney_normal_0945.jpg,0,Normal,1,Tumor,0.632801353931427,0.632801353931427,false_positive
dataset\Hyperspectral_normal_images\Hyperspectral_kidney_normal_4875.jpg,0,Normal,0,Normal,0.000270334305241704,0.9997296656947583,correct
dataset\Hyperspectral_tumor_images\Hyperspectral_kidney_tumor_4893.jpg,1,Tumor,1,Tumor,0.9999110698699951,0.9999110698699951,correct
dataset\Hyperspectral_normal_images\Hyperspectral_kidney_normal_2335.jpg,0,Normal,0,Normal,6.963357736822218e-05,0.9999303664226318,correct
dataset\Hyperspectral_tumor_images\Hyperspectral_kidney_tumor_3807.jpg,1,Tumor,1,Tumor,0.999988317489624,0.999988317489624,correct
dataset\Hyperspectral_tumor_images\Hyperspectral_kidney_tumor_3693.jpg,1,Tumor,1,Tumor,0.9993661046028137,0.9993661046028137,correct
dataset\Hyperspectral_tumor_images\Hyperspectral_kidney_tumor_4382.jpg,1,Tumor,1,Tumor,0.9995657801628113,0.9995657801628113,correct
dataset\Hyperspectral_tumor_images\Hyperspectral_kidney_tumor_4463.jpg,1,Tumor,1,Tumor,0.9999681711196899,0.9999681711196899,correct
dataset\Hyperspectral_tumor_images\Hyperspectral_kidney_tumor_3486.jpg,1,Tumor,1,Tumor,0.9992659687995911,0.9992659687995911,correct
dataset\Hyperspectral_tumor_images\Hyperspectral_kidney_tumor_4236.jpg,1,Tumor,1,Tumor,0.9984790682792664,0.9984790682792664,correct
dataset\Hyperspectral_normal_images\Hyperspectral_kidney_normal_2146.jpg,0,Normal,0,Normal,0.0006874160608276725,0.9993125839391723,correct
dataset\Hyperspectral_normal_images\Hyperspectral_kidney_normal_2543.jpg,0,Normal,0,Normal,0.012380565516650677,0.9876194344833493,correct
dataset\Hyperspectral_normal_images\Hyperspectral_kidney_normal_4022.jpg,0,Normal,0,Normal,0.00031185674015432596,0.9996881432598457,correct
dataset\Hyperspectral_normal_images\Hyperspectral_kidney_normal_0914.jpg,0,Normal,0,Normal,0.0020107345189899206,0.9979892654810101,correct
dataset\Hyperspectral_normal_images\Hyperspectral_kidney_normal_4747.jpg,0,Normal,0,Normal,0.0009485905757173896,0.9990514094242826,correct
dataset\Hyperspectral_normal_images\Hyperspectral_kidney_normal_1490.jpg,0,Normal,0,Normal,1.557036375743337e-05,0.9999844296362426,correct
dataset\Hyperspectral_tumor_images\Hyperspectral_kidney_tumor_0092.jpg,1,Tumor,1,Tumor,0.9998524188995361,0.9998524188995361,correct
dataset\Hyperspectral_tumor_images\Hyperspectral_kidney_tumor_2387.jpg,1,Tumor,1,Tumor,0.9999866485595703,0.9999866485595703,correct
dataset\Hyperspectral_normal_images\Hyperspectral_kidney_normal_2770.jpg,0,Normal,0,Normal,0.0242691058665514,0.9757308941334486,correct
dataset\Hyperspectral_tumor_images\Hyperspectral_kidney_tumor_0523.jpg,1,Tumor,1,Tumor,0.9993096590042114,0.9993096590042114,correct
dataset\Hyperspectral_normal_images\Hyperspectral_kidney_normal_4000.jpg,0,Normal,0,Normal,0.001216121600009501,0.9987838783999905,correct
dataset\Hyperspectral_normal_images\Hyperspectral_kidney_normal_0362.jpg,0,Normal,0,Normal,0.00029654119862243533,0.9997034588013776,correct
dataset\Hyperspectral_tumor_images\Hyperspectral_kidney_tumor_1883.jpg,1,Tumor,1,Tumor,0.9987492561340332,0.9987492561340332,correct
dataset\Hyperspectral_normal_images\Hyperspectral_kidney_normal_2466.jpg,0,Normal,0,Normal,0.004190994426608086,0.9958090055733919,correct
dataset\Hyperspectral_normal_images\Hyperspectral_kidney_normal_1756.jpg,0,Normal,0,Normal,0.00061316933715716,0.9993868306628428,correct
dataset\Hyperspectral_tumor_images\Hyperspectral_kidney_tumor_3769.jpg,1,Tumor,1,Tumor,0.9987825751304626,0.9987825751304626,correct
dataset\Hyperspectral_normal_images\Hyperspectral_kidney_normal_2006.jpg,0,Normal,0,Normal,0.0029432938899844885,0.9970567061100155,correct
dataset\Hyperspectral_tumor_images\Hyperspectral_kidney_tumor_0820.jpg,1,Tumor,1,Tumor,0.9999977350234985,0.9999977350234985,correct
dataset\Hyperspectral_normal_images\Hyperspectral_kidney_normal_1615.jpg,0,Normal,0,Normal,4.5902011152065825e-06,0.9999954097988848,correct
dataset\Hyperspectral_tumor_images\Hyperspectral_kidney_tumor_1532.jpg,1,Tumor,1,Tumor,0.9999933242797852,0.9999933242797852,correct
dataset\Hyperspectral_tumor_images\Hyperspectral_kidney_tumor_0656.jpg,1,Tumor,1,Tumor,0.9999994039535522,0.9999994039535522,correct
dataset\Hyperspectral_tumor_images\Hyperspectral_kidney_tumor_1363.jpg,1,Tumor,1,Tumor,0.9992239475250244,0.9992239475250244,correct
dataset\Hyperspectral_tumor_images\Hyperspectral_kidney_tumor_3282.jpg,1,Tumor,1,Tumor,0.9999622106552124,0.9999622106552124,correct
dataset\Hyperspectral_tumor_images\Hyperspectral_kidney_tumor_4277.jpg,1,Tumor,1,Tumor,0.9997023940086365,0.9997023940086365,correct
dataset\Hyperspectral_tumor_images\Hyperspectral_kidney_tumor_2847.jpg,1,Tumor,1,Tumor,0.977790355682373,0.977790355682373,correct
dataset\Hyperspectral_tumor_images\Hyperspectral_kidney_tumor_0097.jpg,1,Tumor,1,Tumor,0.9998544454574585,0.9998544454574585,correct
dataset\Hyperspectral_normal_images\Hyperspectral_kidney_normal_1793.jpg,0,Normal,0,Normal,0.0019777403213083744,0.9980222596786916,correct
dataset\Hyperspectral_tumor_images\Hyperspectral_kidney_tumor_4641.jpg,1,Tumor,1,Tumor,0.9993042945861816,0.9993042945861816,correct
dataset\Hyperspectral_tumor_images\Hyperspectral_kidney_tumor_3072.jpg,1,Tumor,1,Tumor,0.9999850988388062,0.9999850988388062,correct
dataset\Hyperspectral_tumor_images\Hyperspectral_kidney_tumor_4653.jpg,1,Tumor,1,Tumor,0.9998985528945923,0.9998985528945923,correct
dataset\Hyperspectral_normal_images\Hyperspectral_kidney_normal_3894.jpg,0,Normal,0,Normal,0.20498979091644287,0.7950102090835571,correct
dataset\Hyperspectral_normal_images\Hyperspectral_kidney_normal_0459.jpg,0,Normal,0,Normal,0.004394726827740669,0.9956052731722593,correct
dataset\Hyperspectral_normal_images\Hyperspectral_kidney_normal_2941.jpg,0,Normal,0,Normal,4.483866723603569e-05,0.999955161332764,correct
dataset\Hyperspectral_tumor_images\Hyperspectral_kidney_tumor_1558.jpg,1,Tumor,1,Tumor,0.9899337887763977,0.9899337887763977,correct
dataset\Hyperspectral_normal_images\Hyperspectral_kidney_normal_1333.jpg,0,Normal,0,Normal,4.13964062317973e-06,0.9999958603593768,correct
dataset\Hyperspectral_tumor_images\Hyperspectral_kidney_tumor_4827.jpg,1,Tumor,1,Tumor,0.9991769194602966,0.9991769194602966,correct
dataset\Hyperspectral_tumor_images\Hyperspectral_kidney_tumor_1499.jpg,1,Tumor,1,Tumor,0.9975360631942749,0.9975360631942749,correct
dataset\Hyperspectral_tumor_images\Hyperspectral_kidney_tumor_3509.jpg,1,Tumor,1,Tumor,0.9999892711639404,0.9999892711639404,correct
dataset\Hyperspectral_tumor_images\Hyperspectral_kidney_tumor_0139.jpg,1,Tumor,1,Tumor,0.9935550093650818,0.9935550093650818,correct
dataset\Hyperspectral_tumor_images\Hyperspectral_kidney_tumor_3033.jpg,1,Tumor,1,Tumor,0.9998364448547363,0.9998364448547363,correct
dataset\Hyperspectral_normal_images\Hyperspectral_kidney_normal_2591.jpg,0,Normal,0,Normal,0.0003453973913565278,0.9996546026086435,correct
dataset\Hyperspectral_tumor_images\Hyperspectral_kidney_tumor_3864.jpg,1,Tumor,1,Tumor,0.9999396800994873,0.9999396800994873,correct
dataset\Hyperspectral_normal_images\Hyperspectral_kidney_normal_4878.jpg,0,Normal,0,Normal,0.00032364128855988383,0.9996763587114401,correct
dataset\Hyperspectral_tumor_images\Hyperspectral_kidney_tumor_0601.jpg,1,Tumor,1,Tumor,0.9936029314994812,0.9936029314994812,correct
dataset\Hyperspectral_tumor_images\Hyperspectral_kidney_tumor_0253.jpg,1,Tumor,1,Tumor,0.9984887838363647,0.9984887838363647,correct
dataset\Hyperspectral_tumor_images\Hyperspectral_kidney_tumor_4124.jpg,1,Tumor,1,Tumor,0.9999665021896362,0.9999665021896362,correct
dataset\Hyperspectral_tumor_images\Hyperspectral_kidney_tumor_0852.jpg,1,Tumor,1,Tumor,0.9999915361404419,0.9999915361404419,correct
dataset\Hyperspectral_normal_images\Hyperspectral_kidney_normal_0101.jpg,0,Normal,0,Normal,0.00019246812735218555,0.9998075318726478,correct
dataset\Hyperspectral_tumor_images\Hyperspectral_kidney_tumor_2442.jpg,1,Tumor,1,Tumor,0.9999731779098511,0.9999731779098511,correct
dataset\Hyperspectral_tumor_images\Hyperspectral_kidney_tumor_3038.jpg,1,Tumor,1,Tumor,0.9653406143188477,0.9653406143188477,correct
dataset\Hyperspectral_normal_images\Hyperspectral_kidney_normal_1253.jpg,0,Normal,0,Normal,2.98301711154636e-06,0.9999970169828885,correct
dataset\Hyperspectral_normal_images\Hyperspectral_kidney_normal_3620.jpg,0,Normal,0,Normal,0.00030547648202627897,0.9996945235179737,correct
dataset\Hyperspectral_normal_images\Hyperspectral_kidney_normal_1402.jpg,0,Normal,0,Normal,0.0007437631138600409,0.99925623688614,correct
dataset\Hyperspectral_normal_images\Hyperspectral_kidney_normal_1308.jpg,0,Normal,0,Normal,3.670214027806651e-06,0.9999963297859722,correct
dataset\Hyperspectral_normal_images\Hyperspectral_kidney_normal_2100.jpg,0,Normal,0,Normal,0.2898484170436859,0.7101515829563141,correct
dataset\Hyperspectral_tumor_images\Hyperspectral_kidney_tumor_4205.jpg,1,Tumor,1,Tumor,0.9998165965080261,0.9998165965080261,correct
dataset\Hyperspectral_normal_images\Hyperspectral_kidney_normal_2907.jpg,0,Normal,0,Normal,0.00011351276043569669,0.9998864872395643,correct
dataset\Hyperspectral_tumor_images\Hyperspectral_kidney_tumor_3628.jpg,1,Tumor,1,Tumor,0.9870955944061279,0.9870955944061279,correct
dataset\Hyperspectral_tumor_images\Hyperspectral_kidney_tumor_0427.jpg,1,Tumor,1,Tumor,0.9987909197807312,0.9987909197807312,correct
dataset\Hyperspectral_normal_images\Hyperspectral_kidney_normal_1806.jpg,0,Normal,0,Normal,0.0012256737099960446,0.998774326290004,correct
dataset\Hyperspectral_normal_images\Hyperspectral_kidney_normal_4345.jpg,0,Normal,0,Normal,0.0014630185905843973,0.9985369814094156,correct
dataset\Hyperspectral_normal_images\Hyperspectral_kidney_normal_3454.jpg,0,Normal,0,Normal,0.06588897109031677,0.9341110289096832,correct
dataset\Hyperspectral_tumor_images\Hyperspectral_kidney_tumor_2207.jpg,1,Tumor,1,Tumor,0.9999973773956299,0.9999973773956299,correct
dataset\Hyperspectral_tumor_images\Hyperspectral_kidney_tumor_4401.jpg,1,Tumor,1,Tumor,0.9999549388885498,0.9999549388885498,correct
dataset\Hyperspectral_tumor_images\Hyperspectral_kidney_tumor_2997.jpg,1,Tumor,1,Tumor,0.9979586601257324,0.9979586601257324,correct
dataset\Hyperspectral_normal_images\Hyperspectral_kidney_normal_1274.jpg,0,Normal,0,Normal,4.856834038946545e-06,0.999995143165961,correct
dataset\Hyperspectral_normal_images\Hyperspectral_kidney_normal_2968.jpg,0,Normal,0,Normal,6.262784881982952e-05,0.9999373721511802,correct
dataset\Hyperspectral_tumor_images\Hyperspectral_kidney_tumor_0288.jpg,1,Tumor,1,Tumor,0.9995928406715393,0.9995928406715393,correct
dataset\Hyperspectral_normal_images\Hyperspectral_kidney_normal_3064.jpg,0,Normal,0,Normal,0.000270472199190408,0.9997295278008096,correct
dataset\Hyperspectral_tumor_images\Hyperspectral_kidney_tumor_2934.jpg,1,Tumor,1,Tumor,0.9929310083389282,0.9929310083389282,correct
dataset\Hyperspectral_normal_images\Hyperspectral_kidney_normal_1572.jpg,0,Normal,0,Normal,1.931799852172844e-05,0.9999806820014783,correct
dataset\Hyperspectral_normal_images\Hyperspectral_kidney_normal_3979.jpg,0,Normal,0,Normal,0.0002844807750079781,0.999715519224992,correct
dataset\Hyperspectral_normal_images\Hyperspectral_kidney_normal_3568.jpg,0,Normal,0,Normal,0.00156698958016932,0.9984330104198307,correct
dataset\Hyperspectral_tumor_images\Hyperspectral_kidney_tumor_0391.jpg,1,Tumor,1,Tumor,0.9994390606880188,0.9994390606880188,correct
dataset\Hyperspectral_normal_images\Hyperspectral_kidney_normal_0379.jpg,0,Normal,0,Normal,0.00026592231006361544,0.9997340776899364,correct
dataset\Hyperspectral_tumor_images\Hyperspectral_kidney_tumor_3904.jpg,1,Tumor,1,Tumor,0.9929370284080505,0.9929370284080505,correct
dataset\Hyperspectral_tumor_images\Hyperspectral_kidney_tumor_3762.jpg,1,Tumor,1,Tumor,0.9999750852584839,0.9999750852584839,correct
dataset\Hyperspectral_tumor_images\Hyperspectral_kidney_tumor_4304.jpg,1,Tumor,1,Tumor,0.9997630715370178,0.9997630715370178,correct
dataset\Hyperspectral_tumor_images\Hyperspectral_kidney_tumor_3269.jpg,1,Tumor,1,Tumor,0.984519362449646,0.984519362449646,correct
dataset\Hyperspectral_tumor_images\Hyperspectral_kidney_tumor_4112.jpg,1,Tumor,1,Tumor,0.9984612464904785,0.9984612464904785,correct
dataset\Hyperspectral_tumor_images\Hyperspectral_kidney_tumor_2764.jpg,1,Tumor,1,Tumor,0.9584051966667175,0.9584051966667175,correct
dataset\Hyperspectral_tumor_images\Hyperspectral_kidney_tumor_1854.jpg,1,Tumor,1,Tumor,0.9986187219619751,0.9986187219619751,correct
dataset\Hyperspectral_tumor_images\Hyperspectral_kidney_tumor_0047.jpg,1,Tumor,1,Tumor,0.9710348844528198,0.9710348844528198,correct
dataset\Hyperspectral_tumor_images\Hyperspectral_kidney_tumor_2586.jpg,1,Tumor,1,Tumor,0.9999532699584961,0.9999532699584961,correct
dataset\Hyperspectral_normal_images\Hyperspectral_kidney_normal_0983.jpg,0,Normal,0,Normal,0.3653812110424042,0.6346187889575958,correct
dataset\Hyperspectral_normal_images\Hyperspectral_kidney_normal_4615.jpg,0,Normal,0,Normal,0.01812031865119934,0.9818796813488007,correct
dataset\Hyperspectral_normal_images\Hyperspectral_kidney_normal_0004.jpg,0,Normal,0,Normal,0.0043486542999744415,0.9956513457000256,correct
dataset\Hyperspectral_normal_images\Hyperspectral_kidney_normal_1752.jpg,0,Normal,0,Normal,0.000686930725350976,0.999313069274649,correct
dataset\Hyperspectral_tumor_images\Hyperspectral_kidney_tumor_2815.jpg,1,Tumor,1,Tumor,0.9999231100082397,0.9999231100082397,correct
dataset\Hyperspectral_normal_images\Hyperspectral_kidney_normal_3562.jpg,0,Normal,0,Normal,0.0013564812252297997,0.9986435187747702,correct
dataset\Hyperspectral_tumor_images\Hyperspectral_kidney_tumor_0787.jpg,1,Tumor,1,Tumor,0.9999747276306152,0.9999747276306152,correct
dataset\Hyperspectral_tumor_images\Hyperspectral_kidney_tumor_4034.jpg,1,Tumor,1,Tumor,0.9999986886978149,0.9999986886978149,correct
dataset\Hyperspectral_normal_images\Hyperspectral_kidney_normal_2423.jpg,0,Normal,0,Normal,0.0002724433143157512,0.9997275566856842,correct
dataset\Hyperspectral_tumor_images\Hyperspectral_kidney_tumor_0042.jpg,1,Tumor,1,Tumor,0.9980593323707581,0.9980593323707581,correct
dataset\Hyperspectral_normal_images\Hyperspectral_kidney_normal_0601.jpg,0,Normal,0,Normal,8.900841203285381e-05,0.9999109915879671,correct
dataset\Hyperspectral_normal_images\Hyperspectral_kidney_normal_2477.jpg,0,Normal,0,Normal,0.005096954759210348,0.9949030452407897,correct
dataset\Hyperspectral_normal_images\Hyperspectral_kidney_normal_0417.jpg,0,Normal,0,Normal,0.013600037433207035,0.986399962566793,correct
dataset\Hyperspectral_tumor_images\Hyperspectral_kidney_tumor_2266.jpg,1,Tumor,1,Tumor,0.9988396763801575,0.9988396763801575,correct
dataset\Hyperspectral_normal_images\Hyperspectral_kidney_normal_3272.jpg,0,Normal,0,Normal,2.6820003768079914e-05,0.9999731799962319,correct
dataset\Hyperspectral_normal_images\Hyperspectral_kidney_normal_0989.jpg,0,Normal,0,Normal,0.2598342299461365,0.7401657700538635,correct
dataset\Hyperspectral_tumor_images\Hyperspectral_kidney_tumor_2924.jpg,1,Tumor,1,Tumor,0.9956119060516357,0.9956119060516357,correct
dataset\Hyperspectral_normal_images\Hyperspectral_kidney_normal_4101.jpg,0,Normal,0,Normal,0.00018941106100101024,0.999810588938999,correct
dataset\Hyperspectral_tumor_images\Hyperspectral_kidney_tumor_1076.jpg,1,Tumor,1,Tumor,0.9995275735855103,0.9995275735855103,correct
dataset\Hyperspectral_tumor_images\Hyperspectral_kidney_tumor_0216.jpg,1,Tumor,1,Tumor,0.9999998807907104,0.9999998807907104,correct
dataset\Hyperspectral_tumor_images\Hyperspectral_kidney_tumor_4972.jpg,1,Tumor,1,Tumor,0.998769223690033,0.998769223690033,correct
dataset\Hyperspectral_normal_images\Hyperspectral_kidney_normal_1304.jpg,0,Normal,0,Normal,4.436270046426216e-06,0.9999955637299536,correct
dataset\Hyperspectral_normal_images\Hyperspectral_kidney_normal_4159.jpg,0,Normal,0,Normal,0.00011782187357312068,0.9998821781264269,correct
dataset\Hyperspectral_tumor_images\Hyperspectral_kidney_tumor_0153.jpg,1,Tumor,1,Tumor,0.9961807727813721,0.9961807727813721,correct
dataset\Hyperspectral_normal_images\Hyperspectral_kidney_normal_0330.jpg,0,Normal,0,Normal,0.0006289092707447708,0.9993710907292552,correct
dataset\Hyperspectral_normal_images\Hyperspectral_kidney_normal_2453.jpg,0,Normal,0,Normal,0.010075694881379604,0.9899243051186204,correct
dataset\Hyperspectral_tumor_images\Hyperspectral_kidney_tumor_3319.jpg,1,Tumor,1,Tumor,0.9996320009231567,0.9996320009231567,correct
dataset\Hyperspectral_normal_images\Hyperspectral_kidney_normal_3274.jpg,0,Normal,0,Normal,1.0816228495968971e-05,0.999989183771504,correct
dataset\Hyperspectral_tumor_images\Hyperspectral_kidney_tumor_2343.jpg,1,Tumor,1,Tumor,0.9999798536300659,0.9999798536300659,correct
dataset\Hyperspectral_tumor_images\Hyperspectral_kidney_tumor_0471.jpg,1,Tumor,1,Tumor,0.9998815059661865,0.9998815059661865,correct
dataset\Hyperspectral_tumor_images\Hyperspectral_kidney_tumor_1150.jpg,1,Tumor,1,Tumor,0.9995660185813904,0.9995660185813904,correct
dataset\Hyperspectral_tumor_images\Hyperspectral_kidney_tumor_3374.jpg,1,Tumor,1,Tumor,0.99996018409729,0.99996018409729,correct
dataset\Hyperspectral_tumor_images\Hyperspectral_kidney_tumor_3386.jpg,1,Tumor,1,Tumor,0.995617151260376,0.995617151260376,correct
dataset\Hyperspectral_normal_images\Hyperspectral_kidney_normal_2047.jpg,0,Normal,0,Normal,0.010466467589139938,0.9895335324108601,correct
dataset\Hyperspectral_tumor_images\Hyperspectral_kidney_tumor_2690.jpg,1,Tumor,1,Tumor,0.9994063377380371,0.9994063377380371,correct
dataset\Hyperspectral_tumor_images\Hyperspectral_kidney_tumor_3191.jpg,1,Tumor,1,Tumor,0.9992662072181702,0.9992662072181702,correct
dataset\Hyperspectral_tumor_images\Hyperspectral_kidney_tumor_2079.jpg,1,Tumor,1,Tumor,0.9997946619987488,0.9997946619987488,correct
dataset\Hyperspectral_tumor_images\Hyperspectral_kidney_tumor_2034.jpg,1,Tumor,1,Tumor,0.9977350234985352,0.9977350234985352,correct
dataset\Hyperspectral_tumor_images\Hyperspectral_kidney_tumor_1508.jpg,1,Tumor,1,Tumor,0.9998811483383179,0.9998811483383179,correct
dataset\Hyperspectral_tumor_images\Hyperspectral_kidney_tumor_0572.jpg,1,Tumor,1,Tumor,0.9684789180755615,0.9684789180755615,correct
dataset\Hyperspectral_tumor_images\Hyperspectral_kidney_tumor_1592.jpg,1,Tumor,1,Tumor,0.9995631575584412,0.9995631575584412,correct
dataset\Hyperspectral_tumor_images\Hyperspectral_kidney_tumor_3125.jpg,1,Tumor,1,Tumor,0.9999850988388062,0.9999850988388062,correct
dataset\Hyperspectral_tumor_images\Hyperspectral_kidney_tumor_2596.jpg,1,Tumor,1,Tumor,0.9998284578323364,0.9998284578323364,correct
dataset\Hyperspectral_tumor_images\Hyperspectral_kidney_tumor_0126.jpg,1,Tumor,1,Tumor,0.9998039603233337,0.9998039603233337,correct
dataset\Hyperspectral_tumor_images\Hyperspectral_kidney_tumor_0874.jpg,1,Tumor,1,Tumor,0.998675525188446,0.998675525188446,correct
dataset\Hyperspectral_tumor_images\Hyperspectral_kidney_tumor_1498.jpg,1,Tumor,1,Tumor,0.9972459077835083,0.9972459077835083,correct
dataset\Hyperspectral_normal_images\Hyperspectral_kidney_normal_3982.jpg,0,Normal,0,Normal,0.004390181042253971,0.995609818957746,correct
dataset\Hyperspectral_normal_images\Hyperspectral_kidney_normal_0971.jpg,0,Normal,0,Normal,0.1400355100631714,0.8599644899368286,correct
dataset\Hyperspectral_normal_images\Hyperspectral_kidney_normal_0695.jpg,0,Normal,0,Normal,0.00156969774980098,0.998430302250199,correct
dataset\Hyperspectral_tumor_images\Hyperspectral_kidney_tumor_2328.jpg,1,Tumor,1,Tumor,0.9993109703063965,0.9993109703063965,correct
dataset\Hyperspectral_tumor_images\Hyperspectral_kidney_tumor_1922.jpg,1,Tumor,1,Tumor,0.9992625117301941,0.9992625117301941,correct
dataset\Hyperspectral_normal_images\Hyperspectral_kidney_normal_2663.jpg,0,Normal,0,Normal,0.0005787715199403465,0.9994212284800597,correct
dataset\Hyperspectral_normal_images\Hyperspectral_kidney_normal_2175.jpg,0,Normal,0,Normal,0.0963357612490654,0.9036642387509346,correct
dataset\Hyperspectral_normal_images\Hyperspectral_kidney_normal_4429.jpg,0,Normal,0,Normal,7.344732239289442e-06,0.9999926552677607,correct
dataset\Hyperspectral_normal_images\Hyperspectral_kidney_normal_0635.jpg,0,Normal,0,Normal,0.01042960211634636,0.9895703978836536,correct
dataset\Hyperspectral_normal_images\Hyperspectral_kidney_normal_0886.jpg,0,Normal,0,Normal,0.0042456672526896,0.9957543327473104,correct
dataset\Hyperspectral_tumor_images\Hyperspectral_kidney_tumor_2630.jpg,1,Tumor,1,Tumor,0.9998748302459717,0.9998748302459717,correct
dataset\Hyperspectral_tumor_images\Hyperspectral_kidney_tumor_2158.jpg,1,Tumor,1,Tumor,0.9908237457275391,0.9908237457275391,correct
dataset\Hyperspectral_tumor_images\Hyperspectral_kidney_tumor_4305.jpg,1,Tumor,1,Tumor,0.9970270991325378,0.9970270991325378,correct
dataset\Hyperspectral_normal_images\Hyperspectral_kidney_normal_3589.jpg,0,Normal,0,Normal,0.00014838925562798977,0.999851610744372,correct
dataset\Hyperspectral_tumor_images\Hyperspectral_kidney_tumor_3367.jpg,1,Tumor,1,Tumor,0.9996368885040283,0.9996368885040283,correct
dataset\Hyperspectral_tumor_images\Hyperspectral_kidney_tumor_1861.jpg,1,Tumor,1,Tumor,0.9995484948158264,0.9995484948158264,correct
dataset\Hyperspectral_tumor_images\Hyperspectral_kidney_tumor_4471.jpg,1,Tumor,1,Tumor,0.9926435351371765,0.9926435351371765,correct
dataset\Hyperspectral_normal_images\Hyperspectral_kidney_normal_1632.jpg,0,Normal,0,Normal,1.0354264304623939e-05,0.9999896457356954,correct
dataset\Hyperspectral_normal_images\Hyperspectral_kidney_normal_0364.jpg,0,Normal,0,Normal,0.0002456157235428691,0.9997543842764571,correct
dataset\Hyperspectral_tumor_images\Hyperspectral_kidney_tumor_4509.jpg,1,Tumor,1,Tumor,0.9995844960212708,0.9995844960212708,correct
dataset\Hyperspectral_normal_images\Hyperspectral_kidney_normal_3569.jpg,0,Normal,0,Normal,3.064614793402143e-05,0.999969353852066,correct
dataset\Hyperspectral_normal_images\Hyperspectral_kidney_normal_0569.jpg,0,Normal,0,Normal,0.020754549652338028,0.979245450347662,correct
dataset\Hyperspectral_normal_images\Hyperspectral_kidney_normal_4223.jpg,0,Normal,0,Normal,0.00010809881496243179,0.9998919011850376,correct
dataset\Hyperspectral_tumor_images\Hyperspectral_kidney_tumor_2192.jpg,1,Tumor,1,Tumor,0.9902172684669495,0.9902172684669495,correct
dataset\Hyperspectral_normal_images\Hyperspectral_kidney_normal_0565.jpg,0,Normal,0,Normal,0.000154429319081828,0.9998455706809182,correct
dataset\Hyperspectral_tumor_images\Hyperspectral_kidney_tumor_3283.jpg,1,Tumor,1,Tumor,0.9996907711029053,0.9996907711029053,correct
dataset\Hyperspectral_tumor_images\Hyperspectral_kidney_tumor_1653.jpg,1,Tumor,1,Tumor,0.9959048628807068,0.9959048628807068,correct
dataset\Hyperspectral_tumor_images\Hyperspectral_kidney_tumor_0600.jpg,1,Tumor,1,Tumor,0.9809914231300354,0.9809914231300354,correct
dataset\Hyperspectral_tumor_images\Hyperspectral_kidney_tumor_2773.jpg,1,Tumor,1,Tumor,0.9856287240982056,0.9856287240982056,correct
dataset\Hyperspectral_normal_images\Hyperspectral_kidney_normal_0483.jpg,0,Normal,0,Normal,0.00027531982050277293,0.9997246801794972,correct
dataset\Hyperspectral_tumor_images\Hyperspectral_kidney_tumor_2931.jpg,1,Tumor,1,Tumor,0.9992102384567261,0.9992102384567261,correct
dataset\Hyperspectral_normal_images\Hyperspectral_kidney_normal_0263.jpg,0,Normal,0,Normal,0.4353424906730652,0.5646575093269348,correct
dataset\Hyperspectral_normal_images\Hyperspectral_kidney_normal_2792.jpg,0,Normal,0,Normal,0.008371368050575256,0.9916286319494247,correct
dataset\Hyperspectral_tumor_images\Hyperspectral_kidney_tumor_3408.jpg,1,Tumor,1,Tumor,0.9997653365135193,0.9997653365135193,correct
dataset\Hyperspectral_normal_images\Hyperspectral_kidney_normal_1045.jpg,0,Normal,0,Normal,0.0005267263040877879,0.9994732736959122,correct
dataset\Hyperspectral_tumor_images\Hyperspectral_kidney_tumor_4281.jpg,1,Tumor,1,Tumor,0.9984460473060608,0.9984460473060608,correct
dataset\Hyperspectral_normal_images\Hyperspectral_kidney_normal_3534.jpg,0,Normal,0,Normal,0.0005740011110901833,0.9994259988889098,correct
dataset\Hyperspectral_tumor_images\Hyperspectral_kidney_tumor_2960.jpg,1,Tumor,1,Tumor,0.9993385672569275,0.9993385672569275,correct
dataset\Hyperspectral_tumor_images\Hyperspectral_kidney_tumor_2537.jpg,1,Tumor,1,Tumor,0.9965516328811646,0.9965516328811646,correct
dataset\Hyperspectral_tumor_images\Hyperspectral_kidney_tumor_0519.jpg,1,Tumor,1,Tumor,0.9977050423622131,0.9977050423622131,correct
dataset\Hyperspectral_tumor_images\Hyperspectral_kidney_tumor_1260.jpg,1,Tumor,1,Tumor,0.9998258948326111,0.9998258948326111,correct
dataset\Hyperspectral_tumor_images\Hyperspectral_kidney_tumor_3891.jpg,1,Tumor,1,Tumor,0.9995865225791931,0.9995865225791931,correct
dataset\Hyperspectral_tumor_images\Hyperspectral_kidney_tumor_0059.jpg,1,Tumor,1,Tumor,0.99996018409729,0.99996018409729,correct
dataset\Hyperspectral_normal_images\Hyperspectral_kidney_normal_3378.jpg,0,Normal,0,Normal,0.0008606372866779566,0.999139362713322,correct
dataset\Hyperspectral_tumor_images\Hyperspectral_kidney_tumor_2299.jpg,1,Tumor,1,Tumor,0.9998160004615784,0.9998160004615784,correct
dataset\Hyperspectral_normal_images\Hyperspectral_kidney_normal_4446.jpg,0,Normal,0,Normal,7.059321069391444e-05,0.9999294067893061,correct
dataset\Hyperspectral_normal_images\Hyperspectral_kidney_normal_3022.jpg,0,Normal,0,Normal,9.26300635910593e-05,0.9999073699364089,correct
dataset\Hyperspectral_normal_images\Hyperspectral_kidney_normal_0671.jpg,0,Normal,0,Normal,0.013549396768212318,0.9864506032317877,correct
dataset\Hyperspectral_tumor_images\Hyperspectral_kidney_tumor_4743.jpg,1,Tumor,1,Tumor,0.9981694221496582,0.9981694221496582,correct
dataset\Hyperspectral_tumor_images\Hyperspectral_kidney_tumor_0709.jpg,1,Tumor,1,Tumor,0.9986904263496399,0.9986904263496399,correct
dataset\Hyperspectral_normal_images\Hyperspectral_kidney_normal_0480.jpg,0,Normal,0,Normal,0.03389031067490578,0.9661096893250942,correct
dataset\Hyperspectral_normal_images\Hyperspectral_kidney_normal_2283.jpg,0,Normal,0,Normal,0.001384379924274981,0.998615620075725,correct
dataset\Hyperspectral_tumor_images\Hyperspectral_kidney_tumor_0195.jpg,1,Tumor,1,Tumor,0.9985750913619995,0.9985750913619995,correct
dataset\Hyperspectral_tumor_images\Hyperspectral_kidney_tumor_1884.jpg,1,Tumor,1,Tumor,0.9999905824661255,0.9999905824661255,correct
dataset\Hyperspectral_tumor_images\Hyperspectral_kidney_tumor_0764.jpg,1,Tumor,1,Tumor,0.9995694756507874,0.9995694756507874,correct
dataset\Hyperspectral_normal_images\Hyperspectral_kidney_normal_4952.jpg,0,Normal,0,Normal,0.00030274013988673687,0.9996972598601133,correct
dataset\Hyperspectral_normal_images\Hyperspectral_kidney_normal_4873.jpg,0,Normal,0,Normal,0.0002799380454234779,0.9997200619545765,correct
dataset\Hyperspectral_tumor_images\Hyperspectral_kidney_tumor_0354.jpg,1,Tumor,1,Tumor,0.9984933137893677,0.9984933137893677,correct
dataset\Hyperspectral_normal_images\Hyperspectral_kidney_normal_1254.jpg,0,Normal,0,Normal,3.624875489549595e-06,0.9999963751245105,correct
dataset\Hyperspectral_normal_images\Hyperspectral_kidney_normal_2236.jpg,0,Normal,0,Normal,0.0006884223548695445,0.9993115776451305,correct
dataset\Hyperspectral_normal_images\Hyperspectral_kidney_normal_1290.jpg,0,Normal,0,Normal,2.2437441202782793e-06,0.9999977562558797,correct
dataset\Hyperspectral_tumor_images\Hyperspectral_kidney_tumor_3651.jpg,1,Tumor,1,Tumor,0.9999624490737915,0.9999624490737915,correct
dataset\Hyperspectral_tumor_images\Hyperspectral_kidney_tumor_4546.jpg,1,Tumor,1,Tumor,0.9814904928207397,0.9814904928207397,correct
dataset\Hyperspectral_normal_images\Hyperspectral_kidney_normal_2287.jpg,0,Normal,0,Normal,0.001219318131916225,0.9987806818680838,correct
dataset\Hyperspectral_normal_images\Hyperspectral_kidney_normal_0745.jpg,0,Normal,0,Normal,0.019154472276568413,0.9808455277234316,correct
dataset\Hyperspectral_tumor_images\Hyperspectral_kidney_tumor_2952.jpg,1,Tumor,1,Tumor,0.9998389482498169,0.9998389482498169,correct
dataset\Hyperspectral_normal_images\Hyperspectral_kidney_normal_0562.jpg,0,Normal,0,Normal,0.0001591190230101347,0.9998408809769899,correct
dataset\Hyperspectral_normal_images\Hyperspectral_kidney_normal_2526.jpg,0,Normal,0,Normal,0.01632179692387581,0.9836782030761242,correct
dataset\Hyperspectral_normal_images\Hyperspectral_kidney_normal_4240.jpg,0,Normal,0,Normal,0.23478859663009644,0.7652114033699036,correct
dataset\Hyperspectral_tumor_images\Hyperspectral_kidney_tumor_2963.jpg,1,Tumor,1,Tumor,0.9999784231185913,0.9999784231185913,correct
dataset\Hyperspectral_normal_images\Hyperspectral_kidney_normal_2490.jpg,0,Normal,0,Normal,0.007484239060431719,0.9925157609395683,correct
dataset\Hyperspectral_normal_images\Hyperspectral_kidney_normal_2656.jpg,0,Normal,0,Normal,0.0014937430387362838,0.9985062569612637,correct
dataset\Hyperspectral_normal_images\Hyperspectral_kidney_normal_2534.jpg,0,Normal,0,Normal,0.004673852119594812,0.9953261478804052,correct
dataset\Hyperspectral_tumor_images\Hyperspectral_kidney_tumor_4036.jpg,1,Tumor,1,Tumor,0.9789857864379883,0.9789857864379883,correct
dataset\Hyperspectral_tumor_images\Hyperspectral_kidney_tumor_0892.jpg,1,Tumor,1,Tumor,0.9996896982192993,0.9996896982192993,correct
dataset\Hyperspectral_tumor_images\Hyperspectral_kidney_tumor_2258.jpg,1,Tumor,1,Tumor,0.9980463981628418,0.9980463981628418,correct
dataset\Hyperspectral_normal_images\Hyperspectral_kidney_normal_2765.jpg,0,Normal,0,Normal,0.1891026347875595,0.8108973652124405,correct
dataset\Hyperspectral_normal_images\Hyperspectral_kidney_normal_3631.jpg,0,Normal,0,Normal,3.472579919616692e-05,0.9999652742008038,correct
dataset\Hyperspectral_normal_images\Hyperspectral_kidney_normal_2213.jpg,0,Normal,0,Normal,0.00030205969233065844,0.9996979403076693,correct
dataset\Hyperspectral_tumor_images\Hyperspectral_kidney_tumor_3821.jpg,1,Tumor,1,Tumor,0.9980000853538513,0.9980000853538513,correct
dataset\Hyperspectral_tumor_images\Hyperspectral_kidney_tumor_2054.jpg,1,Tumor,1,Tumor,0.9920600652694702,0.9920600652694702,correct
dataset\Hyperspectral_normal_images\Hyperspectral_kidney_normal_1798.jpg,0,Normal,0,Normal,0.000961820303928107,0.9990381796960719,correct
dataset\Hyperspectral_normal_images\Hyperspectral_kidney_normal_3575.jpg,0,Normal,0,Normal,0.001240516547113657,0.9987594834528863,correct
dataset\Hyperspectral_normal_images\Hyperspectral_kidney_normal_3186.jpg,0,Normal,0,Normal,9.55849391175434e-05,0.9999044150608825,correct
dataset\Hyperspectral_tumor_images\Hyperspectral_kidney_tumor_0672.jpg,1,Tumor,1,Tumor,0.9794890880584717,0.9794890880584717,correct
dataset\Hyperspectral_normal_images\Hyperspectral_kidney_normal_2199.jpg,0,Normal,0,Normal,0.030971162021160126,0.9690288379788399,correct
dataset\Hyperspectral_normal_images\Hyperspectral_kidney_normal_2007.jpg,0,Normal,0,Normal,0.002143735531717539,0.9978562644682825,correct
dataset\Hyperspectral_tumor_images\Hyperspectral_kidney_tumor_0682.jpg,1,Tumor,1,Tumor,0.9995653033256531,0.9995653033256531,correct
dataset\Hyperspectral_normal_images\Hyperspectral_kidney_normal_4840.jpg,0,Normal,0,Normal,0.00013902613136451691,0.9998609738686355,correct
dataset\Hyperspectral_normal_images\Hyperspectral_kidney_normal_2733.jpg,0,Normal,0,Normal,0.13771642744541168,0.8622835725545883,correct
dataset\Hyperspectral_tumor_images\Hyperspectral_kidney_tumor_1683.jpg,1,Tumor,1,Tumor,0.9891987442970276,0.9891987442970276,correct
dataset\Hyperspectral_tumor_images\Hyperspectral_kidney_tumor_3180.jpg,1,Tumor,1,Tumor,0.9999572038650513,0.9999572038650513,correct
dataset\Hyperspectral_tumor_images\Hyperspectral_kidney_tumor_0976.jpg,1,Tumor,1,Tumor,0.9989323019981384,0.9989323019981384,correct
dataset\Hyperspectral_tumor_images\Hyperspectral_kidney_tumor_0055.jpg,1,Tumor,1,Tumor,0.9999934434890747,0.9999934434890747,correct
dataset\Hyperspectral_normal_images\Hyperspectral_kidney_normal_3746.jpg,0,Normal,0,Normal,0.0002015077043324709,0.9997984922956675,correct
dataset\Hyperspectral_normal_images\Hyperspectral_kidney_normal_3265.jpg,0,Normal,0,Normal,9.264861000701785e-05,0.999907351389993,correct
dataset\Hyperspectral_normal_images\Hyperspectral_kidney_normal_0948.jpg,0,Normal,0,Normal,0.3625762462615967,0.6374237537384033,correct
dataset\Hyperspectral_tumor_images\Hyperspectral_kidney_tumor_4597.jpg,1,Tumor,1,Tumor,0.9999855756759644,0.9999855756759644,correct
dataset\Hyperspectral_normal_images\Hyperspectral_kidney_normal_3368.jpg,0,Normal,0,Normal,0.0015480283182114363,0.9984519716817886,correct
dataset\Hyperspectral_tumor_images\Hyperspectral_kidney_tumor_3620.jpg,1,Tumor,1,Tumor,0.9124842286109924,0.9124842286109924,correct
dataset\Hyperspectral_normal_images\Hyperspectral_kidney_normal_4212.jpg,0,Normal,0,Normal,0.00010796551214298233,0.999892034487857,correct
dataset\Hyperspectral_normal_images\Hyperspectral_kidney_normal_0557.jpg,0,Normal,0,Normal,8.317569881910458e-05,0.9999168243011809,correct
dataset\Hyperspectral_normal_images\Hyperspectral_kidney_normal_0760.jpg,0,Normal,0,Normal,0.012353832833468914,0.9876461671665311,correct
dataset\Hyperspectral_normal_images\Hyperspectral_kidney_normal_1559.jpg,0,Normal,0,Normal,2.0411362129379995e-05,0.9999795886378706,correct
dataset\Hyperspectral_tumor_images\Hyperspectral_kidney_tumor_1578.jpg,1,Tumor,1,Tumor,0.9989542961120605,0.9989542961120605,correct
dataset\Hyperspectral_normal_images\Hyperspectral_kidney_normal_2754.jpg,0,Normal,0,Normal,0.10433350503444672,0.8956664949655533,correct
dataset\Hyperspectral_tumor_images\Hyperspectral_kidney_tumor_1932.jpg,1,Tumor,1,Tumor,0.9707362055778503,0.9707362055778503,correct
dataset\Hyperspectral_tumor_images\Hyperspectral_kidney_tumor_0444.jpg,1,Tumor,1,Tumor,0.9904725551605225,0.9904725551605225,correct
dataset\Hyperspectral_tumor_images\Hyperspectral_kidney_tumor_2666.jpg,1,Tumor,1,Tumor,0.9999960660934448,0.9999960660934448,correct
dataset\Hyperspectral_tumor_images\Hyperspectral_kidney_tumor_1641.jpg,1,Tumor,1,Tumor,0.9982892870903015,0.9982892870903015,correct
dataset\Hyperspectral_normal_images\Hyperspectral_kidney_normal_3967.jpg,0,Normal,0,Normal,0.00987484771758318,0.9901251522824168,correct
dataset\Hyperspectral_tumor_images\Hyperspectral_kidney_tumor_4921.jpg,1,Tumor,1,Tumor,0.9996715784072876,0.9996715784072876,correct
dataset\Hyperspectral_normal_images\Hyperspectral_kidney_normal_0768.jpg,0,Normal,0,Normal,0.004250258207321167,0.9957497417926788,correct
dataset\Hyperspectral_normal_images\Hyperspectral_kidney_normal_0356.jpg,0,Normal,0,Normal,0.00037599430652335286,0.9996240056934766,correct
dataset\Hyperspectral_tumor_images\Hyperspectral_kidney_tumor_1320.jpg,1,Tumor,1,Tumor,0.9985195994377136,0.9985195994377136,correct
dataset\Hyperspectral_tumor_images\Hyperspectral_kidney_tumor_0190.jpg,1,Tumor,1,Tumor,0.9999425411224365,0.9999425411224365,correct
dataset\Hyperspectral_normal_images\Hyperspectral_kidney_normal_1517.jpg,0,Normal,0,Normal,2.8286793167353608e-05,0.9999717132068326,correct
dataset\Hyperspectral_tumor_images\Hyperspectral_kidney_tumor_4700.jpg,1,Tumor,1,Tumor,0.9926155805587769,0.9926155805587769,correct
dataset\Hyperspectral_normal_images\Hyperspectral_kidney_normal_4609.jpg,0,Normal,0,Normal,0.26903101801872253,0.7309689819812775,correct
dataset\Hyperspectral_normal_images\Hyperspectral_kidney_normal_3286.jpg,0,Normal,0,Normal,0.0006433731759898365,0.9993566268240102,correct
dataset\Hyperspectral_tumor_images\Hyperspectral_kidney_tumor_3862.jpg,1,Tumor,1,Tumor,0.9996070265769958,0.9996070265769958,correct
dataset\Hyperspectral_normal_images\Hyperspectral_kidney_normal_1889.jpg,0,Normal,1,Tumor,0.5869181156158447,0.5869181156158447,false_positive
dataset\Hyperspectral_tumor_images\Hyperspectral_kidney_tumor_3379.jpg,1,Tumor,1,Tumor,0.9992682337760925,0.9992682337760925,correct
dataset\Hyperspectral_tumor_images\Hyperspectral_kidney_tumor_1694.jpg,1,Tumor,1,Tumor,0.9751549959182739,0.9751549959182739,correct
dataset\Hyperspectral_tumor_images\Hyperspectral_kidney_tumor_0691.jpg,1,Tumor,1,Tumor,0.9868775010108948,0.9868775010108948,correct
dataset\Hyperspectral_tumor_images\Hyperspectral_kidney_tumor_3340.jpg,1,Tumor,1,Tumor,0.9991378784179688,0.9991378784179688,correct
dataset\Hyperspectral_normal_images\Hyperspectral_kidney_normal_2520.jpg,0,Normal,0,Normal,0.011473171412944794,0.9885268285870552,correct
dataset\Hyperspectral_normal_images\Hyperspectral_kidney_normal_0415.jpg,0,Normal,0,Normal,0.006113743409514427,0.9938862565904856,correct
dataset\Hyperspectral_normal_images\Hyperspectral_kidney_normal_1886.jpg,0,Normal,0,Normal,0.32931840419769287,0.6706815958023071,correct
dataset\Hyperspectral_tumor_images\Hyperspectral_kidney_tumor_2332.jpg,1,Tumor,1,Tumor,0.9997169375419617,0.9997169375419617,correct
dataset\Hyperspectral_normal_images\Hyperspectral_kidney_normal_2279.jpg,0,Normal,0,Normal,0.0015797542873769999,0.998420245712623,correct
dataset\Hyperspectral_normal_images\Hyperspectral_kidney_normal_2966.jpg,0,Normal,0,Normal,4.449521657079458e-05,0.9999555047834292,correct
dataset\Hyperspectral_normal_images\Hyperspectral_kidney_normal_0595.jpg,0,Normal,0,Normal,0.00010873359133256599,0.9998912664086674,correct
dataset\Hyperspectral_normal_images\Hyperspectral_kidney_normal_4544.jpg,0,Normal,0,Normal,1.6202315237023868e-05,0.999983797684763,correct
dataset\Hyperspectral_tumor_images\Hyperspectral_kidney_tumor_2664.jpg,1,Tumor,1,Tumor,0.9992544054985046,0.9992544054985046,correct
dataset\Hyperspectral_normal_images\Hyperspectral_kidney_normal_2690.jpg,0,Normal,0,Normal,0.0001633263600524515,0.9998366736399475,correct
dataset\Hyperspectral_tumor_images\Hyperspectral_kidney_tumor_2027.jpg,1,Tumor,1,Tumor,0.9993348717689514,0.9993348717689514,correct
dataset\Hyperspectral_tumor_images\Hyperspectral_kidney_tumor_0351.jpg,1,Tumor,1,Tumor,0.9999912977218628,0.9999912977218628,correct
dataset\Hyperspectral_normal_images\Hyperspectral_kidney_normal_2067.jpg,0,Normal,0,Normal,0.0007862205966375768,0.9992137794033624,correct
dataset\Hyperspectral_normal_images\Hyperspectral_kidney_normal_1426.jpg,0,Normal,0,Normal,0.016879815608263016,0.983120184391737,correct
dataset\Hyperspectral_tumor_images\Hyperspectral_kidney_tumor_3901.jpg,1,Tumor,1,Tumor,0.9969567060470581,0.9969567060470581,correct
dataset\Hyperspectral_tumor_images\Hyperspectral_kidney_tumor_1486.jpg,1,Tumor,1,Tumor,0.9972215890884399,0.9972215890884399,correct
dataset\Hyperspectral_tumor_images\Hyperspectral_kidney_tumor_4636.jpg,1,Tumor,1,Tumor,0.9994955062866211,0.9994955062866211,correct
dataset\Hyperspectral_tumor_images\Hyperspectral_kidney_tumor_3226.jpg,1,Tumor,1,Tumor,0.9925315976142883,0.9925315976142883,correct
dataset\Hyperspectral_tumor_images\Hyperspectral_kidney_tumor_1923.jpg,1,Tumor,1,Tumor,0.9996294975280762,0.9996294975280762,correct
dataset\Hyperspectral_tumor_images\Hyperspectral_kidney_tumor_2384.jpg,1,Tumor,1,Tumor,0.9998886585235596,0.9998886585235596,correct
dataset\Hyperspectral_tumor_images\Hyperspectral_kidney_tumor_2156.jpg,1,Tumor,1,Tumor,0.9932044744491577,0.9932044744491577,correct
dataset\Hyperspectral_tumor_images\Hyperspectral_kidney_tumor_1596.jpg,1,Tumor,1,Tumor,0.9994127750396729,0.9994127750396729,correct
dataset\Hyperspectral_normal_images\Hyperspectral_kidney_normal_1773.jpg,0,Normal,0,Normal,0.000850867189001292,0.9991491328109987,correct
dataset\Hyperspectral_normal_images\Hyperspectral_kidney_normal_2578.jpg,0,Normal,0,Normal,7.94383668107912e-05,0.9999205616331892,correct
dataset\Hyperspectral_normal_images\Hyperspectral_kidney_normal_0646.jpg,0,Normal,0,Normal,0.011489981785416603,0.9885100182145834,correct
dataset\Hyperspectral_tumor_images\Hyperspectral_kidney_tumor_1669.jpg,1,Tumor,1,Tumor,0.9997507929801941,0.9997507929801941,correct
dataset\Hyperspectral_tumor_images\Hyperspectral_kidney_tumor_0826.jpg,1,Tumor,1,Tumor,0.9999440908432007,0.9999440908432007,correct
dataset\Hyperspectral_tumor_images\Hyperspectral_kidney_tumor_4661.jpg,1,Tumor,1,Tumor,0.9946932196617126,0.9946932196617126,correct
dataset\Hyperspectral_normal_images\Hyperspectral_kidney_normal_4958.jpg,0,Normal,0,Normal,9.818484249990433e-05,0.9999018151575001,correct
dataset\Hyperspectral_normal_images\Hyperspectral_kidney_normal_1876.jpg,0,Normal,0,Normal,0.004221633076667786,0.9957783669233322,correct
dataset\Hyperspectral_tumor_images\Hyperspectral_kidney_tumor_3124.jpg,1,Tumor,1,Tumor,0.9970510005950928,0.9970510005950928,correct
dataset\Hyperspectral_tumor_images\Hyperspectral_kidney_tumor_0049.jpg,1,Tumor,1,Tumor,0.9991004467010498,0.9991004467010498,correct
dataset\Hyperspectral_tumor_images\Hyperspectral_kidney_tumor_1273.jpg,1,Tumor,1,Tumor,0.9997360110282898,0.9997360110282898,correct
dataset\Hyperspectral_tumor_images\Hyperspectral_kidney_tumor_1097.jpg,1,Tumor,1,Tumor,0.9999288320541382,0.9999288320541382,correct
dataset\Hyperspectral_tumor_images\Hyperspectral_kidney_tumor_0783.jpg,1,Tumor,1,Tumor,0.9994921684265137,0.9994921684265137,correct
dataset\Hyperspectral_normal_images\Hyperspectral_kidney_normal_2461.jpg,0,Normal,0,Normal,0.005267958622425795,0.9947320413775742,correct
dataset\Hyperspectral_tumor_images\Hyperspectral_kidney_tumor_2845.jpg,1,Tumor,1,Tumor,0.9987863898277283,0.9987863898277283,correct
dataset\Hyperspectral_tumor_images\Hyperspectral_kidney_tumor_3919.jpg,1,Tumor,1,Tumor,0.9906704425811768,0.9906704425811768,correct
dataset\Hyperspectral_tumor_images\Hyperspectral_kidney_tumor_2820.jpg,1,Tumor,1,Tumor,0.9985209107398987,0.9985209107398987,correct
dataset\Hyperspectral_normal_images\Hyperspectral_kidney_normal_4547.jpg,0,Normal,0,Normal,2.7047033654525876e-05,0.9999729529663455,correct
dataset\Hyperspectral_normal_images\Hyperspectral_kidney_normal_3407.jpg,0,Normal,0,Normal,0.00047398850438185036,0.9995260114956181,correct
dataset\Hyperspectral_normal_images\Hyperspectral_kidney_normal_4351.jpg,0,Normal,0,Normal,0.002660588826984167,0.9973394111730158,correct
dataset\Hyperspectral_normal_images\Hyperspectral_kidney_normal_4744.jpg,0,Normal,0,Normal,0.0004705846367869526,0.999529415363213,correct
dataset\Hyperspectral_tumor_images\Hyperspectral_kidney_tumor_4823.jpg,1,Tumor,1,Tumor,0.999671220779419,0.999671220779419,correct
dataset\Hyperspectral_tumor_images\Hyperspectral_kidney_tumor_1726.jpg,1,Tumor,1,Tumor,0.999992847442627,0.999992847442627,correct
dataset\Hyperspectral_tumor_images\Hyperspectral_kidney_tumor_4243.jpg,1,Tumor,1,Tumor,0.9999830722808838,0.9999830722808838,correct
dataset\Hyperspectral_tumor_images\Hyperspectral_kidney_tumor_1290.jpg,1,Tumor,1,Tumor,0.999879002571106,0.999879002571106,correct
dataset\Hyperspectral_tumor_images\Hyperspectral_kidney_tumor_2128.jpg,1,Tumor,1,Tumor,0.99983811378479,0.99983811378479,correct
dataset\Hyperspectral_normal_images\Hyperspectral_kidney_normal_3153.jpg,0,Normal,0,Normal,6.606921670027077e-05,0.9999339307832997,correct
dataset\Hyperspectral_normal_images\Hyperspectral_kidney_normal_4553.jpg,0,Normal,0,Normal,1.3647474588651676e-05,0.9999863525254113,correct
dataset\Hyperspectral_tumor_images\Hyperspectral_kidney_tumor_2835.jpg,1,Tumor,1,Tumor,0.981002926826477,0.981002926826477,correct
dataset\Hyperspectral_normal_images\Hyperspectral_kidney_normal_4425.jpg,0,Normal,0,Normal,9.99032363324659e-06,0.9999900096763668,correct
dataset\Hyperspectral_normal_images\Hyperspectral_kidney_normal_3060.jpg,0,Normal,0,Normal,0.00017752581334207207,0.9998224741866579,correct
dataset\Hyperspectral_tumor_images\Hyperspectral_kidney_tumor_3179.jpg,1,Tumor,1,Tumor,0.9999454021453857,0.9999454021453857,correct
dataset\Hyperspectral_tumor_images\Hyperspectral_kidney_tumor_0417.jpg,1,Tumor,1,Tumor,0.9968959093093872,0.9968959093093872,correct
dataset\Hyperspectral_normal_images\Hyperspectral_kidney_normal_4174.jpg,0,Normal,0,Normal,8.752619760343805e-05,0.9999124738023966,correct
dataset\Hyperspectral_tumor_images\Hyperspectral_kidney_tumor_4212.jpg,1,Tumor,1,Tumor,0.9992862343788147,0.9992862343788147,correct
dataset\Hyperspectral_tumor_images\Hyperspectral_kidney_tumor_4088.jpg,1,Tumor,1,Tumor,0.9999947547912598,0.9999947547912598,correct
dataset\Hyperspectral_normal_images\Hyperspectral_kidney_normal_0018.jpg,0,Normal,0,Normal,0.0006187950493767858,0.9993812049506232,correct
dataset\Hyperspectral_normal_images\Hyperspectral_kidney_normal_2176.jpg,0,Normal,0,Normal,0.08474443107843399,0.915255568921566,correct
dataset\Hyperspectral_tumor_images\Hyperspectral_kidney_tumor_2877.jpg,1,Tumor,1,Tumor,0.9919137954711914,0.9919137954711914,correct
dataset\Hyperspectral_normal_images\Hyperspectral_kidney_normal_1363.jpg,0,Normal,0,Normal,5.120248260936933e-06,0.9999948797517391,correct
dataset\Hyperspectral_normal_images\Hyperspectral_kidney_normal_2447.jpg,0,Normal,0,Normal,0.0004800395399797708,0.9995199604600202,correct
dataset\Hyperspectral_normal_images\Hyperspectral_kidney_normal_0046.jpg,0,Normal,0,Normal,0.0009971072431653738,0.9990028927568346,correct
dataset\Hyperspectral_tumor_images\Hyperspectral_kidney_tumor_1594.jpg,1,Tumor,1,Tumor,0.9999755620956421,0.9999755620956421,correct
dataset\Hyperspectral_normal_images\Hyperspectral_kidney_normal_0581.jpg,0,Normal,0,Normal,0.0001854483998613432,0.9998145516001387,correct
dataset\Hyperspectral_tumor_images\Hyperspectral_kidney_tumor_4106.jpg,1,Tumor,1,Tumor,0.9999997615814209,0.9999997615814209,correct
dataset\Hyperspectral_tumor_images\Hyperspectral_kidney_tumor_1104.jpg,1,Tumor,1,Tumor,0.9997687935829163,0.9997687935829163,correct
dataset\Hyperspectral_normal_images\Hyperspectral_kidney_normal_4753.jpg,0,Normal,0,Normal,0.0005654513370245695,0.9994345486629754,correct
dataset\Hyperspectral_normal_images\Hyperspectral_kidney_normal_3560.jpg,0,Normal,0,Normal,0.0026341057382524014,0.9973658942617476,correct
dataset\Hyperspectral_normal_images\Hyperspectral_kidney_normal_1864.jpg,0,Normal,0,Normal,0.0005642922478727996,0.9994357077521272,correct
dataset\Hyperspectral_tumor_images\Hyperspectral_kidney_tumor_3216.jpg,1,Tumor,1,Tumor,0.9788329005241394,0.9788329005241394,correct
dataset\Hyperspectral_tumor_images\Hyperspectral_kidney_tumor_4701.jpg,1,Tumor,1,Tumor,0.9963430762290955,0.9963430762290955,correct
dataset\Hyperspectral_normal_images\Hyperspectral_kidney_normal_4968.jpg,0,Normal,0,Normal,0.00015035993419587612,0.9998496400658041,correct
dataset\Hyperspectral_tumor_images\Hyperspectral_kidney_tumor_0441.jpg,1,Tumor,1,Tumor,0.9993384480476379,0.9993384480476379,correct
dataset\Hyperspectral_normal_images\Hyperspectral_kidney_normal_2865.jpg,0,Normal,0,Normal,0.0001405774091836065,0.9998594225908164,correct
dataset\Hyperspectral_normal_images\Hyperspectral_kidney_normal_1073.jpg,0,Normal,0,Normal,0.0005728848045691848,0.9994271151954308,correct
dataset\Hyperspectral_normal_images\Hyperspectral_kidney_normal_2153.jpg,0,Normal,0,Normal,0.11915522068738937,0.8808447793126106,correct
dataset\Hyperspectral_tumor_images\Hyperspectral_kidney_tumor_3604.jpg,1,Tumor,1,Tumor,0.9999678134918213,0.9999678134918213,correct
dataset\Hyperspectral_tumor_images\Hyperspectral_kidney_tumor_4283.jpg,1,Tumor,1,Tumor,0.9961078763008118,0.9961078763008118,correct
dataset\Hyperspectral_normal_images\Hyperspectral_kidney_normal_1578.jpg,0,Normal,0,Normal,2.4508066417183727e-05,0.9999754919335828,correct
dataset\Hyperspectral_normal_images\Hyperspectral_kidney_normal_2705.jpg,0,Normal,0,Normal,0.0002979178389068693,0.9997020821610931,correct
dataset\Hyperspectral_normal_images\Hyperspectral_kidney_normal_1784.jpg,0,Normal,0,Normal,0.0014602752635255456,0.9985397247364745,correct
dataset\Hyperspectral_normal_images\Hyperspectral_kidney_normal_4828.jpg,0,Normal,0,Normal,0.0005256259464658797,0.9994743740535341,correct
dataset\Hyperspectral_tumor_images\Hyperspectral_kidney_tumor_3439.jpg,1,Tumor,1,Tumor,0.99974125623703,0.99974125623703,correct
dataset\Hyperspectral_normal_images\Hyperspectral_kidney_normal_4827.jpg,0,Normal,0,Normal,0.0003237375640310347,0.999676262435969,correct
dataset\Hyperspectral_tumor_images\Hyperspectral_kidney_tumor_4200.jpg,1,Tumor,1,Tumor,0.9953540563583374,0.9953540563583374,correct
dataset\Hyperspectral_tumor_images\Hyperspectral_kidney_tumor_3995.jpg,1,Tumor,1,Tumor,0.9851434826850891,0.9851434826850891,correct
dataset\Hyperspectral_tumor_images\Hyperspectral_kidney_tumor_4422.jpg,1,Tumor,1,Tumor,0.9997000694274902,0.9997000694274902,correct
dataset\Hyperspectral_normal_images\Hyperspectral_kidney_normal_3243.jpg,0,Normal,0,Normal,0.0019960098434239626,0.998003990156576,correct
dataset\Hyperspectral_normal_images\Hyperspectral_kidney_normal_4161.jpg,0,Normal,0,Normal,0.0001270798675250262,0.999872920132475,correct
dataset\Hyperspectral_normal_images\Hyperspectral_kidney_normal_3728.jpg,0,Normal,0,Normal,4.05483806389384e-05,0.9999594516193611,correct
dataset\Hyperspectral_tumor_images\Hyperspectral_kidney_tumor_1725.jpg,1,Tumor,1,Tumor,0.9987006187438965,0.9987006187438965,correct
dataset\Hyperspectral_normal_images\Hyperspectral_kidney_normal_4504.jpg,0,Normal,0,Normal,2.792538180074189e-05,0.9999720746181993,correct
dataset\Hyperspectral_tumor_images\Hyperspectral_kidney_tumor_3162.jpg,1,Tumor,1,Tumor,0.9999985694885254,0.9999985694885254,correct
dataset\Hyperspectral_tumor_images\Hyperspectral_kidney_tumor_0618.jpg,1,Tumor,1,Tumor,0.9998383522033691,0.9998383522033691,correct
dataset\Hyperspectral_normal_images\Hyperspectral_kidney_normal_0654.jpg,0,Normal,0,Normal,3.4386271181574557e-06,0.9999965613728818,correct
dataset\Hyperspectral_normal_images\Hyperspectral_kidney_normal_1960.jpg,0,Normal,0,Normal,0.0030656836461275816,0.9969343163538724,correct
dataset\Hyperspectral_normal_images\Hyperspectral_kidney_normal_3846.jpg,0,Normal,0,Normal,0.0007936671609058976,0.9992063328390941,correct
dataset\Hyperspectral_normal_images\Hyperspectral_kidney_normal_4819.jpg,0,Normal,0,Normal,0.0002308670082129538,0.999769132991787,correct
dataset\Hyperspectral_tumor_images\Hyperspectral_kidney_tumor_3322.jpg,1,Tumor,1,Tumor,0.9999872446060181,0.9999872446060181,correct
dataset\Hyperspectral_tumor_images\Hyperspectral_kidney_tumor_0698.jpg,1,Tumor,1,Tumor,0.9986415505409241,0.9986415505409241,correct
dataset\Hyperspectral_normal_images\Hyperspectral_kidney_normal_2117.jpg,0,Normal,0,Normal,0.16694754362106323,0.8330524563789368,correct
dataset\Hyperspectral_normal_images\Hyperspectral_kidney_normal_0946.jpg,0,Normal,0,Normal,0.010313637554645538,0.9896863624453545,correct
dataset\Hyperspectral_tumor_images\Hyperspectral_kidney_tumor_3121.jpg,1,Tumor,1,Tumor,0.9894885420799255,0.9894885420799255,correct
dataset\Hyperspectral_tumor_images\Hyperspectral_kidney_tumor_2064.jpg,1,Tumor,1,Tumor,0.9999408721923828,0.9999408721923828,correct
dataset\Hyperspectral_normal_images\Hyperspectral_kidney_normal_2882.jpg,0,Normal,0,Normal,0.000200928290723823,0.9997990717092762,correct
dataset\Hyperspectral_normal_images\Hyperspectral_kidney_normal_3146.jpg,0,Normal,0,Normal,5.451311881188303e-05,0.9999454868811881,correct
dataset\Hyperspectral_normal_images\Hyperspectral_kidney_normal_2282.jpg,0,Normal,0,Normal,0.0019244783325120807,0.9980755216674879,correct
dataset\Hyperspectral_tumor_images\Hyperspectral_kidney_tumor_2112.jpg,1,Tumor,1,Tumor,0.9999744892120361,0.9999744892120361,correct
dataset\Hyperspectral_tumor_images\Hyperspectral_kidney_tumor_0963.jpg,1,Tumor,1,Tumor,0.9782016277313232,0.9782016277313232,correct
dataset\Hyperspectral_normal_images\Hyperspectral_kidney_normal_2620.jpg,0,Normal,0,Normal,9.718451474327594e-05,0.9999028154852567,correct
dataset\Hyperspectral_normal_images\Hyperspectral_kidney_normal_0992.jpg,0,Normal,0,Normal,0.21493974328041077,0.7850602567195892,correct
dataset\Hyperspectral_normal_images\Hyperspectral_kidney_normal_1035.jpg,0,Normal,0,Normal,0.02325369417667389,0.9767463058233261,correct
dataset\Hyperspectral_normal_images\Hyperspectral_kidney_normal_3995.jpg,0,Normal,0,Normal,0.0017877343343570828,0.9982122656656429,correct
dataset\Hyperspectral_normal_images\Hyperspectral_kidney_normal_4016.jpg,0,Normal,0,Normal,0.0005496159428730607,0.9994503840571269,correct
dataset\Hyperspectral_tumor_images\Hyperspectral_kidney_tumor_2090.jpg,1,Tumor,1,Tumor,0.9998339414596558,0.9998339414596558,correct
dataset\Hyperspectral_normal_images\Hyperspectral_kidney_normal_1441.jpg,0,Normal,0,Normal,0.040356818586587906,0.9596431814134121,correct
dataset\Hyperspectral_normal_images\Hyperspectral_kidney_normal_1267.jpg,0,Normal,0,Normal,4.0502841329725925e-06,0.999995949715867,correct
dataset\Hyperspectral_normal_images\Hyperspectral_kidney_normal_2640.jpg,0,Normal,0,Normal,0.00023326280643232167,0.9997667371935677,correct
dataset\Hyperspectral_normal_images\Hyperspectral_kidney_normal_1093.jpg,0,Normal,0,Normal,0.00027224209043197334,0.999727757909568,correct
dataset\Hyperspectral_normal_images\Hyperspectral_kidney_normal_1134.jpg,0,Normal,0,Normal,0.00013901035708840936,0.9998609896429116,correct
dataset\Hyperspectral_tumor_images\Hyperspectral_kidney_tumor_4537.jpg,1,Tumor,1,Tumor,0.9789592623710632,0.9789592623710632,correct
dataset\Hyperspectral_tumor_images\Hyperspectral_kidney_tumor_3109.jpg,1,Tumor,1,Tumor,0.9880412817001343,0.9880412817001343,correct
dataset\Hyperspectral_tumor_images\Hyperspectral_kidney_tumor_3962.jpg,1,Tumor,1,Tumor,0.9999150037765503,0.9999150037765503,correct
dataset\Hyperspectral_normal_images\Hyperspectral_kidney_normal_2752.jpg,0,Normal,0,Normal,0.07599149644374847,0.9240085035562515,correct
dataset\Hyperspectral_tumor_images\Hyperspectral_kidney_tumor_4272.jpg,1,Tumor,1,Tumor,0.9993725419044495,0.9993725419044495,correct
dataset\Hyperspectral_tumor_images\Hyperspectral_kidney_tumor_0563.jpg,1,Tumor,1,Tumor,0.9998260140419006,0.9998260140419006,correct
dataset\Hyperspectral_tumor_images\Hyperspectral_kidney_tumor_1440.jpg,1,Tumor,1,Tumor,0.9994640946388245,0.9994640946388245,correct
dataset\Hyperspectral_tumor_images\Hyperspectral_kidney_tumor_2291.jpg,1,Tumor,1,Tumor,0.9998944997787476,0.9998944997787476,correct
dataset\Hyperspectral_normal_images\Hyperspectral_kidney_normal_1443.jpg,0,Normal,0,Normal,0.016651012003421783,0.9833489879965782,correct
dataset\Hyperspectral_normal_images\Hyperspectral_kidney_normal_4678.jpg,0,Normal,0,Normal,0.010526904836297035,0.989473095163703,correct
dataset\Hyperspectral_normal_images\Hyperspectral_kidney_normal_2058.jpg,0,Normal,0,Normal,0.0021892585791647434,0.9978107414208353,correct
dataset\Hyperspectral_tumor_images\Hyperspectral_kidney_tumor_4458.jpg,1,Tumor,1,Tumor,0.9997376799583435,0.9997376799583435,correct
dataset\Hyperspectral_tumor_images\Hyperspectral_kidney_tumor_1475.jpg,1,Tumor,1,Tumor,0.999984860420227,0.999984860420227,correct
dataset\Hyperspectral_tumor_images\Hyperspectral_kidney_tumor_0044.jpg,1,Tumor,1,Tumor,0.9006887674331665,0.9006887674331665,correct
dataset\Hyperspectral_normal_images\Hyperspectral_kidney_normal_2031.jpg,0,Normal,0,Normal,0.013999558985233307,0.9860004410147667,correct
dataset\Hyperspectral_tumor_images\Hyperspectral_kidney_tumor_1357.jpg,1,Tumor,1,Tumor,0.9845554232597351,0.9845554232597351,correct
dataset\Hyperspectral_tumor_images\Hyperspectral_kidney_tumor_0073.jpg,1,Tumor,1,Tumor,0.999432384967804,0.999432384967804,correct
dataset\Hyperspectral_tumor_images\Hyperspectral_kidney_tumor_1278.jpg,1,Tumor,1,Tumor,0.9949684739112854,0.9949684739112854,correct
dataset\Hyperspectral_tumor_images\Hyperspectral_kidney_tumor_0003.jpg,1,Tumor,1,Tumor,0.9992825388908386,0.9992825388908386,correct
dataset\Hyperspectral_tumor_images\Hyperspectral_kidney_tumor_2956.jpg,1,Tumor,1,Tumor,0.9995236396789551,0.9995236396789551,correct
dataset\Hyperspectral_normal_images\Hyperspectral_kidney_normal_3025.jpg,0,Normal,0,Normal,4.2538202251307666e-05,0.9999574617977487,correct
dataset\Hyperspectral_normal_images\Hyperspectral_kidney_normal_1375.jpg,0,Normal,0,Normal,6.965285137994215e-06,0.999993034714862,correct
dataset\Hyperspectral_normal_images\Hyperspectral_kidney_normal_1243.jpg,0,Normal,1,Tumor,0.8331949710845947,0.8331949710845947,false_positive
dataset\Hyperspectral_tumor_images\Hyperspectral_kidney_tumor_3240.jpg,1,Tumor,1,Tumor,0.9991801381111145,0.9991801381111145,correct
dataset\Hyperspectral_tumor_images\Hyperspectral_kidney_tumor_3899.jpg,1,Tumor,1,Tumor,0.9966918230056763,0.9966918230056763,correct
dataset\Hyperspectral_tumor_images\Hyperspectral_kidney_tumor_3631.jpg,1,Tumor,1,Tumor,0.9999548196792603,0.9999548196792603,correct
dataset\Hyperspectral_normal_images\Hyperspectral_kidney_normal_0874.jpg,0,Normal,0,Normal,0.007411737460643053,0.992588262539357,correct
dataset\Hyperspectral_normal_images\Hyperspectral_kidney_normal_1504.jpg,0,Normal,0,Normal,2.310432682861574e-05,0.9999768956731714,correct
dataset\Hyperspectral_normal_images\Hyperspectral_kidney_normal_1634.jpg,0,Normal,0,Normal,7.211884167190874e-06,0.9999927881158328,correct
dataset\Hyperspectral_tumor_images\Hyperspectral_kidney_tumor_1198.jpg,1,Tumor,1,Tumor,0.9970108270645142,0.9970108270645142,correct
dataset\Hyperspectral_normal_images\Hyperspectral_kidney_normal_4394.jpg,0,Normal,0,Normal,2.7326364943291992e-05,0.9999726736350567,correct
dataset\Hyperspectral_normal_images\Hyperspectral_kidney_normal_1043.jpg,0,Normal,0,Normal,0.0006899533327668905,0.9993100466672331,correct
dataset\Hyperspectral_normal_images\Hyperspectral_kidney_normal_2402.jpg,0,Normal,0,Normal,0.0007116975612007082,0.9992883024387993,correct
dataset\Hyperspectral_tumor_images\Hyperspectral_kidney_tumor_0687.jpg,1,Tumor,1,Tumor,0.9992761015892029,0.9992761015892029,correct
dataset\Hyperspectral_tumor_images\Hyperspectral_kidney_tumor_1636.jpg,1,Tumor,1,Tumor,0.9972004890441895,0.9972004890441895,correct
dataset\Hyperspectral_tumor_images\Hyperspectral_kidney_tumor_2116.jpg,1,Tumor,1,Tumor,0.9999959468841553,0.9999959468841553,correct
dataset\Hyperspectral_normal_images\Hyperspectral_kidney_normal_0258.jpg,0,Normal,0,Normal,3.3317769521090668e-06,0.9999966682230479,correct
dataset\Hyperspectral_tumor_images\Hyperspectral_kidney_tumor_0754.jpg,1,Tumor,1,Tumor,0.9904356002807617,0.9904356002807617,correct
dataset\Hyperspectral_tumor_images\Hyperspectral_kidney_tumor_2139.jpg,1,Tumor,1,Tumor,0.9999972581863403,0.9999972581863403,correct
dataset\Hyperspectral_tumor_images\Hyperspectral_kidney_tumor_2976.jpg,1,Tumor,1,Tumor,0.9996041655540466,0.9996041655540466,correct
dataset\Hyperspectral_normal_images\Hyperspectral_kidney_normal_3330.jpg,0,Normal,0,Normal,0.0016739448765292764,0.9983260551234707,correct
dataset\Hyperspectral_tumor_images\Hyperspectral_kidney_tumor_0235.jpg,1,Tumor,1,Tumor,0.9997550845146179,0.9997550845146179,correct
dataset\Hyperspectral_tumor_images\Hyperspectral_kidney_tumor_1389.jpg,1,Tumor,1,Tumor,0.9992122650146484,0.9992122650146484,correct
dataset\Hyperspectral_tumor_images\Hyperspectral_kidney_tumor_4757.jpg,1,Tumor,1,Tumor,0.9963538646697998,0.9963538646697998,correct
dataset\Hyperspectral_normal_images\Hyperspectral_kidney_normal_0843.jpg,0,Normal,0,Normal,0.0018787758890539408,0.9981212241109461,correct
dataset\Hyperspectral_normal_images\Hyperspectral_kidney_normal_1908.jpg,0,Normal,0,Normal,0.190485879778862,0.809514120221138,correct
dataset\Hyperspectral_tumor_images\Hyperspectral_kidney_tumor_2945.jpg,1,Tumor,1,Tumor,0.9669354557991028,0.9669354557991028,correct
dataset\Hyperspectral_tumor_images\Hyperspectral_kidney_tumor_3725.jpg,1,Tumor,1,Tumor,0.9987620115280151,0.9987620115280151,correct
dataset\Hyperspectral_normal_images\Hyperspectral_kidney_normal_1101.jpg,0,Normal,0,Normal,0.08221174031496048,0.9177882596850395,correct
dataset\Hyperspectral_normal_images\Hyperspectral_kidney_normal_1937.jpg,0,Normal,0,Normal,0.002442598808556795,0.9975574011914432,correct
dataset\Hyperspectral_tumor_images\Hyperspectral_kidney_tumor_2986.jpg,1,Tumor,1,Tumor,0.9999887943267822,0.9999887943267822,correct
dataset\Hyperspectral_normal_images\Hyperspectral_kidney_normal_2974.jpg,0,Normal,0,Normal,7.195811485871673e-05,0.9999280418851413,correct
dataset\Hyperspectral_tumor_images\Hyperspectral_kidney_tumor_2604.jpg,1,Tumor,1,Tumor,0.9985608458518982,0.9985608458518982,correct
dataset\Hyperspectral_tumor_images\Hyperspectral_kidney_tumor_4507.jpg,1,Tumor,1,Tumor,0.9868683815002441,0.9868683815002441,correct
dataset\Hyperspectral_normal_images\Hyperspectral_kidney_normal_3626.jpg,0,Normal,0,Normal,0.0001889244158519432,0.9998110755841481,correct
dataset\Hyperspectral_normal_images\Hyperspectral_kidney_normal_3856.jpg,0,Normal,0,Normal,7.531278697570087e-06,0.9999924687213024,correct
dataset\Hyperspectral_tumor_images\Hyperspectral_kidney_tumor_3963.jpg,1,Tumor,1,Tumor,0.9984403252601624,0.9984403252601624,correct
dataset\Hyperspectral_tumor_images\Hyperspectral_kidney_tumor_2301.jpg,1,Tumor,1,Tumor,0.999884843826294,0.999884843826294,correct
dataset\Hyperspectral_tumor_images\Hyperspectral_kidney_tumor_2572.jpg,1,Tumor,1,Tumor,0.999995231628418,0.999995231628418,correct
dataset\Hyperspectral_normal_images\Hyperspectral_kidney_normal_0877.jpg,0,Normal,0,Normal,0.008768442086875439,0.9912315579131246,correct
dataset\Hyperspectral_normal_images\Hyperspectral_kidney_normal_4090.jpg,0,Normal,0,Normal,0.00022598876967094839,0.999774011230329,correct
dataset\Hyperspectral_tumor_images\Hyperspectral_kidney_tumor_4132.jpg,1,Tumor,1,Tumor,0.9999934434890747,0.9999934434890747,correct
dataset\Hyperspectral_tumor_images\Hyperspectral_kidney_tumor_3515.jpg,1,Tumor,1,Tumor,0.9978482723236084,0.9978482723236084,correct
dataset\Hyperspectral_tumor_images\Hyperspectral_kidney_tumor_4346.jpg,1,Tumor,1,Tumor,0.9971573352813721,0.9971573352813721,correct
dataset\Hyperspectral_normal_images\Hyperspectral_kidney_normal_4838.jpg,0,Normal,0,Normal,0.00012674029858317226,0.9998732597014168,correct
dataset\Hyperspectral_tumor_images\Hyperspectral_kidney_tumor_0578.jpg,1,Tumor,1,Tumor,0.9992859959602356,0.9992859959602356,correct
dataset\Hyperspectral_tumor_images\Hyperspectral_kidney_tumor_1459.jpg,1,Tumor,1,Tumor,0.9994032382965088,0.9994032382965088,correct
dataset\Hyperspectral_normal_images\Hyperspectral_kidney_normal_1222.jpg,0,Normal,0,Normal,0.3135860562324524,0.6864139437675476,correct
